Title	Author_Name	Number_Of_Pages	Cover_Image_URL	PDF_Download_URL	Audio_Play_URL	Audio_Download_URL
Bahare Khuld Manzoom Translation of Shumaile Tirmidhi by Molana Kafi Shaheed	N/A	168	https://www.alahazratnetwork.org/wp-content/uploads/2026/05/Title-Diwane-Kafi.jpg	https://www.alahazratnetwork.org/download/bahare-khuld-manzoom-translation-of-shumaile-tirmidhi-by-molana-kafi-shaheed/?wpdmdl=33339&refresh=6a74565a43b091786009178		
Khayabae Firdos Der Bayan Fazayile Durood Shareef by Hazrat kafi Shaheed	N/A	45	https://www.alahazratnetwork.org/wp-content/uploads/2026/05/Title-Khayabne-Ferdous.jpg	https://www.alahazratnetwork.org/download/khayabae-firdos-der-bayan-fazayile-durood-shareef-by-hazrat-kafi-shaheed/?wpdmdl=33352&refresh=6a74565a5e28d1786009178		
???? ??????? ????? ??????? ?? ????? ????? ??????	N/A	474	https://www.alahazratnetwork.org/wp-content/uploads/2026/04/Title-Behjatul-Asrar-wa-Madanal-Anwar.jpg	https://www.alahazratnetwork.org/download/%d8%a8%d9%87%d8%ac%d8%a9-%d8%a7%d9%84%d8%a3%d8%b3%d8%b1%d8%a7%d8%b1-%d9%88%d9%85%d8%b9%d8%af%d9%86-%d8%a7%d9%84%d8%a3%d9%86%d9%88%d8%a7%d8%b1-%d9%81%d9%8a-%d9%85%d9%86%d8%a7%d9%82%d8%a8-%d8%a7%d9%84/?wpdmdl=33309&refresh=6a745659e5c661786009177		
??? ?? ??? ?? ?????? ?????? ?? ??????	N/A	64	https://www.alahazratnetwork.org/wp-content/uploads/2026/04/baaz-ma-qeela-Title.jpg	https://www.alahazratnetwork.org/download/%d8%a8%d8%b9%d8%b6-%d9%85%d8%a7-%d9%82%d9%8a%d9%84-%d9%81%d9%8a-%d8%a7%d9%84%d9%85%d9%88%d9%84%d8%af-%d8%a7%d9%84%d8%b4%d8%b1%d9%8a%d9%81-%d9%87%d9%84-%d9%86%d8%ad%d8%aa%d9%81%d9%84%d8%9f/?wpdmdl=33267&refresh=6a745a97e36971786010263		
?????????? ??? ????? ?????? ????? Kanzul Iman aur Maroof Tarajim-e-Quran	N/A	777	https://www.alahazratnetwork.org/wp-content/uploads/2026/04/Title-Kanzul-Iman-aur-Maroof-Tarjame-Quran.jpg	https://www.alahazratnetwork.org/download/%da%a9%d9%86%d8%b2%d8%a7%d9%84%d8%a7%db%8c%d9%85%d8%a7%d9%86-%d8%a7%d9%88%d8%b1-%d9%85%d8%b9%d8%b1%d9%88%d9%81-%d8%aa%d8%b1%d8%a7%d8%ac%d9%85%d9%90-%d9%82%d8%b1%d8%a2%d9%86-kanzul-iman-aur-maroof-tara/?wpdmdl=33295&refresh=6a745a97e1cd51786010263		
???? ?????? ????? ??????	N/A	81	https://www.alahazratnetwork.org/wp-content/uploads/2026/04/Bushra-al-Kaeeb-biliqal-Habib.jpg	https://www.alahazratnetwork.org/download/%d8%a8%d8%b4%d8%b1%d9%89-%d8%a7%d9%84%d9%83%d8%a6%d9%8a%d8%a8-%d8%a8%d9%84%d9%82%d8%a7%d8%a1-%d8%a7%d9%84%d8%ad%d8%a8%d9%8a%d8%a8/?wpdmdl=33262&refresh=6a745a9d42e471786010269		
Diwane Kafi ????? ????	N/A	282	https://www.alahazratnetwork.org/wp-content/uploads/2026/05/Diwanie-Kafi-Title.jpg	https://www.alahazratnetwork.org/download/diwane-kafi-%d8%af%db%8c%d9%88%d8%a7%d9%86-%da%a9%d8%a7%d9%81%db%8c/?wpdmdl=33335&refresh=6a745a984f08b1786010264		
???? ??????? ???? ???? ????? ??????? ??????? ??? ???????	N/A	178	https://www.alahazratnetwork.org/wp-content/uploads/2026/04/Title-Behjatul-Arwah.jpg	https://www.alahazratnetwork.org/download/%d8%a8%d9%87%d8%ac%d8%a9-%d8%a7%d9%84%d8%a3%d8%b1%d9%88%d8%a7%d8%ad-%d9%81%d9%8a%d9%85%d8%a7-%d9%8a%d8%b4%d8%ba%d9%81-%d8%a7%d9%84%d9%82%d9%84%d8%a8-%d8%a8%d8%a7%d9%84%d8%ad%d8%a8%d9%8a%d8%a8-%d8%a7/?wpdmdl=33304&refresh=6a745a98456fa1786010264		
????? ??????? ?? ???? ???????	N/A	85	https://www.alahazratnetwork.org/wp-content/uploads/2026/04/Bashair-ul-Akhyaar-fi-Mawlid.jpg	https://www.alahazratnetwork.org/download/%d8%a8%d8%b4%d8%a7%d8%a6%d8%b1-%d8%a7%d9%84%d8%a3%d8%ae%d9%8a%d8%a7%d8%b1-%d9%81%d9%8a-%d9%85%d9%88%d9%84%d8%af-%d8%a7%d9%84%d9%85%d8%ae%d8%aa%d8%a7%d8%b1/?wpdmdl=33254&refresh=6a745aa0ad2831786010272		
?????? ???????	N/A	82	https://www.alahazratnetwork.org/wp-content/uploads/2026/04/AlMolad-al-Muhammadi-Title.jpg	https://www.alahazratnetwork.org/download/%d8%a7%d9%84%d9%85%d9%88%d9%84%d8%af-%d8%a7%d9%84%d9%85%d8%ad%d9%85%d8%af%d9%8a/?wpdmdl=33249&refresh=6a745aa230b0b1786010274		
??????? ????????	N/A	244	https://www.alahazratnetwork.org/wp-content/uploads/2026/03/Fazail-al-Muhammadiyyah-Title.png	https://www.alahazratnetwork.org/download/%d8%a7%d9%84%d9%81%d8%b6%d8%a7%d8%a6%d9%84-%d8%a7%d9%84%d9%85%d8%ad%d9%85%d8%af%d9%8a%d8%a9-download/?wpdmdl=33222&refresh=6a745aa405e741786010276		
??????? ? ???????	N/A	128	https://www.alahazratnetwork.org/wp-content/uploads/2026/03/AlIman-Wal-Islam-Alahazrat-Ahmad-Raza.png	https://www.alahazratnetwork.org/download/%d8%a7%d9%84%d8%a5%d9%8a%d9%85%d8%a7%d9%86-%d9%88-%d8%a7%d9%84%d8%a5%d8%b3%d9%84%d8%a7%d9%85-download/?wpdmdl=33208&refresh=6a745aa72ac611786010279		
?????? ?? ??? ??????	N/A	683	https://www.alahazratnetwork.org/wp-content/uploads/2026/03/Al-Umda-Fi-Sharha-al-Burda-Title.png	https://www.alahazratnetwork.org/download/%d8%a7%d9%84%d8%b9%d9%85%d8%af%d8%a9-%d9%81%d9%8a-%d8%b4%d8%b1%d8%ad-%d8%a7%d9%84%d8%a8%d8%b1%d8%af%d8%a9-download/?wpdmdl=33211&refresh=6a745aa50a6ad1786010277		
????? ??? ?????? ???????? ?????? ?????? ??????	N/A	344	https://www.alahazratnetwork.org/wp-content/uploads/2026/03/AlShaikh-Abdul-Qadir-Title.jpg	https://www.alahazratnetwork.org/download/%d8%a7%d9%84%d8%b4%d9%8a%d8%ae-%d8%b9%d8%a8%d8%af-%d8%a7%d9%84%d9%82%d8%a7%d8%af%d8%b1-%d8%a7%d9%84%d8%ac%d9%8a%d9%84%d8%a7%d9%86%d9%8a-%d8%a7%d9%84%d8%a5%d9%85%d8%a7%d9%85-%d8%a7%d9%84%d8%b2%d8%a7/?wpdmdl=33071&refresh=6a745aa9c2dc71786010281		
??????? ???????? ?? ??????? ???????	N/A	140	https://www.alahazratnetwork.org/wp-content/uploads/2026/03/Al-Fatawal-Mukhtara-min-Fatawa-Razaviah.png	https://www.alahazratnetwork.org/download/%d8%a7%d9%84%d9%81%d8%aa%d8%a7%d9%88%d9%89-%d8%a7%d9%84%d9%85%d8%ae%d8%aa%d8%a7%d8%b1%d8%a9-%d9%85%d9%86-%d8%a7%d9%84%d9%81%d8%aa%d8%a7%d9%88%d9%89-%d8%a7%d9%84%d8%b1%d8%b6%d9%88%d9%8a%d8%a9-download/?wpdmdl=33218&refresh=6a745aa460e691786010276		
??????? ????????	N/A	254	https://www.alahazratnetwork.org/wp-content/uploads/2026/03/AlShumail-Muhammadia-Title.jpg	https://www.alahazratnetwork.org/download/%d8%a7%d9%84%d8%b4%d9%85%d8%a7%d8%a6%d9%84-%d8%a7%d9%84%d9%85%d8%ad%d9%85%d8%af%d9%8a%d8%a9-download/?wpdmdl=33064&refresh=6a745aaed71b41786010286		
????? ?????? ?? ??? ??????	N/A	71	https://www.alahazratnetwork.org/wp-content/uploads/2026/03/AlRauzul-Aneeq-fi-Fazal-Siddiq-Title.jpg	https://www.alahazratnetwork.org/download/%d8%a7%d9%84%d8%b1%d9%88%d8%b6-%d8%a7%d9%84%d8%a3%d9%86%d9%8a%d9%82-%d9%81%d9%8a-%d9%81%d8%b6%d9%84-%d8%a7%d9%84%d8%b5%d8%af%d9%8a%d9%82-download/?wpdmdl=33049&refresh=6a745ab14303c1786010289		
????? ?????? ???? ??????? – ????? ??????	N/A	189	https://www.alahazratnetwork.org/wp-content/uploads/2026/03/AlShifa-Kitabul-Shifa-Title.jpg	https://www.alahazratnetwork.org/download/%d8%a7%d9%84%d8%b4%d9%81%d8%a7-%d8%a8%d8%aa%d8%b9%d8%b1%d9%8a%d9%81-%d8%ad%d9%82%d9%88%d9%82-%d8%a7%d9%84%d9%85%d8%b5%d8%b7%d9%81%d9%89-%d8%a7%d9%84%d8%ac%d8%b2%d8%a1-%d8%a7%d9%84%d8%ab%d8%a7%d9%86/?wpdmdl=33057&refresh=6a745ab0b633e1786010288		
????? ?????? ???? ??????? – ????? ??????	N/A	234	https://www.alahazratnetwork.org/wp-content/uploads/2026/03/AlShifa-Kitabul-Shifa-Title.jpg	https://www.alahazratnetwork.org/download/%d8%a7%d9%84%d8%b4%d9%81%d8%a7-%d8%a8%d8%aa%d8%b9%d8%b1%d9%8a%d9%81-%d8%ad%d9%82%d9%88%d9%82-%d8%a7%d9%84%d9%85%d8%b5%d8%b7%d9%81%d9%89-%d8%a7%d9%84%d8%ac%d8%b2%d8%a1-%d8%a7%d9%84%d8%a7%d9%88%d9%91/?wpdmdl=33054&refresh=6a745ab10fe571786010289		
?????? ???? ??????	N/A	320	https://www.alahazratnetwork.org/wp-content/uploads/2026/03/Dua-Adab-Title.jpg	https://www.alahazratnetwork.org/download/%d8%a7%d9%84%d8%af%d8%b9%d8%a7%d8%a1-%d9%81%d8%b6%d9%84%d9%87-%d9%88%d8%a2%d8%af%d8%a7%d8%a8%d9%87-download/?wpdmdl=33043&refresh=6a745ab4921061786010292		
???? ??????? ?? ??????? ??????? – ????? ??????	N/A	670	https://www.alahazratnetwork.org/wp-content/uploads/2026/03/Durre-Mansoor-3rd-Volume-Title.jpg	https://www.alahazratnetwork.org/download/%d8%a7%d9%84%d8%af%d8%b1-%d8%a7%d9%84%d9%85%d9%86%d8%ab%d9%88%d8%b1-%d9%81%d9%8a-%d8%a7%d9%84%d8%aa%d9%81%d8%b3%d9%8a%d8%b1-%d8%a7%d9%84%d9%85%d8%a7%d8%ab%d9%88%d8%b1-%d8%a7%d9%84%d8%ac%d8%b2%d8%a1-3/?wpdmdl=33036&refresh=6a745ab5c25d11786010293		
???? ??????? ?? ??????? ??????? – ????? ??????	N/A	800	https://www.alahazratnetwork.org/wp-content/uploads/2026/03/Durre-Mansoor-2nd-Volume-Title.jpg	https://www.alahazratnetwork.org/download/%d8%a7%d9%84%d8%af%d8%b1-%d8%a7%d9%84%d9%85%d9%86%d8%ab%d9%88%d8%b1-%d9%81%d9%8a-%d8%a7%d9%84%d8%aa%d9%81%d8%b3%d9%8a%d8%b1-%d8%a7%d9%84%d9%85%d8%a7%d8%ab%d9%88%d8%b1-%d8%a7%d9%84%d8%ac%d8%b2%d8%a1-2/?wpdmdl=33032&refresh=6a745ab6b50e01786010294		
??????? ?????? ?? ????? ?????? ?????? ??? ????? ???????	N/A	193	https://www.alahazratnetwork.org/wp-content/uploads/2026/03/AlKhairat-ul-Hisan-Title.jpg	https://www.alahazratnetwork.org/download/%d8%a7%d9%84%d8%ae%d9%8a%d8%b1%d8%a7%d8%aa-%d8%a7%d9%84%d8%ad%d8%b3%d8%a7%d9%86-%d9%81%d9%8a-%d9%85%d9%86%d8%a7%d9%82%d8%a8-%d8%a7%d9%84%d8%a5%d9%85%d8%a7%d9%85-%d8%a7%d9%84%d8%a3%d8%b9%d8%b8%d9%85/?wpdmdl=33022&refresh=6a745abaeb16c1786010298		
???? ??????? ?? ??????? ??????? – ????? ??????	N/A	813	https://www.alahazratnetwork.org/wp-content/uploads/2026/03/Durre-Mansoor-1st-Volume-Title.jpg	https://www.alahazratnetwork.org/download/%d8%a7%d9%84%d8%af%d8%b1-%d8%a7%d9%84%d9%85%d9%86%d8%ab%d9%88%d8%b1-%d9%81%d9%8a-%d8%a7%d9%84%d8%aa%d9%81%d8%b3%d9%8a%d8%b1-%d8%a7%d9%84%d9%85%d8%a7%d8%ab%d9%88%d8%b1-%d8%a7%d9%84%d8%ac%d8%b2%d8%a1/?wpdmdl=33027&refresh=6a745ab7663321786010295		
??????? ?????? – ????? ??????	N/A	471	https://www.alahazratnetwork.org/wp-content/uploads/2026/03/AlKhasisul-Kubra_Title.jpg	https://www.alahazratnetwork.org/download/%d8%a7%d9%84%d8%ae%d8%b5%d8%a7%d8%a6%d8%b5-%d8%a7%d9%84%d9%83%d8%a8%d8%b1%d9%89-%d8%a7%d9%84%d8%ac%d8%b2%d8%a1-%d8%a7%d9%84%d8%a7%d9%88%d9%91%d9%84/?wpdmdl=33017&refresh=6a745abd4d2e41786010301		
???? ??? ??? ???? ??????	N/A	152	https://www.alahazratnetwork.org/wp-content/uploads/2026/03/AlHajj-ela-Baitillah-Title.jpg	https://www.alahazratnetwork.org/download/%d8%a7%d9%84%d8%ad%d8%ac-%d8%a5%d9%84%d9%89-%d8%a8%d9%8a%d8%aa-%d8%a7%d9%84%d9%84%d9%87-%d8%a7%d9%84%d8%ad%d8%b1%d8%a7%d9%85/?wpdmdl=33012&refresh=6a745ac01a69d1786010304		
?????? ?????? ?? ????? ????? ?????? ??????	N/A	151	https://www.alahazratnetwork.org/wp-content/uploads/2026/03/AlJauharulMunzaam_Title.jpg	https://www.alahazratnetwork.org/download/%d8%a7%d9%84%d8%ac%d9%88%d9%87%d8%b1-%d8%a7%d9%84%d9%85%d9%86%d8%b8%d9%85-%d9%81%d9%8a-%d8%b2%d9%8a%d8%a7%d8%b1%d8%a9-%d8%a7%d9%84%d9%82%d8%a8%d8%b1-%d8%a7%d9%84%d8%b4%d8%b1%d9%8a%d9%81-%d8%a7%d9%84/?wpdmdl=33004&refresh=6a745ac1527b21786010305		
???????? ?? ????????	N/A	106	https://www.alahazratnetwork.org/wp-content/uploads/2026/03/AlIqtisad_Title.jpg	https://www.alahazratnetwork.org/download/%d8%a7%d9%84%d8%a7%d9%82%d8%aa%d8%b5%d8%a7%d8%af-%d9%81%d9%8a-%d8%a7%d9%84%d8%a7%d8%b9%d8%aa%d9%82%d8%a7%d8%af/?wpdmdl=32998&refresh=6a745ac3b8a241786010307		
??????? ?? ????? ??????? – ????????	N/A	159	https://www.alahazratnetwork.org/wp-content/uploads/2026/03/AlUsaba-Fi-Tamiz-Sahab-Title.jpg	https://www.alahazratnetwork.org/download/%d8%a7%d9%84%d8%a5%d8%b5%d8%a7%d8%a8%d8%a9-%d9%81%d9%8a-%d8%aa%d9%85%d9%8a%d9%8a%d8%b2-%d8%a7%d9%84%d8%b5%d8%ad%d8%a7%d8%a8%d8%a9-%d8%a7%d9%84%d9%85%d9%82%d8%af%d9%91%d9%85%d8%a9-download/?wpdmdl=32979&refresh=6a745ac3b9c591786010307		
???????? Al-Awliya	N/A	56	https://www.alahazratnetwork.org/wp-content/uploads/2026/03/AlAuliya-Title.jpg	https://www.alahazratnetwork.org/download/%d8%a7%d9%84%d8%a3%d9%88%d9%84%d9%8a%d8%a7%d8%a1-al-awliya/?wpdmdl=32974&refresh=6a745ac5619b51786010309		
????? ?????? ??????? ?????? Al-Awj al-Shamikh	N/A	28	https://www.alahazratnetwork.org/wp-content/uploads/2026/03/AlAujulShamikh_Title.jpg	https://www.alahazratnetwork.org/download/%d8%a7%d9%84%d8%a3%d9%88%d8%ac-%d8%a7%d9%84%d8%b4%d8%a7%d9%85%d8%ae-%d9%88%d8%a7%d9%84%d9%85%d9%82%d8%a7%d9%85-%d8%a7%d9%84%d8%a8%d8%a7%d8%b0%d8%ae-al-awj-al-shamikh-download/?wpdmdl=32969&refresh=6a745ac6964631786010310		
??????? ?? ????? ????? ??????? – ???????	N/A	76	https://www.alahazratnetwork.org/wp-content/uploads/2026/03/Muqadma-AlAnwar-fi-Shumail-AlNabiyil-Mukhtar-Title.jpg	https://www.alahazratnetwork.org/download/%d8%a7%d9%84%d8%a3%d9%86%d9%88%d8%a7%d8%b1-%d9%81%d9%8a-%d8%b4%d9%85%d8%a7%d8%a6%d9%84-%d8%a7%d9%84%d9%86%d8%a8%d9%8a-%d8%a7%d9%84%d9%85%d8%ae%d8%aa%d8%a7%d8%b1-%d8%a7%d9%84%d9%85%d9%82%d8%af%d9%85/?wpdmdl=32963&refresh=6a745ac8f37581786010312		
????? ?????? ?? ??? ??? ??????? Al-Ayat al-Kubra	N/A	48	https://www.alahazratnetwork.org/wp-content/uploads/2026/03/Ayatul-Kubra-Fi-Sharha-Qissat-ul-Asra-Title.jpg	https://www.alahazratnetwork.org/download/%d8%a7%d9%84%d8%a2%d9%8a%d8%a9-%d8%a7%d9%84%d9%83%d8%a8%d8%b1%d9%89-%d9%81%d9%8a-%d8%b4%d8%b1%d8%ad-%d9%82%d8%b5%d8%a9-%d8%a7%d9%84%d8%a5%d8%b3%d8%b1%d8%a7%d8%a1-al-ayat-al-kubra-download/?wpdmdl=32945&refresh=6a745acb12a7a1786010315		
??????? ?? ????? ????? ??????? Al-Anwar fi Shama’ile Nabiyil Mukhtar	N/A	898	https://www.alahazratnetwork.org/wp-content/uploads/2026/03/AlAnwar-fi-Shumail-AlNabiyil-Mukhtar-Title.jpg	https://www.alahazratnetwork.org/download/%d8%a7%d9%84%d8%a3%d9%86%d9%88%d8%a7%d8%b1-%d9%81%d9%8a-%d8%b4%d9%85%d8%a7%d8%a6%d9%84-%d8%a7%d9%84%d9%86%d8%a8%d9%8a-%d8%a7%d9%84%d9%85%d8%ae%d8%aa%d8%a7%d8%b1-al-anwar-fi-shamaile-nabiyil-mukhtar/?wpdmdl=32957&refresh=6a745ac91aa171786010313		
????? ?????? ??????? Alfiyyat al-Sirah al-Nabawiyyah	N/A	177	https://www.alahazratnetwork.org/wp-content/uploads/2026/03/Title-Alfiyyah-Seerah-Al-Nabaviyyah.jpg	https://www.alahazratnetwork.org/download/%d8%a3%d9%84%d9%81%d9%8a%d8%a9-%d8%a7%d9%84%d8%b3%d9%8a%d8%b1%d8%a9-%d8%a7%d9%84%d9%86%d8%a8%d9%88%d9%8a%d8%a9-alfiyyat-al-sirah-al-nabawiyyah/?wpdmdl=32940&refresh=6a745acd9cbc71786010317		
??????? ?? ???? ??? ??????? Al-Adhkar	N/A	736	https://www.alahazratnetwork.org/wp-content/uploads/2026/03/AlAzkar-min-Kalame-Sayyidi-Abrar-Title.jpg	https://www.alahazratnetwork.org/download/%d8%a7%d9%84%d8%a3%d8%b0%d9%83%d8%a7%d8%b1-%d9%85%d9%86-%d9%83%d9%84%d8%a7%d9%85-%d8%b3%d9%8a%d8%af-%d8%a7%d9%84%d8%a3%d8%a8%d8%b1%d8%a7%d8%b1-al-adhkar/?wpdmdl=32952&refresh=6a745ac9e168a1786010313		
????? ??????? ????? ?????? ???? ???????? ?? ??????	N/A	198	https://www.alahazratnetwork.org/wp-content/uploads/2026/03/Title-Aqtabul-Tasawwuf-Sufyan-Sauri.jpg	https://www.alahazratnetwork.org/download/%d8%a3%d9%82%d8%b7%d8%a7%d8%a8-%d8%a7%d9%84%d8%aa%d8%b5%d9%88%d9%91%d8%a8-%d8%b3%d9%81%d9%8a%d8%a7%d9%86-%d8%a7%d9%84%d8%ab%d9%88%d8%b1%d9%8a-%d8%a3%d9%85%d9%8a%d8%b1-%d8%a7%d9%84%d9%85%d8%a4%d9%85/?wpdmdl=32933&refresh=6a745ad0255791786010320		
Jaddul Mummtar Ala Raddul Muhtar Volume 7 ?? ??????? ???? ?? ??????? ??? ??????	N/A	417	https://www.alahazratnetwork.org/wp-content/uploads/2026/03/Jaddul-Mumtar-Vol.7.jpg	https://www.alahazratnetwork.org/download/jaddul-mummtar-ala-raddul-muhtar-volume-7-%d8%ac%d8%af-%d8%a7%d9%84%d9%85%d9%85%d8%aa%d8%a7%d8%b1-%d8%b9%d9%84%db%8c%d9%b0-%d8%b1%d8%af-%d8%a7%d9%84%d9%85%d8%ad%d8%aa%d8%a7%d8%b1-%d8%ac%d9%84%d8%af/?wpdmdl=32813&refresh=6a745ad32f5b91786010323		
Jaddul Mummtar Ala Raddul Muhtar Volume 5 ?? ??????? ???? ?? ??????? ??? ??????	N/A	633	https://www.alahazratnetwork.org/wp-content/uploads/2026/03/Jaddul-Mumtar-Vol.5.jpg	https://www.alahazratnetwork.org/download/jaddul-mummtar-ala-raddul-muhtar-volume-5-%d8%ac%d8%af-%d8%a7%d9%84%d9%85%d9%85%d8%aa%d8%a7%d8%b1-%d8%b9%d9%84%db%8c%d9%b0-%d8%b1%d8%af-%d8%a7%d9%84%d9%85%d8%ad%d8%aa%d8%a7%d8%b1-%d8%ac%d9%84%d8%af/?wpdmdl=32803&refresh=6a745ad5eb5de1786010325		
Jaddul Mummtar Ala Raddul Muhtar Volume 6 ?? ??????? ???? ?? ??????? ??? ??????	N/A	523	https://www.alahazratnetwork.org/wp-content/uploads/2026/03/Jaddul-Mumtar-Vol.6.jpg	https://www.alahazratnetwork.org/download/jaddul-mummtar-ala-raddul-muhtar-volume-6-%d8%ac%d8%af-%d8%a7%d9%84%d9%85%d9%85%d8%aa%d8%a7%d8%b1-%d8%b9%d9%84%db%8c%d9%b0-%d8%b1%d8%af-%d8%a7%d9%84%d9%85%d8%ad%d8%aa%d8%a7%d8%b1-%d8%ac%d9%84%d8%af/?wpdmdl=32807&refresh=6a745ad47d8fe1786010324		
Jaddul Mummtar Ala Raddul Muhtar Volume 4 ?? ??????? ???? ?? ??????? ??? ??????	N/A	742	https://www.alahazratnetwork.org/wp-content/uploads/2026/03/Jaddul-Mumtar-Vol.4.jpg	https://www.alahazratnetwork.org/download/jaddul-mummtar-ala-raddul-muhtar-volume-4-%d8%ac%d8%af-%d8%a7%d9%84%d9%85%d9%85%d8%aa%d8%a7%d8%b1-%d8%b9%d9%84%db%8c%d9%b0-%d8%b1%d8%af-%d8%a7%d9%84%d9%85%d8%ad%d8%aa%d8%a7%d8%b1-%d8%ac%d9%84%d8%af/?wpdmdl=32801&refresh=6a745adabb6561786010330		
????? ???? ?????? Asbab Nuzul al-Qur’	N/A		https://www.alahazratnetwork.org/wp-content/uploads/2026/03/Asbab-Nuzool-ul-Quran-Title.jpg	https://www.alahazratnetwork.org/download/%d8%a3%d8%b3%d8%a8%d8%a7%d8%a8-%d9%86%d8%b2%d9%88%d9%84-%d8%a7%d9%84%d9%82%d8%b1%d8%a2%d9%86-asbab-nuzul-al-quran/?wpdmdl=32823&refresh=6a74a42b7292f1786029099		
Jaddul Mummtar Ala Raddul Muhtar Volume 3 ?? ??????? ???? ?? ??????? ??? ??????	N/A	770	https://www.alahazratnetwork.org/wp-content/uploads/2026/03/Jaddul-Mumtar-3.jpg	https://www.alahazratnetwork.org/download/jaddul-mummtar-ala-raddul-muhtar-volume-3-%d8%ac%d8%af-%d8%a7%d9%84%d9%85%d9%85%d8%aa%d8%a7%d8%b1-%d8%b9%d9%84%db%8c%d9%b0-%d8%b1%d8%af-%d8%a7%d9%84%d9%85%d8%ad%d8%aa%d8%a7%d8%b1-%d8%ac%d9%84%d8%af/?wpdmdl=32798&refresh=6a745addd5f831786010333		
Jaddul Mummtar Ala Raddul Muhtar Volume 2 ?? ??????? ???? ?? ??????? ??? ??????	N/A	440	https://www.alahazratnetwork.org/wp-content/uploads/2026/03/Jaddul-Mumtar-2.jpg	https://www.alahazratnetwork.org/download/jaddul-mummtar-ala-raddul-muhtar-volume-2-%d8%ac%d8%af-%d8%a7%d9%84%d9%85%d9%85%d8%aa%d8%a7%d8%b1-%d8%b9%d9%84%db%8c%d9%b0-%d8%b1%d8%af-%d8%a7%d9%84%d9%85%d8%ad%d8%aa%d8%a7%d8%b1-%d8%ac%d9%84%d8%af/?wpdmdl=32792&refresh=6a745ae08d6fd1786010336		
Jaddul Mummtar Ala Raddul Muhtar Volume 1 ?? ??????? ???? ?? ??????? ??? ?????	N/A	588	https://www.alahazratnetwork.org/wp-content/uploads/2026/03/Jaddul-Mumtar-1.jpg	https://www.alahazratnetwork.org/download/jaddul-mummtar-ala-raddul-muhtar-volume-1-%d8%ac%d8%af-%d8%a7%d9%84%d9%85%d9%85%d8%aa%d8%a7%d8%b1-%d8%b9%d9%84%db%8c%d9%b0-%d8%b1%d8%af-%d8%a7%d9%84%d9%85%d8%ad%d8%aa%d8%a7%d8%b1-%d8%ac%d9%84%d8%af/?wpdmdl=32784&refresh=6a745ae3a7dec1786010339		
?????? ?????	N/A	26	https://www.alahazratnetwork.org/wp-content/uploads/2026/03/Title-Khutbate-Razaviah.jpg	https://www.alahazratnetwork.org/download/khutbate_razaviah/?wpdmdl=32756&refresh=6a745ae7981371786010343		
???? ????? ? ????? ?????	N/A	5	https://www.alahazratnetwork.org/wp-content/uploads/2026/03/Title-Zike-Ashab-wa-duae-ahbab.jpg	https://www.alahazratnetwork.org/download/%d8%b0%da%a9%d8%b1%d9%90-%d8%a7%d8%b5%d8%ad%d8%a7%d8%a8-%d9%88-%d8%af%d8%b9%d8%a7%d8%a6%db%92-%d8%a7%d8%ad%d8%a8%d8%a7%d8%a8-download/?wpdmdl=32741&refresh=6a745aef66afe1786010351		
????? ????	N/A	56	https://www.alahazratnetwork.org/wp-content/uploads/2026/03/Title-Wasaya-Sharif.jpg	https://www.alahazratnetwork.org/download/%d9%88%d8%b5%d8%a7%d9%8a%d8%a7-%d8%b4%d8%b1%d9%8a%d9%81-download/?wpdmdl=32748&refresh=6a745aed82c3b1786010349		
????? ???? ?????	N/A	77	https://www.alahazratnetwork.org/wp-content/uploads/2026/03/Izhar_ul_Haq_AlJali_Title.jpg	https://www.alahazratnetwork.org/download/%d8%a7%d8%b8%db%81%d8%a7%d8%b1-%d8%a7%d9%84%d8%ad%d9%82-%d8%a7%d9%84%d8%ac%d9%84%db%8c/?wpdmdl=32767&refresh=6a745ae51801d1786010341		
???? ??????? ?? ???? ????? ??????	N/A	56	https://www.alahazratnetwork.org/wp-content/uploads/2026/03/Title-Zuhra-tul-Salat.jpg	https://www.alahazratnetwork.org/download/%d8%b2%db%81%d8%b1%db%83-%d8%a7%d9%84%d8%b5%d9%84%d9%88%d9%b0%db%83-%d9%85%d9%86-%d8%b4%d8%ac%d8%b1%db%83-%d8%a7%d9%84%d8%a7%d9%85%db%83-%d8%a7%d9%84%da%be%d8%af%d8%a7%db%83-download/?wpdmdl=32734&refresh=6a745af50c2f11786010357		
??????? ??????? ?? ??????? ???????	N/A	25	https://www.alahazratnetwork.org/wp-content/uploads/2026/03/Title-Miland-un-Nabiwiyyah.jpg	https://www.alahazratnetwork.org/download/%d8%a7%d9%84%d9%85%db%8c%d9%84%d8%a7%d8%af-%d8%a7%d9%84%d9%86%d8%a8%d9%88%db%8c%db%81-%d9%81%db%8c-%d8%a7%d9%84%d8%a7%d9%84%d9%81%d8%a7%d8%b8-%d8%a7%d9%84%d8%b1%d8%b6%d9%88%db%8c%db%81-download/?wpdmdl=32728&refresh=6a745af5d4b6e1786010357		
Masail-e-Mairaj	N/A	51	https://www.alahazratnetwork.org/wp-content/uploads/2026/03/Title_masaileMairaj.jpg	https://www.alahazratnetwork.org/download/masail-e-mairaj-download/?wpdmdl=32721&refresh=6a745af6845c81786010358		
????????? ??????? ???? ????? ?????? ???? ??? / ?????? ???????	N/A	217	https://www.alahazratnetwork.org/wp-content/uploads/2026/03/Title-Hashya-Fatawa-Qazi-Khan-by-Alahazrat.jpg	https://www.alahazratnetwork.org/download/%d8%a7%d9%84%d8%aa%d8%b9%d9%84%db%8c%d9%82%d8%a7%d8%aa-%d8%a7%d9%84%d8%b1%d8%b6%d9%88%db%8c%db%81-%d8%b9%d9%84%db%8c%d9%b0-%d8%ad%d8%a7%d8%b4%db%8c%db%81-%d9%81%d8%aa%d8%a7%d9%88%db%8c%d9%b0-%d9%82/?wpdmdl=32709&refresh=6a745afba453d1786010363		
????????? ??????? ???? ?????? ??????? ?????? ?????? ????????	N/A	191	https://www.alahazratnetwork.org/wp-content/uploads/2026/03/Hashya-Alahazrat-on-Fatawa-Hindiya-Title-Alamgiri.jpg	https://www.alahazratnetwork.org/download/%d8%a7%d9%84%d8%aa%d8%b9%d9%84%db%8c%d9%82%d8%a7%d8%aa-%d8%a7%d9%84%d8%b1%d8%b6%d9%88%db%8c%db%81-%d8%b9%d9%84%db%8c%d9%b0-%d9%81%d8%aa%d8%a7%d9%88%db%8c%d9%b0-%d8%a7%d9%84%da%be%d9%86%d8%af%db%8c/?wpdmdl=32715&refresh=6a745afae4e8a1786010362		
????????? ??????? ???? ????? ???????	N/A	323	https://www.alahazratnetwork.org/wp-content/uploads/2026/03/Title-hashya-taqrib-ul-tahzeeb.jpg	https://www.alahazratnetwork.org/download/%d8%a7%d9%84%d8%aa%d8%b9%d9%84%db%8c%d9%82%d8%a7%d8%aa-%d8%a7%d9%84%d8%b1%d8%b6%d9%88%db%8c%db%81-%d8%b9%d9%84%db%8c%d9%b0-%d8%aa%d9%82%d8%b1%db%8c%d8%a8-%d8%a7%d9%84%d8%aa%db%81%d8%b0%db%8c%d8%a8/?wpdmdl=32703&refresh=6a745afe81ece1786010366		
???????? ???????? ????? ???? ????	N/A	404	https://www.alahazratnetwork.org/wp-content/uploads/2026/03/Title-AlMalfooz-Malfoozate-Alahazrat.jpg	https://www.alahazratnetwork.org/download/%d8%a7%d9%84%d9%85%d9%84%d9%81%d9%88%d8%b8%db%94-%d9%85%d9%84%d9%81%d9%88%d8%b8%d8%a7%d8%aa%d9%90-%d8%a7%d8%b9%d9%84%db%8c%d9%b0-%d8%ad%d8%b6%d8%b1%d8%aa-%d9%85%da%a9%d9%85%d9%84-download/?wpdmdl=32761&refresh=6a745ae6874491786010342		
Al-Wazifat al-Karima ?????????? ???????????	N/A	34	https://www.alahazratnetwork.org/wp-content/uploads/2026/03/Al-Wazaifa-tul-Karimah-Title.jpg	https://www.alahazratnetwork.org/download/al-wazifat-al-karima-%d8%a7%d9%84%d9%80%d9%88%d8%b8%d9%8a%d9%80%d9%81%d9%80%d8%a9-%d8%a7%d9%84%d9%80%d9%83%d9%80%d8%b1%d9%8a%d9%80%d9%85%d9%80%d8%a9/?wpdmdl=32696&refresh=6a745b054f9461786010373		
??????? ???????(????? ????? ??? ???? ? ????? ??? ????	N/A	257	https://www.alahazratnetwork.org/wp-content/uploads/2026/03/Qasidatan_Raaitan.jpg	https://www.alahazratnetwork.org/download/%d9%82%d8%b5%db%8c%d8%af%d8%aa%d8%a7%d9%86-%d8%b1%d8%a7%d8%a6%d8%b9%d8%aa%d8%a7%d9%86%d9%82%d8%b5%db%8c%d8%af%db%81-%d9%85%d8%af%d8%a7%db%8c%d8%ad-%d9%81%d8%b6%d9%84-%d8%b1%d8%b3%d9%88%d9%84-%d9%88/?wpdmdl=32683&refresh=6a745b081c1311786010376		
????? ??? ?????	N/A	48	https://www.alahazratnetwork.org/wp-content/uploads/2026/03/Chirage-Unas-Title.jpg	https://www.alahazratnetwork.org/download/%da%86%d8%b1%d8%a7%d8%ba%d9%90-%d8%a7%d9%86%d8%b3-%d9%85%d9%86%d9%82%d8%a8%d8%aa-download/?wpdmdl=32676&refresh=6a745b083ab871786010376		
????? ?????? ?? ????? ???????	N/A	78	https://www.alahazratnetwork.org/wp-content/uploads/2026/03/Anwar-ul-Mannan-Title.jpg	https://www.alahazratnetwork.org/download/%d8%a7%d9%86%d9%88%d8%a7%d8%b1-%d8%a7%d9%84%d9%85%d9%86%d8%a7%d9%86-%d9%81%db%8c-%d8%aa%d9%88%d8%ad%db%8c%d8%af-%d8%a7%d9%84%d9%82%d8%b1%d8%a2%d9%86-download/?wpdmdl=32668&refresh=6a745b0975cb51786010377		
????? ??????? ? ?????	N/A	54	https://www.alahazratnetwork.org/wp-content/uploads/2020/09/tamheedIman-Arabic.jpg	https://www.alahazratnetwork.org/download/%d8%aa%d9%85%db%81%db%8c%d8%af-%d8%a7%d9%84%d8%a3%db%8c%d9%85%d8%a7%d9%86-%db%94-%d8%aa%d8%ad%d9%85%db%8c%d9%84-download/?wpdmdl=32656&refresh=6a745b0d3fd031786010381		
Bahare Shariat Volume 1 in Hindi Language ????? ????? ??? 1 ????? ???? ???	N/A	38	https://www.alahazratnetwork.org/wp-content/uploads/2026/03/Bahare-Shariat-Volume-1-in-Hindi-Language.jpg	https://www.alahazratnetwork.org/download/bahare-shariat-volume-1-in-hindi-language-%e0%a4%ac%e0%a4%b9%e0%a4%be%e0%a4%b0%e0%a5%87-%e0%a4%b6%e0%a4%b0%e0%a5%80%e0%a4%af%e0%a4%a4-%e0%a4%96%e0%a4%82%e0%a4%a1-1-%e0%a4%b9%e0%a4%bf%e0%a4%82%e0%a4%a6/?wpdmdl=32533&refresh=6a745b0dd51e81786010381		
Husunl Maqasid  fi Aamal al Mawlid by  Imam Jalalud Din  Suyuti English Translation Sublime Aspiration	N/A	70	https://www.alahazratnetwork.org/wp-content/uploads/2026/03/Husunl-Maqasid-fi-Aamal-al-Mawlid-by-Imam-Jalalud-Din-Suyuti-English-Translation-Sublime-Aspiration.jpg	https://www.alahazratnetwork.org/download/husunl-maqasid-fi-aamal-al-mawlid-by-imam-jalalud-din-suyuti-english-translation-sublime-aspiration/?wpdmdl=32483&refresh=6a745b16727b61786010390		
??? ????? ?? ??? ??????	N/A	329	https://www.alahazratnetwork.org/wp-content/uploads/2026/03/Title-Kashaf-ul-Illah-an-Simat-il-Qibla.jpg	https://www.alahazratnetwork.org/download/%da%a9%d8%b4%d9%81-%d8%a7%d9%84%d8%b9%d9%84%db%81-%d8%b9%d9%86-%d8%b3%d9%85%d8%aa-%d8%a7%d9%84%d9%82%d8%a8%d9%84%db%81-download/?wpdmdl=32659&refresh=6a745b0d44e3a1786010381		
MUSALMANO HAQ PAHCHANO (Hindi) ????????? ?? ????? ?? ??????	N/A	66	https://www.alahazratnetwork.org/wp-content/uploads/2026/03/Musalmano-Haq-Pahchano-Hindi.jpg	https://www.alahazratnetwork.org/download/musalmano-haq-pahchano-hindi-%e0%a4%ae%e0%a5%81%e0%a4%b8%e0%a4%b2%e0%a4%ae%e0%a4%be%e0%a4%a8%e0%a5%8b%e0%a4%82-%e0%a4%95%e0%a4%be-%e0%a4%9c%e0%a4%be%e0%a4%a8%e0%a4%a8%e0%a5%87-%e0%a4%95%e0%a4%be/?wpdmdl=32527&refresh=6a745b129db201786010386		
Ahsanal-Wia li-Adab al-Dua ???? ?????? ????? ?????? With the Hashiya Zayl al-Muddaa ??? ?????? ????? ??????	N/A		https://www.alahazratnetwork.org/wp-content/uploads/2026/03/Ahsanul-Wia-Title-Zail-al-Mudda.jpg	https://www.alahazratnetwork.org/download/ahsanal-wia-li-adab-al-dua-%d8%a7%d8%ad%d8%b3%d9%86-%d8%a7%d9%84%d9%88%d8%b9%d8%a7%d8%a1-%d9%84%d8%a7%d8%af%d8%a7%d8%a8-%d8%a7%d9%84%d8%af%d8%b9%d8%a7%d8%a1-with-the-hashiya-zayl-al-muddaa-%d8%b0/?wpdmdl=32687&refresh=6a74a42f3dd3b1786029103		
Bahare Shariat Volume 1 English Translation Kitabul Aqaid (without Footnotes)	N/A	169	https://www.alahazratnetwork.org/wp-content/uploads/2026/03/Bahare-Shariat-Volume-1-English-Translation-Kitabul-Aqaid.jpg	https://www.alahazratnetwork.org/download/bahare-shariat-volume-1-english-translation-kitabul-aqaid-without-footnotes/?wpdmdl=32469&refresh=6a745b1c413e11786010396		
Hayatul Anbiya fi Qubrihim Prophets are Alive in graves by Imam Baihiqi	N/A	59	https://www.alahazratnetwork.org/wp-content/uploads/2026/03/Hayatul-Anbiya-fi-Qubrihim-Prophets-are-Alive-in-graves-by-Imam-Baihiqi.jpg	https://www.alahazratnetwork.org/download/hayatul-anbiya-fi-qubrihim-prophets-are-alive-in-graves-by-imam-baihiqi/?wpdmdl=32463&refresh=6a745b1d100541786010397		
Bahare Shariat Volume 1 English Translation Kitabul Aqaid with footnotes	N/A	369	https://www.alahazratnetwork.org/wp-content/uploads/2026/03/Bahare-Shariat-Volume-1-English-Translation-Kitabul-Aqaid-with-footnotes.jpg	https://www.alahazratnetwork.org/download/bahare-shariat-volume-1-english-translation-kitabul-aqaid-with-footnotes/?wpdmdl=32476&refresh=6a745b1c2df541786010396		
Arbayin Nawawi A Collection of Forty Traditions of the Prophet	N/A	120	https://www.alahazratnetwork.org/wp-content/uploads/2026/03/Arbayin-Nawawi-A-Collection-of-Forty-Traditions-of-the-Prophet.jpg	https://www.alahazratnetwork.org/download/arbayin-nawawi-a-collection-of-forty-traditions-of-the-prophet/?wpdmdl=32456&refresh=6a745b1d132e01786010397		
A brief manual of Hadith principles	N/A	100	https://www.alahazratnetwork.org/wp-content/uploads/2026/03/A-brief-manual-of-Hadith-principles-Imam-Jurjani.jpg	https://www.alahazratnetwork.org/download/a-brief-manual-of-hadith-principles/?wpdmdl=32446&refresh=6a745b215246d1786010401		
Hamara Islam English Translation Islam our religion Part one	N/A	111	https://www.alahazratnetwork.org/wp-content/uploads/2026/03/Hamara-Islam-English-Translation-Islam-our-religion-Part-one.jpg	https://www.alahazratnetwork.org/download/hamara-islam-english-translation-islam-our-religion-part-one/?wpdmdl=32440&refresh=6a745b22bb9bb1786010402		
islamic Creed English Translation of Kitabul Aqaid by Molana Naeem ud Deen Muradabadi	N/A	84	https://www.alahazratnetwork.org/wp-content/uploads/2026/03/islamic-Creed-English-Translation-of-Kitabul-Aqaid-by-Molana-Naeem-ud-Deen-Muradabadi.jpg	https://www.alahazratnetwork.org/download/islamic-creed-english-translation-of-kitabul-aqaid-by-molana-naeem-ud-deen-muradabadi/?wpdmdl=32434&refresh=6a745b239a8a81786010403		
Refulgent Treasure Superiority of Kanz al-Iym?n among Urdu Translations of the Quran	N/A	23	https://www.alahazratnetwork.org/wp-content/uploads/2026/03/Refulgent-Treasure-Superiority-of-Kanz-al-Iyman-among-Urdu-Translations-of-the-Quran.jpg	https://www.alahazratnetwork.org/download/refulgent-treasure-superiority-of-kanz-al-iyman-among-urdu-translations-of-the-quran/?wpdmdl=32428&refresh=6a745b24d37031786010404		
Tadbeere Falah o Najat o Islah English Translation Prospects for Recovery	N/A	129	https://www.alahazratnetwork.org/wp-content/uploads/2026/03/Tadbeere-Falah-o-Najat-o-Islah-English-Translation-Prospects-for-Recovery.jpg	https://www.alahazratnetwork.org/download/tadbeere-falah-o-najat-o-islah-english-translation-prospects-for-recovery/?wpdmdl=32420&refresh=6a745b25b839a1786010405		
Chain of Authorisation Alahazrat Sanad of Fiqh	N/A	70	https://www.alahazratnetwork.org/wp-content/uploads/2026/03/sanad-of-Fiqh-of-Alahazrat.jpg	https://www.alahazratnetwork.org/download/chain-of-authorisation-alahazrat-sanad-of-fiqh/?wpdmdl=32415&refresh=6a745b273097a1786010407		
Brief Notes on Hadith Terminology TADHKIRAH	N/A	22	https://www.alahazratnetwork.org/wp-content/uploads/2026/03/tazkirah_usul_hadith.jpg	https://www.alahazratnetwork.org/download/brief-notes-on-hadith-terminology-tadhkirah/?wpdmdl=32407&refresh=6a745b28284be1786010408		
Wasaya of Alahazrat English Tranlsation of  ??????	N/A	90	https://www.alahazratnetwork.org/wp-content/uploads/2026/03/wasaya_alahazrat.jpg	https://www.alahazratnetwork.org/download/wasaya-of-alahazrat-english-tranlsation-of-%d8%a7%d9%84%d9%88%d8%b5%db%8c%d8%a7/?wpdmdl=32401&refresh=6a745b28e872e1786010408		
Noor ul Ayon English Translation The Light of Sight (A book on Seerat an Nabi)	N/A	129	https://www.alahazratnetwork.org/wp-content/uploads/2026/03/Noo_ul_Ayon_English_Translation_the-light-of-sight.jpg	https://www.alahazratnetwork.org/download/noor-ul-ayon-english-translation-the-light-of-sight-a-book-on-seerat-an-nabi/?wpdmdl=32395&refresh=6a745b2a17c2f1786010410		
English Translation altabiyan fi adb hamalat alqara?n The Manners and Etiquette of Bearing The Quran	N/A	234	https://www.alahazratnetwork.org/wp-content/uploads/2026/03/AlTibyanEnglishImam-Nawavi-Bearing-the-Quran.jpg	https://www.alahazratnetwork.org/download/english-translation-altabiyan-fi-adb-hamalat-alqara%d9%93n-the-manners-and-etiquette-of-bearing-the-quran/?wpdmdl=32382&refresh=6a745b2c1e4d21786010412		
????? ???? ???? ???	N/A	413	https://www.alahazratnetwork.org/wp-content/uploads/2026/01/Title-Swaneh-Imam-Ahmad-Raza-scaled.jpg	https://www.alahazratnetwork.org/download/swaneh/?wpdmdl=31036&refresh=6a745b2ccce0a1786010412		
???? ???? ???? ??? – ??? ???	N/A	35	https://www.alahazratnetwork.org/wp-content/uploads/2026/01/Title-Seerate-Imam-Ahmad-Raza-Double-Page.jpg	https://www.alahazratnetwork.org/download/%d8%b3%db%8c%d8%b1%d8%aa-%d8%a7%d9%85%d8%a7%d9%85-%d8%a7%d8%ad%d9%85%d8%af-%d8%b1%d8%b6%d8%a7-%da%88%d8%a8%d9%84-%d9%be%db%8c%d8%ac/?wpdmdl=31022&refresh=6a745b2e78d311786010414		
???? ???? ???? ???	N/A	69	https://www.alahazratnetwork.org/wp-content/uploads/2026/01/Title-Seerate-Imam-Ahmad-Raza.jpg	https://www.alahazratnetwork.org/download/%d8%b3%db%8c%d8%b1%d8%aa-%d8%a7%d9%85%d8%a7%d9%85-%d8%a7%d8%ad%d9%85%d8%af-%d8%b1%d8%b6%d8%a7/?wpdmdl=31015&refresh=6a745b30da4621786010416		
????? ????? ? ??? ???	N/A	218	https://www.alahazratnetwork.org/wp-content/uploads/2026/01/Title-Mujaddide-Islam-1.jpg	https://www.alahazratnetwork.org/download/%d9%85%d8%ac%d8%af%d8%af%d9%90-%d8%a7%d8%b3%d9%84%d8%a7%d9%85-%db%94-%d9%82%d8%af%d8%b3-%d8%b3%d8%b1%db%81/?wpdmdl=30978&refresh=6a745b336275d1786010419		
?????? ????? ??? ????? ???? ?? ???? ???? (?????? ????? ?? ????? ???)	N/A	285	https://www.alahazratnetwork.org/wp-content/uploads/2026/01/Title-Mafhoome-Faqahat-of-Imam-Ahmad-Raza-scaled.jpg	https://www.alahazratnetwork.org/download/mafhoome-faqahat-aur-alahazrat-ki-shane-tafaqqu/?wpdmdl=30971&refresh=6a745b34a687a1786010420		
Who is  Alahazrat	N/A		https://www.alahazratnetwork.org/wp-content/uploads/2026/03/who_is_alahazrat.jpg	https://www.alahazratnetwork.org/download/who-is-alahazrat/?wpdmdl=32389&refresh=6a749cff1e7821786027263		
???? ??????? ?? ?????? ????? ??? ??? ??????? ??????	N/A	60	https://www.alahazratnetwork.org/wp-content/uploads/2026/01/Ajlal-Aelam-Arabic-Title.jpg	https://www.alahazratnetwork.org/download/%d8%a3%d8%ac%d9%84%d9%89-%d8%a7%d9%84%d8%a5%d8%b9%d9%84%d8%a7%d9%85-%d8%a3%d9%86-%d8%a7%d9%84%d9%81%d8%aa%d9%88%d9%89-%d9%85%d8%b7%d9%84%d9%82%d8%a7-%d8%b9%d9%84%d9%89-%d9%82%d9%88%d9%84-%d8%a7-2/?wpdmdl=30890&refresh=6a745b3f5aa3f1786010431		
?????? ?????: ????-??-???? (????? ??????) ?????-??-?????? ?? ??? (????? ?????????)	N/A	1225	https://www.alahazratnetwork.org/wp-content/uploads/2026/01/quran-hindi-tafsir-kanzul-iman-pdf.jpg	https://www.alahazratnetwork.org/download/%e0%a4%aa%e0%a4%b5%e0%a4%bf%e0%a4%a4%e0%a5%8d%e0%a4%b0-%e0%a4%95%e0%a5%81%e0%a4%b0%e0%a4%be%e0%a4%a8-%e0%a4%95%e0%a4%82%e0%a4%9c%e0%a4%bc-%e0%a4%89%e0%a4%b2-%e0%a4%88%e0%a4%ae%e0%a4%be%e0%a4%a8/?wpdmdl=30953&refresh=6a745b35985761786010421		
???? ???? ??? ?? ?????? ?????	N/A	122	https://www.alahazratnetwork.org/wp-content/uploads/2025/12/Title-Imam-Ahmad-Raza-ka-Nazriyae-Taleem.jpg	https://www.alahazratnetwork.org/download/%d8%a7%d9%85%d8%a7%d9%85-%d8%a7%d8%ad%d9%85%d8%af-%d8%b1%d8%b6%d8%a7-%da%a9%d8%a7-%d9%86%d8%b8%d8%b1%db%8c%db%81%d8%a1-%d8%aa%d8%b9%d9%84%db%8c%d9%85/?wpdmdl=30655&refresh=6a745b4d0ca361786010445		
????? ??????? ? ????? ??????? ?????? ????? ?? ????? ??? ??? ???	N/A	641	https://www.alahazratnetwork.org/wp-content/uploads/2025/10/Fawaide-Tafsiriya-Vol-3.jpg	https://www.alahazratnetwork.org/download/fawaide-tafsiriyyah-fatawa-razaviah-ki-raushni-main-vol-3/?wpdmdl=30614&refresh=6a745b5132a9b1786010449		
????? ??????? ? ????? ??????? ?????? ????? ?? ????? ??? ??? ???	N/A	637	https://www.alahazratnetwork.org/wp-content/uploads/2025/10/Fawaide-Tafsiriya-Vol-2.jpg	https://www.alahazratnetwork.org/download/fawaide-tafsiriyyah-fatawa-razaviah-ki-raushni-main-vol-2/?wpdmdl=30604&refresh=6a745b57518761786010455		
????? ??????? ? ????? ??????? ?????? ????? ?? ????? ??? ??? ???	N/A	693	https://www.alahazratnetwork.org/wp-content/uploads/2025/10/Fawaide-Tafsiriya-Vol-1.jpg	https://www.alahazratnetwork.org/download/fawaide-tafsiriyyah-fatawa-razaviah-ki-raushni-main-vol-1/?wpdmdl=30595&refresh=6a745b603c88e1786010464		
Ikseer-e-Azam Persian Manqabat of Ghause Azam (With Translation and Sharha)	N/A	116	https://www.alahazratnetwork.org/wp-content/uploads/2025/01/Ikseere-Azam-Title.jpg	https://www.alahazratnetwork.org/download/ikseer-e-azam-persian-manqabat-of-ghause-azam-with-translation-and-sharha/?wpdmdl=30485&refresh=6a745b671c6351786010471		
???? ???? ??? ?? ??????? ?????	N/A	368	https://www.alahazratnetwork.org/wp-content/uploads/2024/09/Imam-Ahmad-Raza-ki-Ijtihadi-Aara.jpg	https://www.alahazratnetwork.org/download/%d8%a7%d9%85%d8%a7%d9%85-%d8%a7%d8%ad%d9%85%d8%af-%d8%b1%d8%b6%d8%a7-%da%a9%db%8c-%d8%a7%d8%ac%d8%aa%db%81%d8%a7%d8%af%db%8c-%d8%a2%d8%b1%d8%a7%d8%a1/?wpdmdl=30474&refresh=6a745b69e91e91786010473		
Download: Al Quran Kanz ul Iman (English Translation) : The Treasure of Faith	N/A	1306	https://www.alahazratnetwork.org/wp-content/uploads/2026/01/Kanzul-Iman-English-Title.jpg	https://www.alahazratnetwork.org/download/download-al-quran-kanz-ul-iman-english-translation-the-treasure-of-faith/?wpdmdl=30935&refresh=6a745b3ef28971786010430		
????? ???? ?? ????? ?????	N/A	30	https://www.alahazratnetwork.org/wp-content/uploads/2024/09/Alahazrat-Ki-Ala-Batain-????-????-??-????-?????.jpg	https://www.alahazratnetwork.org/download/%d8%a7%d8%b9%d9%84%db%8c%d9%b0-%d8%ad%d8%b6%d8%b1%d8%aa-%da%a9%db%8c-%d8%a7%d8%b9%d9%84%db%8c%d9%b0-%d8%a8%d8%a7%d8%aa%db%8c%da%ba/?wpdmdl=30436&refresh=6a745b734b6341786010483		
Hassan Raza Bareilvi Fann Aur Shakhsiat	N/A	600	https://www.alahazratnetwork.org/wp-content/uploads/2024/02/Title-Hassan-Raza-Bareilvi.jpg	https://www.alahazratnetwork.org/download/hassan-raza-bareilvi-fann-aur-shakhsiat/?wpdmdl=30370&refresh=6a745b74772b41786010484		
Download ????? ????: ?????????? (???? ?????) ???? ????? ??????? (?????)	N/A	1222	https://www.alahazratnetwork.org/wp-content/uploads/2026/01/Kanzul-Iman-Urdu-Translation.png	https://www.alahazratnetwork.org/download/download-%d9%82%d8%b1%d8%a2%d9%86-%da%a9%d8%b1%db%8c%d9%85-%da%a9%d9%86%d8%b2%d8%a7%d9%84%d8%a7%db%8c%d9%85%d8%a7%d9%86-%d8%a7%d8%b1%d8%af%d9%88-%d8%aa%d8%b1%d8%ac%d9%85%db%81-%d8%a8%d9%85%d8%b9/?wpdmdl=30945&refresh=6a745b3a7b4111786010426		
Tafseer e Nabavi Volume 14 Punjabi Manzoom By Allama Nabi Bakhsh Halwai Naqshbandi	N/A	425	https://www.alahazratnetwork.org/wp-content/uploads/2024/01/Tafseer-Nabvi-Volume-14.jpg	https://www.alahazratnetwork.org/download/tafseere-nabavi-14/?wpdmdl=30358&refresh=6a745b8011c771786010496		
Tafseer e Nabavi Volume 13 Punjabi Manzoom By Allama Nabi Bakhsh Halwai Naqshbandi	N/A	198	https://www.alahazratnetwork.org/wp-content/uploads/2024/01/Tafseer-Nabvi-Volume-13.jpg	https://www.alahazratnetwork.org/download/tafseere-nabavi-13/?wpdmdl=30350&refresh=6a745b807cf781786010496		
Tafseer e Nabavi Volume 15 Punjabi Manzoom By Allama Nabi Bakhsh Halwai Naqshbandi	N/A	425	https://www.alahazratnetwork.org/wp-content/uploads/2024/02/Title-Tafseere-Nabvi-Volume-15.jpg	https://www.alahazratnetwork.org/download/tafseere-nabavi-15/?wpdmdl=30363&refresh=6a745b74bc2771786010484		
Tafseer e Nabavi Volume 12 Punjabi Manzoom By Allama Nabi Bakhsh Halwai Naqshbandi	N/A	224	https://www.alahazratnetwork.org/wp-content/uploads/2024/01/Tafseer-Nabvi-Volume-12.jpg	https://www.alahazratnetwork.org/download/tafseere-nabavi-12/?wpdmdl=30343&refresh=6a745b8cd58cf1786010508		
Tafseer e Nabavi Volume 9 Punjabi Manzoom By Allama Nabi Bakhsh Halwai Naqshbandi	N/A	160	https://www.alahazratnetwork.org/wp-content/uploads/2024/01/Tafseer-Nabvi-Volume-9.jpg	https://www.alahazratnetwork.org/download/tafseere-nabavi-%db%b9/?wpdmdl=30310&refresh=6a745b9fbde6f1786010527		
Tafseer e Nabavi Volume 11 Punjabi Manzoom By Allama Nabi Bakhsh Halwai Naqshbandi	N/A	166	https://www.alahazratnetwork.org/wp-content/uploads/2024/01/Tafseer-Nabvi-Volume-11.jpg	https://www.alahazratnetwork.org/download/tafseere-nabavi-11/?wpdmdl=30333&refresh=6a745b978f30e1786010519		
Tafseer e Nabavi Volume 10 Punjabi Manzoom By Allama Nabi Bakhsh Halwai Naqshbandi	N/A	223	https://www.alahazratnetwork.org/wp-content/uploads/2024/01/Tafseer-Nabvi-Volume-10.jpg	https://www.alahazratnetwork.org/download/tafseere-nabavi-10/?wpdmdl=30314&refresh=6a745b98c3de31786010520		
Tafseer e Nabavi Volume 8 Punjabi Manzoom By Allama Nabi Bakhsh Halwai Naqshbandi	N/A	221	https://www.alahazratnetwork.org/wp-content/uploads/2024/01/Tafseer-Nabvi-Volume-8.jpg	https://www.alahazratnetwork.org/download/tafseere-nabavi-8/?wpdmdl=30304&refresh=6a745ba63a9c71786010534		
Tafseer e Nabavi Volume 5 Punjabi Manzoom By Allama Nabi Bakhsh Halwai Naqshbandi	N/A	197	https://www.alahazratnetwork.org/wp-content/uploads/2024/01/Tafseer-Nabvi-Volume-5.jpg	https://www.alahazratnetwork.org/download/tafseere-nabavi-5/?wpdmdl=30275&refresh=6a745bb2d044c1786010546		
Tafseer e Nabavi Volume 7 Punjabi Manzoom By Allama Nabi Bakhsh Halwai Naqshbandi	N/A	427	https://www.alahazratnetwork.org/wp-content/uploads/2024/01/Tafseer-Nabvi-Volume-7.jpg	https://www.alahazratnetwork.org/download/tafseere-nabavi-7/?wpdmdl=30293&refresh=6a745bb0354181786010544		
Tafseer e Nabavi Volume 4 Punjabi Manzoom By Allama Nabi Bakhsh Halwai Naqshbandi	N/A	460	https://www.alahazratnetwork.org/wp-content/uploads/2024/01/Tafseer-Nabvi-Volume-4.jpg	https://www.alahazratnetwork.org/download/tafseere-nabavi-4/?wpdmdl=30268&refresh=6a745bcaa64181786010570		
Tafseer e Nabavi Volume 2 Punjabi Manzoom By Allama Nabi Bakhsh Halwai Naqshbandi	N/A		https://www.alahazratnetwork.org/wp-content/uploads/2024/01/Tafseer-Nabvi-Volume-2.jpg	https://www.alahazratnetwork.org/download/tafseere-nabavi-2/?wpdmdl=30261&refresh=6a74a4340f1131786029108		
Tafseer e Nabavi Volume 3 Punjabi Manzoom By Allama Nabi Bakhsh Halwai Naqshbandi	N/A	379	https://www.alahazratnetwork.org/wp-content/uploads/2024/01/Tafseer-Nabvi-Volume-3.jpg	https://www.alahazratnetwork.org/download/tafseere-nabavi-3/?wpdmdl=30265&refresh=6a745bcbecb051786010571		
Hadaiq-e-Bakshish ki Aroozi Paimaish	N/A	113	https://www.alahazratnetwork.org/wp-content/uploads/2023/10/Title-Hadaiqe-Bakhshish-ki-Aroozi-Paimaish.jpg	https://www.alahazratnetwork.org/download/hadaiq-e-bakshish-ki-aroozi-paimaish/?wpdmdl=30148&refresh=6a745bf29400b1786010610		
Manzoom Swaneh Alahazrat	N/A	490	https://www.alahazratnetwork.org/wp-content/uploads/2023/10/Titl-Manzoom-Swaneh-Alahazrat.jpg	https://www.alahazratnetwork.org/download/manzoom-swaneh-alahazrat/?wpdmdl=30131&refresh=6a745bf91a41c1786010617		
Tafseer e Nabavi Volume 6 Punjabi Manzoom By Allama Nabi Bakhsh Halwai Naqshbandi	N/A	609	https://www.alahazratnetwork.org/wp-content/uploads/2024/01/Tafseer-Nabvi-Volume-6.jpg	https://www.alahazratnetwork.org/download/tafseere-nabavi-6/?wpdmdl=30287&refresh=6a745bb0604221786010544		
Hayate Alahazrat by Molana Zafar ud Deen Bihari Single Page Edition	N/A	1070	https://www.alahazratnetwork.org/wp-content/uploads/2022/10/Hayate-Alahazrat-Title.jpg	https://www.alahazratnetwork.org/download/hayate-alahazrat-by-molana-zafar-ud-deen-bihari-single-page-edition/?wpdmdl=30113&refresh=6a745bfd8f5901786010621		
Tafseer e Nabavi Volume 1 Punjabi Manzoom By Allama Nabi Bakhsh Halwai Naqshbandi	N/A	338	https://www.alahazratnetwork.org/wp-content/uploads/2024/01/Tafseer-Nabvi-Volume-1.jpg	https://www.alahazratnetwork.org/download/tafseere-nabavi-1/?wpdmdl=30252&refresh=6a745bedd18f31786010605		
??? ?????	N/A	19	https://www.alahazratnetwork.org/wp-content/uploads/2022/01/TajeTuqeet.jpg	https://www.alahazratnetwork.org/download/tajtauqeet/?wpdmdl=30020&refresh=6a745c0342bb21786010627		
????? ????? ????? ???????	N/A	39	https://www.alahazratnetwork.org/wp-content/uploads/2022/01/Hashya-Tafseer-Baghvi-736x1024.jpg	https://www.alahazratnetwork.org/download/hashyatafseermualimultanzeel/?wpdmdl=30015&refresh=6a745c0969ab91786010633		
Hayate Alahazrat by Molana Zafar ud Deen Bihari Double Page Edition	N/A	299	https://www.alahazratnetwork.org/wp-content/uploads/2022/10/Hayate-Alahazrat-Muti.jpg	https://www.alahazratnetwork.org/download/hayate-alahazrat-by-molana-zafar-ud-deen-bihari-double-page-edition/?wpdmdl=30105&refresh=6a745c01693ea1786010625		
??????? ?????? ??? ????? ? ???????	N/A	15	https://www.alahazratnetwork.org/wp-content/uploads/2022/01/AlBurhan-ul-Qaveem-Alal-Aaradi-wal-taqveem.jpg	https://www.alahazratnetwork.org/download/alburhanulqaveem/?wpdmdl=30001&refresh=6a745c0bb66951786010635		
????? ???? ???????	N/A	83	https://www.alahazratnetwork.org/wp-content/uploads/2022/01/Hashya-Jami-ul-Afkaar.jpg	https://www.alahazratnetwork.org/download/hashyajamiulafkaar/?wpdmdl=30009&refresh=6a745c0b91b741786010635		
??????? ??????? ??????? ???????	N/A	52	https://www.alahazratnetwork.org/wp-content/uploads/2022/01/Jadawal-lil-Radawiyyah.jpg	https://www.alahazratnetwork.org/download/judawalilrazaviah/?wpdmdl=29994&refresh=6a745c0e32df91786010638		
????? ?? ??? ?????	N/A	16	https://www.alahazratnetwork.org/wp-content/uploads/2022/01/Risala-fi-Ilmul-Jafar.jpg	https://www.alahazratnetwork.org/download/jafr/?wpdmdl=29987&refresh=6a745c0f242f81786010639		
???? ?????? ?? ??? ????????? ?? ??????	N/A	23	https://www.alahazratnetwork.org/wp-content/uploads/2021/12/AlJadd-ul-Sadeed.jpg	https://www.alahazratnetwork.org/download/aljiddussadeed/?wpdmdl=29968&refresh=6a745c14122ad1786010644		
List of PhD. level research works on Imam Ahmad Raza M.Phil & M.Ed. research articles	N/A	6	https://www.alahazratnetwork.org/wp-content/uploads/2021/12/phd_bound.jpg	https://www.alahazratnetwork.org/download/list-of-phd-level-research-works-on-imam-ahmad-raza-m-phil-m-ed-research-articles/?wpdmdl=29945&refresh=6a745c15635321786010645		
????????? ???? ?????  ????????	N/A	181	https://www.alahazratnetwork.org/wp-content/uploads/2021/12/Alistimdad.jpg	https://www.alahazratnetwork.org/download/alistimdad/?wpdmdl=29973&refresh=6a745c13a14191786010643		
???? ?????? ???? ???	N/A	54	https://www.alahazratnetwork.org/wp-content/uploads/2021/10/HayatulImam.jpg	https://www.alahazratnetwork.org/download/%d8%ad%d9%8a%d8%a7%d8%a9-%d8%a7%d9%84%d8%a5%d9%85%d8%a7%d9%85-%d8%a3%d8%ad%d9%85%d8%af-%d8%b1%d8%b6%d8%a7/?wpdmdl=29869&refresh=6a745c19d7bcb1786010649		
????? ????? ???? ?????	N/A	21	https://www.alahazratnetwork.org/wp-content/uploads/2021/10/Title-Mahiatul-Aib.jpg	https://www.alahazratnetwork.org/download/mahiatulaib/?wpdmdl=29922&refresh=6a745c19e0acb1786010649		
????? ?? ??? ???????	N/A	47	https://www.alahazratnetwork.org/wp-content/uploads/2022/01/Risala-dar-ilme-Logaritham.jpg	https://www.alahazratnetwork.org/download/bookonlogarithm/?wpdmdl=29983&refresh=6a745c131091c1786010643		
50 Volumes of Books of Alahazrat  ???? ????? ??? 248 ???? ????? ???? ?? ??????	N/A	50	https://www.alahazratnetwork.org/wp-content/uploads/2021/09/50volumes.jpg	https://www.alahazratnetwork.org/download/50volumesofbooksofalahazrat/?wpdmdl=29863&refresh=6a745c1d38f151786010653		
???? ???? ? ????	N/A	11	https://www.alahazratnetwork.org/wp-content/uploads/2021/08/akzaboAjhal-scaled.jpg	https://www.alahazratnetwork.org/download/maqtaleakzaboajhal/?wpdmdl=29848&refresh=6a745c1e364ec1786010654		
??? ????? ?? ????? ??????? ??? ??????	N/A	21	https://www.alahazratnetwork.org/wp-content/uploads/2021/08/Nafi-ul-Aar.jpg	https://www.alahazratnetwork.org/download/nafiulaar/?wpdmdl=29845&refresh=6a745c1e60d431786010654		
???? ??? ? ???	N/A	58	https://www.alahazratnetwork.org/wp-content/uploads/2021/08/Title-Maqtal-Kizbo-Kaid-scaled.jpg	https://www.alahazratnetwork.org/download/maqtalkizbokaid/?wpdmdl=29840&refresh=6a745c20ad26f1786010656		
???? ???? ????? ?? ?????? ?????	N/A	67	https://www.alahazratnetwork.org/wp-content/uploads/2021/04/AjalliNujoom.jpg	https://www.alahazratnetwork.org/download/ajallinujoom/?wpdmdl=29518&refresh=6a745c22b1f0b1786010658		
????? ??????? ?? ?????? ?????	N/A	81	https://www.alahazratnetwork.org/wp-content/uploads/2021/03/Qaseedah-Mairaj-ka-tehqeeqi-Jaiza.jpg	https://www.alahazratnetwork.org/download/qasidamairajiakatahqeeqijaiza/?wpdmdl=29503&refresh=6a745c2301e761786010659		
??? ?????? ???????	N/A	104	https://www.alahazratnetwork.org/wp-content/uploads/2021/03/Sharah-Qasidah-Mairaj.jpg	https://www.alahazratnetwork.org/download/sharahqasidamairajia/?wpdmdl=29498&refresh=6a745c289fd4f1786010664		
????? ?????? ?????? ???? ?????? ?? ????? ????? ??????? ?? ??? ???? ???????	N/A	57	https://www.alahazratnetwork.org/wp-content/uploads/2021/04/Saiul-Mashkoor.jpg	https://www.alahazratnetwork.org/download/alsaiyulmashkoor/?wpdmdl=29522&refresh=6a745c22ea33c1786010658		
??????? ??????? ?? ???? ???????	N/A	29	https://www.alahazratnetwork.org/wp-content/uploads/2021/01/AlZamzamatulQamriyyah.jpg	https://www.alahazratnetwork.org/download/alzamzamatulqamariyyah/?wpdmdl=29471&refresh=6a745c2b2caf21786010667		
?????? ????? ?? ?? ???? ?????	N/A	139	https://www.alahazratnetwork.org/wp-content/uploads/2021/02/Fatawa-Harmain-bar-jaf-Nadwatul-Main.jpg	https://www.alahazratnetwork.org/download/fatawaharmain/?wpdmdl=29491&refresh=6a745c2925d801786010665		
????? ?????	N/A	62	https://www.alahazratnetwork.org/wp-content/uploads/2021/01/Irfane-Shariat.jpg	https://www.alahazratnetwork.org/download/irfaneshariat/?wpdmdl=29391&refresh=6a745c33493c91786010675		
???? ??????? ?? ????? ???? ???????	N/A	158	https://www.alahazratnetwork.org/wp-content/uploads/2021/01/Matlaul-Qamrain.jpg	https://www.alahazratnetwork.org/download/matlaulqamarain/?wpdmdl=29422&refresh=6a745c2e66ffd1786010670		
????? ?????	N/A	237	https://www.alahazratnetwork.org/wp-content/uploads/2021/01/Ahkame-Shariat.jpg	https://www.alahazratnetwork.org/download/ahkameshariat/?wpdmdl=29387&refresh=6a745c34bfe7c1786010676		
??????? ???????? ?? ??? ????????	N/A	19	https://www.alahazratnetwork.org/wp-content/uploads/2021/01/AlHidayatulMubarakah.jpg	https://www.alahazratnetwork.org/download/alhidayatulmubarakah/?wpdmdl=29378&refresh=6a745c3d535b81786010685		
????? ??????? ??????? ?? ????? ???? ??????	N/A	8	https://www.alahazratnetwork.org/wp-content/uploads/2021/01/Khalqe-Malaikah-AlQaulul-Masood.jpg	https://www.alahazratnetwork.org/download/wahdatulwajood/?wpdmdl=29383&refresh=6a745c3c923171786010684		
?????? ??????? ?? ????? ??????	N/A	172	https://www.alahazratnetwork.org/wp-content/uploads/2021/01/Fatawa-Africa.jpg	https://www.alahazratnetwork.org/download/fatawaafrica/?wpdmdl=29396&refresh=6a745c324f8c41786010674		
???????? ??????? ?????? ??? ????????	N/A	165	https://www.alahazratnetwork.org/wp-content/uploads/2021/01/AlIjazatul-Matina.jpg	https://www.alahazratnetwork.org/download/alijazatulmatina/?wpdmdl=29359&refresh=6a745c419fe561786010689		
???? ??????? ??? ???? ????? ??????	N/A	195	https://www.alahazratnetwork.org/wp-content/uploads/2021/01/Hussam-ul-Haramain.jpg	https://www.alahazratnetwork.org/download/hussamulharamain/?wpdmdl=29365&refresh=6a745c3fda83b1786010687		
??? ??????? ?? ??? ???? ?? ??? ???????	N/A	37	https://www.alahazratnetwork.org/wp-content/uploads/2021/01/Hudiyul-Hairan.jpg	https://www.alahazratnetwork.org/download/hudiyulhairan/?wpdmdl=29341&refresh=6a745c495914e1786010697		
??? ?????? ?? ??? ???? ?? ??? ??????	N/A	23	https://www.alahazratnetwork.org/wp-content/uploads/2021/01/Qamr-ul-Tamam.jpg	https://www.alahazratnetwork.org/download/qamrultamam/?wpdmdl=29337&refresh=6a745c4b039ae1786010699		
??????? ??????? ???? ???? ?????	N/A	352	https://www.alahazratnetwork.org/wp-content/uploads/2021/01/AlMoatamid.jpg	https://www.alahazratnetwork.org/download/almoatamidulmustanad/?wpdmdl=29354&refresh=6a745c43214181786010691		
??? ???? ??? ?????? ????? ?? ???	N/A	20	https://www.alahazratnetwork.org/wp-content/uploads/2021/01/Nafi-ul-Fai.jpg	https://www.alahazratnetwork.org/download/nafiulfai/?wpdmdl=29330&refresh=6a745c50ccb8f1786010704		
???? ?????? ?? ??? ???????	N/A	39	https://www.alahazratnetwork.org/wp-content/uploads/2021/01/Salat-ul-Safa-fi-Nooril-Mustafa.jpg	https://www.alahazratnetwork.org/download/salatulsafa/?wpdmdl=29325&refresh=6a745c524089f1786010706		
???? ?????? ????? ?????? ??? ????? ???????	N/A	21	https://www.alahazratnetwork.org/wp-content/uploads/2021/01/Munabbihul-Muniyyah.jpg	https://www.alahazratnetwork.org/download/munabbihulmuniyyah/?wpdmdl=29320&refresh=6a745c52e03841786010706		
???? ?????? ?? ??????? ??? ??????	N/A	13	https://www.alahazratnetwork.org/wp-content/uploads/2021/01/MuniyyatulLabib.jpg	https://www.alahazratnetwork.org/download/muniyyatullabib/?wpdmdl=29313&refresh=6a745c54f2e1b1786010708		
?????? ?????? ??????? ???????	N/A	189	https://www.alahazratnetwork.org/wp-content/uploads/2021/01/AlDaultulMakiyyah.jpg	https://www.alahazratnetwork.org/download/aldaulatulmakkiyyah/?wpdmdl=29350&refresh=6a745c4864d1d1786010696		
?????????? ????? ??????	N/A	52	https://www.alahazratnetwork.org/wp-content/uploads/2021/01/Tamheede-Iman-Bi-Ayatil-Quran.jpg	https://www.alahazratnetwork.org/download/tahmeedeiman/?wpdmdl=29302&refresh=6a745c5770dc51786010711		
???? ??????? ????? ?????? ??????	N/A	40	https://www.alahazratnetwork.org/wp-content/uploads/2021/01/Shumulul-Islam-Li-Usolil-Rasoolil-Kiram.jpg	https://www.alahazratnetwork.org/download/shumulul_islam/?wpdmdl=29298&refresh=6a745c59a1b5d1786010713		
????? ?????? ?????? ??????? ????? ??????	N/A	413	https://www.alahazratnetwork.org/wp-content/uploads/2021/01/AlAmno-Wal-Ula-Linatil-Mustafa-bi-Dafail-Bala-scaled.jpg	https://www.alahazratnetwork.org/download/alamnowalula/?wpdmdl=29305&refresh=6a745c56ec1bc1786010710		
??? ????? ???? ????? ??? ???	N/A	445	https://www.alahazratnetwork.org/wp-content/uploads/2020/09/Title-Sunan-Nisae.png	https://www.alahazratnetwork.org/download/sunannisaevol3/?wpdmdl=28936&refresh=6a745c5f10c601786010719		
??? ????? ???? ????? ??? ???	N/A	582	https://www.alahazratnetwork.org/wp-content/uploads/2020/09/Title-Sunan-Nisae.png	https://www.alahazratnetwork.org/download/sunannisaevol2/?wpdmdl=28931&refresh=6a745c60949671786010720		
???? ????? ???? ????? ??? ???	N/A	972	https://www.alahazratnetwork.org/wp-content/uploads/2020/10/Tirmizi.jpg	https://www.alahazratnetwork.org/download/tirmidhivol1/?wpdmdl=28948&refresh=6a745c5dc66e61786010717		
???? ????? ???? ????? ??? ???	N/A	918	https://www.alahazratnetwork.org/wp-content/uploads/2020/10/Tirmizi.jpg	https://www.alahazratnetwork.org/download/tirmidhivol2/?wpdmdl=28952&refresh=6a745c5bc05fe1786010715		
??? ????? ???? ????? ??? ???	N/A	647	https://www.alahazratnetwork.org/wp-content/uploads/2020/09/Title-Sunan-Nisae.png	https://www.alahazratnetwork.org/download/sunannisaivol1/?wpdmdl=28925&refresh=6a745c77d15441786010743		
??? ???? ???? ???? ????? ??? ???	N/A	609	https://www.alahazratnetwork.org/wp-content/uploads/2020/09/Sunan-Ibne-Majah.jpg	https://www.alahazratnetwork.org/download/ibnemajahvol2/?wpdmdl=28797&refresh=6a745c84d507c1786010756		
??? ???? ???? ???? ????? ??? ???	N/A	615	https://www.alahazratnetwork.org/wp-content/uploads/2020/09/Sunan-Ibne-Majah.jpg	https://www.alahazratnetwork.org/download/sunanibnemajahvol1/?wpdmdl=28793&refresh=6a745c9bc18981786010779		
???? ???? ???? ???? ????? ??? ???	N/A	720	https://www.alahazratnetwork.org/wp-content/uploads/2020/09/Sahi-Muslim-sharif.jpg	https://www.alahazratnetwork.org/download/sahimuslimvol3/?wpdmdl=28786&refresh=6a745cafed9251786010799		
???? ???? ???? ???? ????? ??? ???	N/A	829	https://www.alahazratnetwork.org/wp-content/uploads/2020/09/Sahi-Muslim-sharif.jpg	https://www.alahazratnetwork.org/download/sahimuslimvol1/?wpdmdl=28780&refresh=6a745cb5194af1786010805		
???? ???? ???? ???? ????? ??? ???	N/A	697	https://www.alahazratnetwork.org/wp-content/uploads/2020/09/Sahi-Muslim-sharif.jpg	https://www.alahazratnetwork.org/download/sahimuslimvol2/?wpdmdl=28784&refresh=6a745cb3489511786010803		
???? ??????? ???? ???? ????? ??? ???	N/A	976	https://www.alahazratnetwork.org/wp-content/uploads/2020/09/Bukhari-sharif.jpg	https://www.alahazratnetwork.org/download/sahibukharivol3/?wpdmdl=28767&refresh=6a745cc4c9a4c1786010820		
???? ??????? ???? ???? ????? ??? ???	N/A	1033	https://www.alahazratnetwork.org/wp-content/uploads/2020/09/Bukhari-sharif.jpg	https://www.alahazratnetwork.org/download/sahibukharivol2/?wpdmdl=28763&refresh=6a745cd338d731786010835		
???? ??????? ???? ???? ????? ??? ???	N/A	1018	https://www.alahazratnetwork.org/wp-content/uploads/2020/09/Bukhari-sharif.jpg	https://www.alahazratnetwork.org/download/sahibukharivol1/?wpdmdl=28758&refresh=6a745cfaefee71786010874		
???? ?????? ??? ???? ??????? ??? ?????	N/A	886	https://www.alahazratnetwork.org/wp-content/uploads/2020/09/Nuzhat-ul-Qari-Sharah-Sahih-Al-Bukhari-jild-1.jpg	https://www.alahazratnetwork.org/download/nuzhatulqarivol4/?wpdmdl=28717&refresh=6a745d09dbe1c1786010889		
???? ?????? ??? ???? ??????? ??? ???	N/A	930	https://www.alahazratnetwork.org/wp-content/uploads/2020/09/Nuzhat-ul-Qari-Sharah-Sahih-Al-Bukhari-jild-1.jpg	https://www.alahazratnetwork.org/download/nuzhatulqarivol3/?wpdmdl=28707&refresh=6a745d3f5ca831786010943		
?????? ?????? ??????? ???????	N/A	245	https://www.alahazratnetwork.org/wp-content/uploads/2020/09/AlDaulatulMakiyyah_Arabic.jpg	https://www.alahazratnetwork.org/download/%d8%a7%d9%84%d8%af%d9%88%d9%84%db%83-%d8%a7%d9%84%d9%85%da%a9%db%8c%db%83-%d8%a8%d8%a7%d9%84%d9%85%d8%a7%d8%af%db%83-%d8%a7%d9%84%d8%ba%db%8c%d8%a8%db%8c%db%83/?wpdmdl=28683&refresh=6a745da50dc781786011045		
????? ???????	N/A	54	https://www.alahazratnetwork.org/wp-content/uploads/2020/09/tamheedIman-Arabic.jpg	https://www.alahazratnetwork.org/download/tamheedeiman_arabic/?wpdmdl=28678&refresh=6a745daf133e81786011055		
????? ??????? ??? ???? ?????? ???? ????? ??????	N/A	76	https://www.alahazratnetwork.org/wp-content/uploads/2020/09/iqamat-ul-qiyamah-Arabic.jpg	https://www.alahazratnetwork.org/download/iqamatulqiyamah_arabic/?wpdmdl=28660&refresh=6a745db5b40561786011061		
???? ?????? ??? ????? ??? ????????	N/A	125	https://www.alahazratnetwork.org/wp-content/uploads/2020/08/Tajaliyul-Yaqeen.jpg	https://www.alahazratnetwork.org/download/tajalilliyulyaqeen/?wpdmdl=28654&refresh=6a745dbdb6ea51786011069		
??? ??????? ?? ???? ??? ????	N/A	96	https://www.alahazratnetwork.org/wp-content/uploads/2020/08/Sharhul-Matalib.jpg	https://www.alahazratnetwork.org/download/sharhulmatalib/?wpdmdl=28650&refresh=6a745dce2d76f1786011086		
???? ????? ?? ?????? ????? ?????	N/A	6	https://www.alahazratnetwork.org/wp-content/uploads/2020/08/Umoore-Ashreen.jpg	https://www.alahazratnetwork.org/download/umooreishrain/?wpdmdl=28646&refresh=6a745de4a44fd1786011108		
????? ???????? ?? ????? ??? ?????????	N/A	16	https://www.alahazratnetwork.org/wp-content/uploads/2020/08/Ismaul-Arbaeen.jpg	https://www.alahazratnetwork.org/download/ismaularbaeen/?wpdmdl=28642&refresh=6a745deb37f9a1786011115		
????? ???????? ?? ?? ???? ?? ???? ????	N/A	22	https://www.alahazratnetwork.org/wp-content/uploads/2020/08/Anwarul-Intibah.jpg	https://www.alahazratnetwork.org/download/anwarulintibah/?wpdmdl=28638&refresh=6a745df2f1d521786011122		
????? ????? ???? ?????	N/A	40	https://www.alahazratnetwork.org/wp-content/uploads/2020/08/Izahatul-Aib.jpg	https://www.alahazratnetwork.org/download/izahatulaib/?wpdmdl=28611&refresh=6a745dfa642951786011130		
???? ?????? ??? ???? ??????? ??? ???	N/A	869	https://www.alahazratnetwork.org/wp-content/uploads/2020/08/Nuzhatul-Qari.jpg	https://www.alahazratnetwork.org/download/nuzhatulqarivol1/?wpdmdl=28699&refresh=6a745d672d41b1786010983		
????? ??????? ???? ?? ?????	N/A	27	https://www.alahazratnetwork.org/wp-content/uploads/2020/08/Inbaul-Mustafa.jpg	https://www.alahazratnetwork.org/download/inbaulmustafa/?wpdmdl=28607&refresh=6a745e0397a7f1786011139		
???? ????????	N/A	22	https://www.alahazratnetwork.org/wp-content/uploads/2020/08/Khalis-ul-Aitqad.jpg	https://www.alahazratnetwork.org/download/khalisulaitiqad/?wpdmdl=28603&refresh=6a745e07a4cbb1786011143		
???? ?????? ??? ??? ??????	N/A	22	https://www.alahazratnetwork.org/wp-content/uploads/2020/08/Rimahul-Qahhar.jpg	https://www.alahazratnetwork.org/download/rimahulqahhar/?wpdmdl=28599&refresh=6a745e0b3e5a51786011147		
??????? ???? ???????	N/A	24	https://www.alahazratnetwork.org/wp-content/uploads/2020/08/AlTahbeer.jpg	https://www.alahazratnetwork.org/download/altahjeer/?wpdmdl=28584&refresh=6a745e125e90b1786011154		
?????? ??????? ?? ?????? ???????? ????? ????????	N/A	53	https://www.alahazratnetwork.org/wp-content/uploads/2020/08/Aitqad-ul-Ahbaab.jpg	https://www.alahazratnetwork.org/download/aitiqadulahbaab/?wpdmdl=28593&refresh=6a745e11c00621786011153		
??? ????? ?????? ?????	N/A	20	https://www.alahazratnetwork.org/wp-content/uploads/2020/08/Saljal-Sadr.jpg	https://www.alahazratnetwork.org/download/saljassadr/?wpdmdl=28580&refresh=6a745e19e053c1786011161		
????? ?????? ??? ??????? ?????? ??????? ?? ??? ?????	N/A	83	https://www.alahazratnetwork.org/wp-content/uploads/2020/08/Qawarihul-Qahhar.jpg	https://www.alahazratnetwork.org/download/qawarihulqahhar/?wpdmdl=28575&refresh=6a745e20738dd1786011168		
???? ??????? ?? ????? ????? ???????	N/A	22	https://www.alahazratnetwork.org/wp-content/uploads/2020/08/Ghayatul-Tahqeeq.jpg	https://www.alahazratnetwork.org/download/ghayatultahqiq/?wpdmdl=28565&refresh=6a745e2f1b07b1786011183		
????? ??????? ???????? ?? ???? ??? ????????	N/A	27	https://www.alahazratnetwork.org/wp-content/uploads/2020/08/Tanzihul-Makanatul-Haidariyyah-768x1024.jpg	https://www.alahazratnetwork.org/download/tanzihulmakana/?wpdmdl=28560&refresh=6a745e38d05791786011192		
?????? ?????? ?? ??? ???? ??????	N/A	195	https://www.alahazratnetwork.org/wp-content/uploads/2020/08/AlZulal-ul-Anqa.jpg	https://www.alahazratnetwork.org/download/alzulalulanqa/?wpdmdl=28569&refresh=6a745e2124a0b1786011169		
????? ?????? ?????	N/A	28	https://www.alahazratnetwork.org/wp-content/uploads/2020/08/Karamate-Ghausia.jpg	https://www.alahazratnetwork.org/download/fatwakaramateghausa/?wpdmdl=28555&refresh=6a745e4045b9b1786011200		
??? ??????? ?? ??? ??? ??? ???????	N/A	37	https://www.alahazratnetwork.org/wp-content/uploads/2020/08/Tardul-Efai.jpg	https://www.alahazratnetwork.org/download/tardilefai/?wpdmdl=28551&refresh=6a745e474f7a71786011207		
????? ????? ??? ??? ?????	N/A	41	https://www.alahazratnetwork.org/wp-content/uploads/2020/08/Attaibul-Sayyib.jpg	https://www.alahazratnetwork.org/download/ataibulsayyib/?wpdmdl=28541&refresh=6a745e5247a4a1786011218		
??? ??? ???? ???? ??????	N/A	21	https://www.alahazratnetwork.org/wp-content/uploads/2020/07/Dafe-Zaig-Zaag.jpg	https://www.alahazratnetwork.org/download/dafazagh/?wpdmdl=28528&refresh=6a745e5cd19db1786011228		
????? ??????? ??? ???? ???????	N/A	24	https://www.alahazratnetwork.org/wp-content/uploads/2020/07/Al-Sehmul-Shahabi.jpg	https://www.alahazratnetwork.org/download/alshehmulshahabi/?wpdmdl=28523&refresh=6a745e643957b1786011236		
?????? ??????? ??? ????? ???????	N/A	17	https://www.alahazratnetwork.org/wp-content/uploads/2020/07/AlNiyyatul-Shahabi-768x1024.jpg	https://www.alahazratnetwork.org/download/tadlessewahabi/?wpdmdl=28518&refresh=6a745e6b1632c1786011243		
????? ?????? ?? ??? ?????? ???? ??????	N/A	308	https://www.alahazratnetwork.org/wp-content/uploads/2020/08/Shamaim-ul-Anbar.jpg	https://www.alahazratnetwork.org/download/shamaimulanbar/?wpdmdl=28547&refresh=6a745e498297f1786011209		
?????? ??????? ?? ?????? ??????? ????? ??????? ???????	N/A	194	https://www.alahazratnetwork.org/wp-content/uploads/2020/07/AlKalimatul-Mulhima-768x1024.jpg	https://www.alahazratnetwork.org/download/alkalimatulmulhimah/?wpdmdl=28510&refresh=6a745e73190f81786011251		
???? ???? ????? ?? ???? ???? ??????	N/A	35	https://www.alahazratnetwork.org/wp-content/uploads/2020/07/Nozoole-Ayat.jpg	https://www.alahazratnetwork.org/download/sukoonezamin/?wpdmdl=28497&refresh=6a745e9b1438c1786011291		
??? ???? ?? ?? ???? ????	N/A	140	https://www.alahazratnetwork.org/wp-content/uploads/2020/07/Fauze-Mubeen.jpg	https://www.alahazratnetwork.org/download/fauzemubeen/?wpdmdl=28504&refresh=6a745e8f0e9b71786011279		
????? ??????? ?? ???? ??? ?? ?????? ??? ?????	N/A	11	https://www.alahazratnetwork.org/wp-content/uploads/2020/07/Fazlal-Mohabi-768x1024.jpg	https://www.alahazratnetwork.org/download/alfazlulmohabi/?wpdmdl=28486&refresh=6a745eae2bbe11786011310		
????? ?????? ??? ?? ?????? ??????	N/A	90	https://www.alahazratnetwork.org/wp-content/uploads/2020/07/Maqamiul-Hadeed.jpg	https://www.alahazratnetwork.org/download/maqamiulhadeed/?wpdmdl=28493&refresh=6a745ea461bff1786011300		
??? ????? ?????? ?????	N/A	11	https://www.alahazratnetwork.org/wp-content/uploads/2020/06/KashfeHaqaiq.jpg	https://www.alahazratnetwork.org/download/kashfehaqaiq/?wpdmdl=28480&refresh=6a745eb5268a41786011317		
??????? ??? ???? ?? ??? ???? ???????	N/A	22	https://www.alahazratnetwork.org/wp-content/uploads/2020/06/AlSamsaam.jpg	https://www.alahazratnetwork.org/download/alsamsaam/?wpdmdl=28459&refresh=6a745ebb5a9541786011323		
????? ??????? ??? ???? ?????? ???? ?????	N/A	59	https://www.alahazratnetwork.org/wp-content/uploads/2020/06/IqamatulQiyamah.jpg	https://www.alahazratnetwork.org/download/iqamatulqiyamah/?wpdmdl=28466&refresh=6a745eb899d7a1786011320		
??? ?????? ??? ???? ??????	N/A	15	https://www.alahazratnetwork.org/wp-content/uploads/2020/06/Jamaul-Quran-754x1024.jpg	https://www.alahazratnetwork.org/download/jamalquran/?wpdmdl=28454&refresh=6a745ec4f041d1786011332		
??? ?????? ???? ???? ?????? ???????	N/A	24	https://www.alahazratnetwork.org/wp-content/uploads/2020/06/Nutqul-Hilal.jpg	https://www.alahazratnetwork.org/download/nutqulhilal/?wpdmdl=28451&refresh=6a745ec84f7081786011336		
??? ??????? ?? ???? ?????? ????????	N/A	18	https://www.alahazratnetwork.org/wp-content/uploads/2020/06/Tayyibul-Amaan.jpg	https://www.alahazratnetwork.org/download/tayyibulamaan/?wpdmdl=28440&refresh=6a745ed095e9e1786011344		
????? ????? ?? ????? ?? ??? ?????	N/A	60	https://www.alahazratnetwork.org/wp-content/uploads/2020/06/Tajalliyate-Salam.jpg	https://www.alahazratnetwork.org/download/tajaliyatulsalam/?wpdmdl=28446&refresh=6a745ecda25e31786011341		
?????? ?????? ?? ????? ????? ??????	N/A	15	https://www.alahazratnetwork.org/wp-content/uploads/2020/06/AlMaqsadul-Nafay.jpg	https://www.alahazratnetwork.org/download/almaqsadunnafay/?wpdmdl=28435&refresh=6a745ed7cc6871786011351		
??????? ?????? ?? ????? ??????	N/A	31	https://www.alahazratnetwork.org/wp-content/uploads/2020/06/AlShariatulBahiyya.jpg	https://www.alahazratnetwork.org/download/shariatulbahiyyah/?wpdmdl=28430&refresh=6a745edf8280d1786011359		
??? ??????? ???? ??? ??????	N/A	21	https://www.alahazratnetwork.org/wp-content/uploads/2020/06/Huqqatul-Marjan.jpg	https://www.alahazratnetwork.org/download/hukka/?wpdmdl=28404&refresh=6a745ee9ae7d61786011369		
????? ???????? ?? ???? ????? ????	N/A	98	https://www.alahazratnetwork.org/wp-content/uploads/2020/06/Fiqhul-tasjeeli.jpg	https://www.alahazratnetwork.org/download/fiqhultasjeeli/?wpdmdl=28424&refresh=6a745edfd8af31786011359		
????? ??????? ?? ????? ??? ???????	N/A	32	https://www.alahazratnetwork.org/wp-content/uploads/2020/06/AlNoor-wal-Zia.jpg	https://www.alahazratnetwork.org/download/alnoorwalziya/?wpdmdl=28397&refresh=6a745ef1ad8291786011377		
????? ??????? ?? ?????????? ????? ???????	N/A	18	https://www.alahazratnetwork.org/wp-content/uploads/2020/06/Tazia-Hind.jpg	https://www.alahazratnetwork.org/download/taazia/?wpdmdl=28386&refresh=6a745efa649951786011386		
???? ??????? ?? ?????? ???? ??????	N/A	19	https://www.alahazratnetwork.org/wp-content/uploads/2020/06/Huqooul-Ibad.jpg	https://www.alahazratnetwork.org/download/huqooulibad/?wpdmdl=28381&refresh=6a745f03062851786011395		
??????? ?????? ?? ??? ???????	N/A	73	https://www.alahazratnetwork.org/wp-content/uploads/2020/06/Atayal-Qadeer-fi-Hukil-Tasveer.jpg	https://www.alahazratnetwork.org/download/rulingaboutpicture/?wpdmdl=28390&refresh=6a745ef7ded501786011383		
????? ??????? ?? ???? ???????	N/A	8	https://www.alahazratnetwork.org/wp-content/uploads/2020/06/Mashala-tul-Irshad.jpg	https://www.alahazratnetwork.org/download/huqooqeaulad/?wpdmdl=28370&refresh=6a745f0ad04d51786011402		
?????? ???? ??????	N/A	68	https://www.alahazratnetwork.org/wp-content/uploads/2020/06/Al-Huqooq.jpg	https://www.alahazratnetwork.org/download/alhuqooq/?wpdmdl=28361&refresh=6a745f0be01d71786011403		
???? ??????? ?? ??? ???????	N/A	70	https://www.alahazratnetwork.org/wp-content/uploads/2020/06/AlHaqqulMujtala.jpg	https://www.alahazratnetwork.org/download/alhaqqulmujtala/?wpdmdl=28357&refresh=6a745f106b9aa1786011408		
????? ????	N/A	22	https://www.alahazratnetwork.org/wp-content/uploads/2020/06/Masale-Sama.jpg	https://www.alahazratnetwork.org/download/qawwali/?wpdmdl=28352&refresh=6a745f1c6b8921786011420		
??? ?????? ?? ??? ????? ???????	N/A	20	https://www.alahazratnetwork.org/wp-content/uploads/2020/05/KhairulAmal.jpg	https://www.alahazratnetwork.org/download/khairulamaal/?wpdmdl=28336&refresh=6a745f2307c9f1786011427		
?? ????? ?? ???? ????? ?????	N/A	12	https://www.alahazratnetwork.org/wp-content/uploads/2020/05/HikkulAib.jpg	https://www.alahazratnetwork.org/download/hikkulaib/?wpdmdl=28329&refresh=6a745f280c9711786011432		
?????? ??????? ?? ???? ????????	N/A	10	https://www.alahazratnetwork.org/wp-content/uploads/2020/05/AdallaulTaina.jpg	https://www.alahazratnetwork.org/download/adhanemulaina/?wpdmdl=28305&refresh=6a745f2b7e93e1786011435		
????? ????? ??? ??????????	N/A	60	https://www.alahazratnetwork.org/wp-content/uploads/2020/05/AlKashfulShafia.jpg	https://www.alahazratnetwork.org/download/phonograph/?wpdmdl=28298&refresh=6a745f313ab641786011441		
???? ????? ?? ???? ???????	N/A	47	https://www.alahazratnetwork.org/wp-content/uploads/2020/05/Hadi-ul-Naas.jpg	https://www.alahazratnetwork.org/download/hadiunnaas/?wpdmdl=28288&refresh=6a745f3185ce01786011441		
?? ????? ??????? ????? ??????? ??????? ???????	N/A	27	https://www.alahazratnetwork.org/wp-content/uploads/2020/05/Raddul-Qaht.jpg	https://www.alahazratnetwork.org/download/raddulqaht/?wpdmdl=28278&refresh=6a745f4225dbb1786011458		
????? ????? ????? ?????	N/A	57	https://www.alahazratnetwork.org/wp-content/uploads/2020/05/Iratul-Adab.jpg	https://www.alahazratnetwork.org/download/iratuladab/?wpdmdl=28282&refresh=6a745f40026c71786011456		
???? ????? ?? ????? ?????	N/A	73	https://www.alahazratnetwork.org/wp-content/uploads/2020/05/LamatulDuha.jpg	https://www.alahazratnetwork.org/download/lamatuddhuha/?wpdmdl=28272&refresh=6a745f4b643f11786011467		
?????? ?????? ?????? ???? ??????	N/A	114	https://www.alahazratnetwork.org/wp-content/uploads/2020/05/AlZubda-tul-Zakiyyah.jpg	https://www.alahazratnetwork.org/download/alzubdatulzakiyya/?wpdmdl=28267&refresh=6a745f4f865c01786011471		
??? ?????? ?? ??????? ???? ???????	N/A	13	https://www.alahazratnetwork.org/wp-content/uploads/2020/05/Abarrul-Maqal.jpg	https://www.alahazratnetwork.org/download/abarrulmaqal/?wpdmdl=28257&refresh=6a745f5c7a8411786011484		
???? ????? ????? ??????	N/A	31	https://www.alahazratnetwork.org/wp-content/uploads/2020/05/Marooj-un-Naja.jpg	https://www.alahazratnetwork.org/download/maroojunnaja/?wpdmdl=28248&refresh=6a745f6447fae1786011492		
????? ?????? ?? ??? ??????? ???? ??????	N/A	47	https://www.alahazratnetwork.org/wp-content/uploads/2020/05/Safaiul-Lajeen.jpg	https://www.alahazratnetwork.org/download/safaiullajeen/?wpdmdl=28252&refresh=6a745f62a130e1786011490		
????? ?????? ?? ????? ????? ????????	N/A	16	https://www.alahazratnetwork.org/wp-content/uploads/2020/05/Tayyibul-Wajeez-768x1024.jpg	https://www.alahazratnetwork.org/download/altayyibulwajeez/?wpdmdl=28242&refresh=6a745f6d5cca51786011501		
???????? ??????? ?? ??? ??? ???????	N/A	39	https://www.alahazratnetwork.org/wp-content/uploads/2020/05/Yaqootatul-Wasita.jpg	https://www.alahazratnetwork.org/download/yaqootatulwasita/?wpdmdl=28237&refresh=6a745f718a53f1786011505		
???? ??????? ?????? ??? ??????	N/A	49	https://www.alahazratnetwork.org/wp-content/uploads/2020/05/Maqalul-Urafa.jpg	https://www.alahazratnetwork.org/download/maqalulurafa/?wpdmdl=28232&refresh=6a745f72882bb1786011506		
???? ??????? ?? ????? ?????? ????????	N/A	20	https://www.alahazratnetwork.org/wp-content/uploads/2020/05/Naqaus-Salafah.jpg	https://www.alahazratnetwork.org/download/naqaussalafah/?wpdmdl=28227&refresh=6a745f7d98f021786011517		
???? ?????? ?? ??? ?????? ?????? ??????	N/A	35	https://www.alahazratnetwork.org/wp-content/uploads/2020/05/Shifa-ul-Wali.jpg	https://www.alahazratnetwork.org/download/shifaulwalih/?wpdmdl=28213&refresh=6a745f805dd4b1786011520		
??? ??????? ?? ???? ??????	N/A	29	https://www.alahazratnetwork.org/wp-content/uploads/2020/05/BadrulAnwar.jpg	https://www.alahazratnetwork.org/download/badrulanwaar/?wpdmdl=28206&refresh=6a745f86783381786011526		
??? ?????? ??? ?????? ??? ??????? ????? ????	N/A	58	https://www.alahazratnetwork.org/wp-content/uploads/2020/05/Fiqh-Shahnshah.jpg	https://www.alahazratnetwork.org/download/fiqhshahansha/?wpdmdl=28203&refresh=6a745f8c9cd111786011532		
????? ??????? ???? ?????????	N/A	38	https://www.alahazratnetwork.org/wp-content/uploads/2020/05/Barkatul-Imdad.jpg	https://www.alahazratnetwork.org/download/barkatulimdad/?wpdmdl=28197&refresh=6a745f8fdab8a1786011535		
????? ?????? ??? ???? ?????? ????? ???	N/A	16	https://www.alahazratnetwork.org/wp-content/uploads/2020/05/SuwalSyedAsif.jpg	https://www.alahazratnetwork.org/download/suwalsyedasif/?wpdmdl=28193&refresh=6a745f97d5e821786011543		
??? ???? ?? ????? ?????	N/A	31	https://www.alahazratnetwork.org/wp-content/uploads/2020/05/Jali-al-Nas.jpg	https://www.alahazratnetwork.org/download/jalialnas/?wpdmdl=28188&refresh=6a745f9cd33dd1786011548		
???? ??????? ?????? ???????	N/A	39	https://www.alahazratnetwork.org/wp-content/uploads/2020/05/Hadi-ul-Udhiyyah.jpg	https://www.alahazratnetwork.org/download/hadiuludhiyya/?wpdmdl=28171&refresh=6a745fa75983a1786011559		
??????? ??????? ???? ???? ???????	N/A	73	https://www.alahazratnetwork.org/wp-content/uploads/2020/05/AlSafiyatulMohiya.jpg	https://www.alahazratnetwork.org/download/alsafiyah/?wpdmdl=28183&refresh=6a745fa0b23731786011552		
??? ???????? ?? ??? ????? ????????	N/A	12	https://www.alahazratnetwork.org/wp-content/uploads/2020/05/Subulul-Asfiya.jpg	https://www.alahazratnetwork.org/download/subululasfiya/?wpdmdl=28165&refresh=6a745faf60e001786011567		
???? ????? ????? ????? ?? ????? ?????	N/A	11	https://www.alahazratnetwork.org/wp-content/uploads/2020/05/Ajwad-ul-Qura-768x1024.jpg	https://www.alahazratnetwork.org/download/ajwadulqura/?wpdmdl=28157&refresh=6a745fb70829b1786011575		
???? ????? ?????? ??? ??? ??? ????	N/A	46	https://www.alahazratnetwork.org/wp-content/uploads/2020/05/Money-Order.jpg	https://www.alahazratnetwork.org/download/rulingaboutmoneyorder/?wpdmdl=28161&refresh=6a745fb3e14e31786011571		
??? ?????? ?? ??? ???????	N/A	15	https://www.alahazratnetwork.org/wp-content/uploads/2020/05/Fathul-Maleek.jpg	https://www.alahazratnetwork.org/download/fathulmaleek/?wpdmdl=28153&refresh=6a745fbcce3c71786011580		
???? ??????? ?? ??? ???????	N/A	24	https://www.alahazratnetwork.org/wp-content/uploads/2020/05/Ansa-Hul-Hukamah.jpg	https://www.alahazratnetwork.org/download/ansahulhukamah/?wpdmdl=28139&refresh=6a745fc350f6d1786011587		
????? ???????? ?? ??????? ??????? ????????	N/A	57	https://www.alahazratnetwork.org/wp-content/uploads/2020/05/AlHibatul-Ahmadiyyah.jpg	https://www.alahazratnetwork.org/download/alhibatulahmadiyya/?wpdmdl=28149&refresh=6a745fc1eec871786011585		
???? ?????? ?????? ?? ????? ????? ????????????? ?????? ?????? ?????	N/A	57	https://www.alahazratnetwork.org/wp-content/uploads/2020/04/AlZailulManoot.jpg	https://www.alahazratnetwork.org/download/risalanote/?wpdmdl=28124&refresh=6a745fccd98531786011596		
????? ???????? ?? ?????? ??? ??????	N/A	37	https://www.alahazratnetwork.org/wp-content/uploads/2020/04/Ibantaul-Mutwari-768x1024.jpg	https://www.alahazratnetwork.org/download/ibanatulmutwari/?wpdmdl=28112&refresh=6a745fd79e07a1786011607		
??? ?????? ?????? ?? ????? ????? ???????	N/A	109	https://www.alahazratnetwork.org/wp-content/uploads/2020/04/KiflulFaqhihulFahim.jpg	https://www.alahazratnetwork.org/download/kiflulfaqeeh/?wpdmdl=28118&refresh=6a745fd2444181786011602		
??????? ????? ?? ?? ??????	N/A	21	https://www.alahazratnetwork.org/wp-content/uploads/2020/04/AlTahreeul-Jayyed-774x1024.jpg	https://www.alahazratnetwork.org/download/altahriruljayyed/?wpdmdl=28107&refresh=6a745fe2896011786011618		
???? ????? ????? ?????	N/A	30	https://www.alahazratnetwork.org/wp-content/uploads/2020/04/Jawwal-ul-Alo-scaled.jpg	https://www.alahazratnetwork.org/download/jawwalulalow/?wpdmdl=28104&refresh=6a745feb5c3341786011627		
?????? ??????? ??? ?????? ?????????	N/A	19	https://www.alahazratnetwork.org/wp-content/uploads/2020/05/Jurazi-ul-Dayyani-768x1024.jpg	https://www.alahazratnetwork.org/download/aljurazuldayyani/?wpdmdl=28091&refresh=6a745ff43f6cd1786011636		
??? ?????? ??? ?????? ???????	N/A	17	https://www.alahazratnetwork.org/wp-content/uploads/2020/04/Qahrul-Dayyan.jpg	https://www.alahazratnetwork.org/download/qahruldayyan/?wpdmdl=28086&refresh=6a745ffc106c81786011644		
???? ???? ???? ?????? ??? ??????	N/A	114	https://www.alahazratnetwork.org/wp-content/uploads/2020/04/Jaza-Allah-adawwa-scaled.jpg	https://www.alahazratnetwork.org/download/khatmunnubuwwa/?wpdmdl=28096&refresh=6a745fecb2c561786011628		
??? ?????? ?? ????? ????	N/A	16	https://www.alahazratnetwork.org/wp-content/uploads/2020/04/Hijabul-Awar-scaled.jpg	https://www.alahazratnetwork.org/download/hijabulawar/?wpdmdl=28080&refresh=6a7460043bcbe1786011652		
????? ??????? ??? ?????? ??????	N/A	25	https://www.alahazratnetwork.org/wp-content/uploads/2020/04/AlSoeWalAiqab-scaled.jpg	https://www.alahazratnetwork.org/download/alsoowalaiqab/?wpdmdl=28075&refresh=6a7460092205f1786011657		
??? ??????? ???????	N/A	26	https://www.alahazratnetwork.org/wp-content/uploads/2020/04/Babul-Aqaid-wal-Kalam-scaled.jpg	https://www.alahazratnetwork.org/download/babulaqaid/?wpdmdl=28069&refresh=6a74600facb3d1786011663		
????? ?????? ????? ????????	N/A	50	https://www.alahazratnetwork.org/wp-content/uploads/2020/04/AlQamhul-Mubeen.jpg	https://www.alahazratnetwork.org/download/alqumhulmubeen/?wpdmdl=28063&refresh=6a746011cfe6a1786011665		
????? ??? ???? ??????	N/A	14	https://www.alahazratnetwork.org/wp-content/uploads/2020/04/Damane-Bagh.jpg	https://www.alahazratnetwork.org/download/damanebagh/?wpdmdl=28058&refresh=6a74601a195e31786011674		
?? ?????? ??????? ??? ?????? ???? ???????	N/A	20	https://www.alahazratnetwork.org/wp-content/uploads/2020/04/Salas-Siyuful-Hindiya-scaled.jpg	https://www.alahazratnetwork.org/download/sallalsiyubalhindiya/?wpdmdl=28048&refresh=6a746021a69391786011681		
??????? ???????? ?? ?????? ??? ????????	N/A	72	https://www.alahazratnetwork.org/wp-content/uploads/2020/04/AlKokabatul-Shahbiah-scaled.jpg	https://www.alahazratnetwork.org/download/alkokabatulshabiyah/?wpdmdl=28044&refresh=6a74602a51b201786011690		
???? ?????? ?? ??? ??? ?????	N/A	141	https://www.alahazratnetwork.org/wp-content/uploads/2020/04/Subhan-Al-Subooh.jpg	https://www.alahazratnetwork.org/download/subhanalsubooh/?wpdmdl=28053&refresh=6a74601e770741786011678		
????? ???? ? ???? ? ?????	N/A	9	https://www.alahazratnetwork.org/wp-content/uploads/2020/04/TadbeereFalah.jpg	https://www.alahazratnetwork.org/download/tadbeerefalah/?wpdmdl=28038&refresh=6a746037a98a91786011703		
??????? ??????? ??? ?????? ????????	N/A	38	https://www.alahazratnetwork.org/wp-content/uploads/2020/04/AlDalalul-Qahirah.jpg	https://www.alahazratnetwork.org/download/aldalailulqahirah/?wpdmdl=28035&refresh=6a74603d3df4a1786011709		
????? ?????	N/A	14	https://www.alahazratnetwork.org/wp-content/uploads/2020/04/Abhase-Akheerah.jpg	https://www.alahazratnetwork.org/download/abhaseakhirah/?wpdmdl=28030&refresh=6a74603de9bb41786011709		
????? ??????? ??? ???? ????????	N/A	10	https://www.alahazratnetwork.org/wp-content/uploads/2020/04/Al-Jabal-al-Sanvi-ala-kulyatil-Thanvi.jpg	https://www.alahazratnetwork.org/download/%d8%a7%d9%84%d8%ac%d8%a8%d9%84-%d8%a7%d9%84%d8%ab%d8%a7%d9%86%d9%88%d9%8a-%d8%b9%d9%84%d9%89-%d9%83%d9%84%d9%8a%d8%a9-%d8%a7%d9%84%d8%aa%d9%87%d8%a7%d9%86%d9%88%d9%8a/?wpdmdl=28025&refresh=6a746047c01891786011719		
???? ????? ??? ??????? ???????	N/A	42	https://www.alahazratnetwork.org/wp-content/uploads/2020/04/HayatulShaikhTajushShariah.jpg	https://www.alahazratnetwork.org/download/shaikhtajushshariaharabic/?wpdmdl=27977&refresh=6a74604e6cdcc1786011726		
????? ??????? ?? ?? ???? ?????	N/A	210	https://www.alahazratnetwork.org/wp-content/uploads/2020/04/Fatawal-Haramain.jpg	https://www.alahazratnetwork.org/download/%d9%81%d8%aa%d8%a7%d9%88%db%8c-%d8%a7%d9%84%d8%ad%d8%b1%d9%85%db%8c%d9%86-%d8%a8%d8%b1-%d8%ac%d9%81-%d9%86%d8%af%d9%88%db%83-%d8%a7%d9%84%d9%85%db%8c%d9%86/?wpdmdl=27972&refresh=6a746058bb45e1786011736		
Al-Amnu Wa al-‘Ul? English Translation	N/A	303	https://www.alahazratnetwork.org/wp-content/uploads/2020/04/AlAmnu_wal_Ula_English.jpg	https://www.alahazratnetwork.org/download/al-amnu-wa-al-ula-english-translation/?wpdmdl=27985&refresh=6a746049a66e71786011721		
???? ??????? ??? ???? ????? ??????	N/A		https://www.alahazratnetwork.org/wp-content/uploads/2020/04/Hussam-ul-Haramain-Arabic.jpg	https://www.alahazratnetwork.org/download/hussamulharamainarabic/?wpdmdl=27962&refresh=6a74a436875c31786029110		
????? ?????? ?????? ??? ??????? ? ??????	N/A	336	https://www.alahazratnetwork.org/wp-content/uploads/2020/04/AzaqatulAasam.jpg	https://www.alahazratnetwork.org/download/izaqatulaasam/?wpdmdl=27954&refresh=6a746067d63e91786011751		
????? ? ?????	N/A	77	https://www.alahazratnetwork.org/wp-content/uploads/2020/04/AainaeQiyamat.jpg	https://www.alahazratnetwork.org/download/ainaeqiyamat/?wpdmdl=27937&refresh=6a74608a7ef741786011786		
???????? ?????	N/A	75	https://www.alahazratnetwork.org/wp-content/uploads/2020/04/NigarastaneLatafat.jpg	https://www.alahazratnetwork.org/download/nigarastanelatafat/?wpdmdl=27930&refresh=6a746098686001786011800		
??????? ??? ???? 1994 ?????? ??? ?????? ????	N/A	217	https://www.alahazratnetwork.org/wp-content/uploads/2020/04/Sunn-Dunya-Hasan-Bareilvi-Number.png	https://www.alahazratnetwork.org/download/sunnidunya1994/?wpdmdl=27948&refresh=6a74607aa9e161786011770		
???? ???	N/A	72	https://www.alahazratnetwork.org/wp-content/uploads/2020/04/DeeneHassan.jpg	https://www.alahazratnetwork.org/download/deenehassan/?wpdmdl=27924&refresh=6a7460ab4abb71786011819		
??? ?????? ? ??????? ???????? ?? ??????? ????????	N/A		https://www.alahazratnetwork.org/wp-content/uploads/2020/04/Tuzk-e-Murtazvi.jpg	https://www.alahazratnetwork.org/download/tuzkemurtazvi/?wpdmdl=27900&refresh=6a74a43ac3a0a1786029114		
?????? ??? ??? ?????? ?? ???? ?????	N/A	95	https://www.alahazratnetwork.org/wp-content/uploads/2020/04/MoulanaHassanRazaKhidmaat.jpg	https://www.alahazratnetwork.org/download/molanahasanrazakiadabikhidmaat/?wpdmdl=27918&refresh=6a7460b612ae71786011830		
Zauq-e-Naat (Naat Collection)	N/A	134	https://www.alahazratnetwork.org/wp-content/uploads/2020/04/ZauqeNaat.jpg	https://www.alahazratnetwork.org/download/zauq-e-naat-naat-collection/?wpdmdl=27883&refresh=6a7460dc964dd1786011868		
Kulliyate Hassan ?????? ???	N/A		https://www.alahazratnetwork.org/wp-content/uploads/2020/04/Kulliyat-e-Hasan..jpg	https://www.alahazratnetwork.org/download/kulliyatehassan/?wpdmdl=27891&refresh=6a74a43e5a9931786029118		
????? ????	N/A	126	https://www.alahazratnetwork.org/wp-content/uploads/2020/04/Wasaele-Bakhshish.jpg	https://www.alahazratnetwork.org/download/wasaukebakhshish/?wpdmdl=27871&refresh=6a7460f6a93a11786011894		
????? ???? ??? ???? ???	N/A	33	https://www.alahazratnetwork.org/wp-content/uploads/2020/04/RehaneBakhshish.jpg	https://www.alahazratnetwork.org/download/%d8%b1%db%8c%d8%ad%d8%a7%d9%86-%d8%a8%d8%ae%d8%b4%d8%b4-%d8%a7%d9%88%d8%b1-%d8%a8%db%8c%d8%a7%d8%b6-%d9%be%d8%a7%da%a9/?wpdmdl=27877&refresh=6a7460efd11d21786011887		
????? ??????? ??? ?????? ???? ???? ??? ?? ??????1920 ?? 1947 ??	N/A	411	https://www.alahazratnetwork.org/wp-content/uploads/2020/04/TahreekePakistanMainKhulfaeAlahazrat.jpg	https://www.alahazratnetwork.org/download/tehreekepakistankhulafaealahazrat/?wpdmdl=27820&refresh=6a7461035be961786011907		
The Preamble to Faith – Tamhid-e-Iman	N/A	145	https://www.alahazratnetwork.org/wp-content/uploads/2020/04/The-Preamble-to-Faith.jpg	https://www.alahazratnetwork.org/download/the-preamble-to-faith-tamhid-e-iman/?wpdmdl=27814&refresh=6a74610f006101786011919		
???? ???? ??? ??? ? ???? ?? ????? ???	N/A	38	https://www.alahazratnetwork.org/wp-content/uploads/2020/04/Aqlo-Danish-Ki-Adalat-Main.jpg	https://www.alahazratnetwork.org/download/aqlodanishkiadalatmain/?wpdmdl=27689&refresh=6a74612207b911786011938		
Hadaiq-e-Bakhshish (Naats of Alahazrat)	N/A	103	https://www.alahazratnetwork.org/wp-content/uploads/2020/04/Hadaiqe-Bakhshish..jpg	https://www.alahazratnetwork.org/download/hadaiq-e-bakhshish-naats-of-alahazrat/?wpdmdl=27635&refresh=6a746121c39b21786011937		
Isharya Fatawa Ridawiyyah	N/A	261	https://www.alahazratnetwork.org/wp-content/uploads/2020/04/Isharya-Fatawa-Razviah.jpg	https://www.alahazratnetwork.org/download/isharya-fatawa-ridawiyyah/?wpdmdl=27483&refresh=6a74612e1983a1786011950		
Fatawa Ridawiyyah Volume 10 ?????? ????? ???	N/A	811	https://www.alahazratnetwork.org/wp-content/uploads/2020/01/fatawa_10.jpg	https://www.alahazratnetwork.org/download/fatawaridawiyyahvolume10/?wpdmdl=27477&refresh=6a7461503aafa1786011984		
Fatawa Ridawiyyah Volume 1 ?????? ????? ???	N/A	1151	https://www.alahazratnetwork.org/wp-content/uploads/2020/01/fatawa_1-1.jpg	https://www.alahazratnetwork.org/download/fatawa-ridawiyyah-volume-1-%d9%81%d8%aa%d8%a7%d9%88%db%8c%d9%b0-%d8%b1%d8%b6%d9%88%db%8c%db%81-%d8%ac%d9%84%d8%af/?wpdmdl=27478&refresh=6a749a9f922741786026655		
???????? ?? ?????	N/A	33	https://www.alahazratnetwork.org/wp-content/uploads/2020/04/FatehaKaSaboot_Hindi-scaled.jpg	https://www.alahazratnetwork.org/download/%e0%a4%ab%e0%a4%be%e0%a4%bc%e0%a4%a4%e0%a4%bf%e0%a4%b9%e0%a4%be%e0%a4%bc-%e0%a4%95%e0%a4%be-%e0%a4%b8%e0%a5%81%e0%a4%ac%e0%a5%82%e0%a4%a4/?wpdmdl=27460&refresh=6a7461f333ad11786012147		
??????? ??????	N/A	37	https://www.alahazratnetwork.org/wp-content/uploads/2020/04/IrfaneShariat-Hindi-scaled.jpg	https://www.alahazratnetwork.org/download/%e0%a4%88%e0%a4%b0%e0%a4%ab%e0%a4%be%e0%a4%bc%e0%a4%a8%e0%a5%87-%e0%a4%b6%e0%a4%b0%e0%a4%bf%e0%a4%85%e0%a4%bc%e0%a4%a4/?wpdmdl=27451&refresh=6a746205df97e1786012165		
????? ?????	N/A	17	https://www.alahazratnetwork.org/wp-content/uploads/2020/04/DawateMayyet-Hindi-scaled.jpg	https://www.alahazratnetwork.org/download/%e0%a4%a6%e0%a4%be%e0%a4%b5%e0%a4%a4%e0%a5%87-%e0%a4%ae%e0%a4%af%e0%a5%8d%e0%a4%af%e0%a4%a4/?wpdmdl=27448&refresh=6a74621b352661786012187		
???????? ???????	N/A	49	https://www.alahazratnetwork.org/wp-content/uploads/2020/04/HuqooqeWaldain_Hindi-scaled.jpg	https://www.alahazratnetwork.org/download/%e0%a4%b9%e0%a4%bc%e0%a5%81%e0%a4%95%e0%a4%bc%e0%a5%81%e0%a4%95%e0%a5%87-%e0%a4%b5%e0%a4%be%e0%a4%b2%e0%a4%bf%e0%a4%a6%e0%a5%88%e0%a4%a8/?wpdmdl=27441&refresh=6a7462223a0c41786012194		
????? ????? ???? ??????? ???? ???? ???? ???? ??????	N/A	19	https://www.alahazratnetwork.org/wp-content/uploads/2020/04/Jali-al-Saut-Hindi.1-768x1024.jpg	https://www.alahazratnetwork.org/download/%e0%a4%a6%e0%a4%be%e0%a4%b5%e0%a4%a4%e0%a5%87-%e0%a4%9a%e0%a4%b9%e0%a4%b2%e0%a5%81%e0%a4%ae-%e0%a4%b2%e0%a5%87%e0%a4%96%e0%a4%95-%e0%a4%86%e0%a4%b2%e0%a4%be%e0%a4%b9%e0%a5%9b%e0%a4%b0%e0%a4%a4/?wpdmdl=27435&refresh=6a74623ec68b11786012222		
Topologie	N/A	14	https://www.alahazratnetwork.org/wp-content/uploads/2020/04/Topology-Dutch.jpg	https://www.alahazratnetwork.org/download/topologie/?wpdmdl=27404&refresh=6a746250ba3d81786012240		
Schepping van de Malaaikah	N/A	12	https://www.alahazratnetwork.org/wp-content/uploads/2020/04/Creation-of-Malaikh-Dutch.jpg	https://www.alahazratnetwork.org/download/schepping-van-de-malaaikah/?wpdmdl=27396&refresh=6a74625b86a6d1786012251		
Embryologie weerleggin van de aanspraak van een christelijke preister	N/A	26	https://www.alahazratnetwork.org/wp-content/uploads/2020/04/Embriology-dutch.jpg	https://www.alahazratnetwork.org/download/embryologie-weerleggin-van-de-aanspraak-van-een-christelijke-preister/?wpdmdl=27393&refresh=6a746263adf641786012259		
Fatawa Ridawiyyah Volume 9 ?????? ????? ???	N/A	890	https://www.alahazratnetwork.org/wp-content/uploads/2020/01/fatawa_9.jpg	https://www.alahazratnetwork.org/download/fatawarazaviahvol9/?wpdmdl=27471&refresh=6a7461da1e8641786012122		
Economische richtlijnen voor moesliems	N/A	22	https://www.alahazratnetwork.org/wp-content/uploads/2020/04/Economic-Dutch.jpg	https://www.alahazratnetwork.org/download/economische-richtlijnen-voor-moesliems/?wpdmdl=27387&refresh=6a74627020c331786012272		
Azaan-oel-Khabar fie Azaan-oel-Qabar	N/A	29	https://www.alahazratnetwork.org/wp-content/uploads/2020/04/azan-on-gran-in-dutch.jpg	https://www.alahazratnetwork.org/download/azaan-oel-khabar-fie-azaan-oel-qabar/?wpdmdl=27380&refresh=6a746278df57e1786012280		
Alahazrat Biography in Dutch Language	N/A	43	https://www.alahazratnetwork.org/wp-content/uploads/2020/04/Dutch-biography.jpg	https://www.alahazratnetwork.org/download/alahazrat-biography-in-dutch-language/?wpdmdl=27374&refresh=6a74627abb15c1786012282		
??? ??? ?? ???? ????? ????	N/A	50	https://www.alahazratnetwork.org/wp-content/uploads/2020/03/Nasre-Raza-Kay-Adabi-Jawahir-Paray.jpg	https://www.alahazratnetwork.org/download/nasrerazakayadabijawahirparay/?wpdmdl=27359&refresh=6a74628530d751786012293		
????? ???? ????? ?????? ??? ???? ?? ????? ????? ?? ?????? ??????	N/A	242	https://www.alahazratnetwork.org/wp-content/uploads/2020/03/Mustafa-Raza-Noori-Naatia-Shairi.jpg	https://www.alahazratnetwork.org/download/muftiazamhindkinaatiashairi/?wpdmdl=27366&refresh=6a7462814bd041786012289		
???? ???? ??? ?? ????? ?????? ??? ?????? ??????	N/A	383	https://www.alahazratnetwork.org/wp-content/uploads/2020/03/ImamKiNatiashairi.jpg	https://www.alahazratnetwork.org/download/researchonimamsnaatiapoetry/?wpdmdl=27354&refresh=6a74628d523701786012301		
????? ? ???? ???	N/A	112	https://www.alahazratnetwork.org/wp-content/uploads/2020/03/Iqbal-o-Ahmad-Raza.jpg	https://www.alahazratnetwork.org/download/iqbaloahmadraza/?wpdmdl=27348&refresh=6a74629b1ba0f1786012315		
????? ????? ???? ??? ??? ?????? ???? ??? ??? ??????	N/A	47	https://www.alahazratnetwork.org/wp-content/uploads/2020/03/Mukhtarsari-Swaneh.jpg	https://www.alahazratnetwork.org/download/mukhtarsirswaneh/?wpdmdl=27343&refresh=6a7462aab49671786012330		
???? ??? ?????? ?? ????? ???? ??? ?? ????? ??	N/A	52	https://www.alahazratnetwork.org/wp-content/uploads/2020/03/Hazrat-Raza-bareilvi-ki-shakhsiyyat.jpg	https://www.alahazratnetwork.org/download/shakhsiyyattasawarreishq/?wpdmdl=27338&refresh=6a7462adbdaa91786012333		
??? ???? ????	N/A	82	https://www.alahazratnetwork.org/wp-content/uploads/2020/03/Yade-Alahazrat.jpg	https://www.alahazratnetwork.org/download/yadealahazrat/?wpdmdl=27311&refresh=6a7462b530ce31786012341		
???? ???? ??? ???	N/A	65	https://www.alahazratnetwork.org/wp-content/uploads/2020/03/Hayate-Imame-Ahle-Sunnat.jpg	https://www.alahazratnetwork.org/download/hayateimameahlesunnat/?wpdmdl=27303&refresh=6a7462b9c944a1786012345		
?????? ???? ???? ???	N/A	225	https://www.alahazratnetwork.org/wp-content/uploads/2020/03/Taqareeze-Imam-Ahmad-Raza.jpg	https://www.alahazratnetwork.org/download/taqareezeimamahmadraza/?wpdmdl=27296&refresh=6a7462c6eb6e51786012358		
????? ? ???? ???? ???? ???? ????? ??????	N/A	242	https://www.alahazratnetwork.org/wp-content/uploads/2020/03/AhwaloAsar-Mujaddide-Islam.jpg	https://www.alahazratnetwork.org/download/ahwaloaasaralahazrat/?wpdmdl=27292&refresh=6a7462ca583cf1786012362		
??????? ???? ???? ??? ??? ??????	N/A	206	https://www.alahazratnetwork.org/wp-content/uploads/2020/03/Maktoobate-Alahazrat.jpg	https://www.alahazratnetwork.org/download/%d9%85%da%a9%d8%aa%d9%88%d8%a8%d8%a7%d8%aa-%d8%a7%d9%85%d8%a7%d9%85-%d8%a7%d8%ad%d9%85%d8%af-%d8%b1%d8%b6%d8%a7-%d8%ae%d8%a7%d9%86-%d8%a8%d8%b1%db%8c%d9%84%d9%88%db%8c/?wpdmdl=27287&refresh=6a7462ff8a8a01786012415		
???? ??????	N/A	165	https://www.alahazratnetwork.org/wp-content/uploads/2020/03/Mohaddis-Bareilvi.jpg	https://www.alahazratnetwork.org/download/mohaddisbareilvi/?wpdmdl=27272&refresh=6a7463357ee8f1786012469		
?????? ??????? ??? ?? ???? ???? ? ??? ??? ?????	N/A	326	https://www.alahazratnetwork.org/wp-content/uploads/2020/03/Alahazrat-Ki-Arabic-Khidmaat.jpg	https://www.alahazratnetwork.org/download/alahazratkiarabickhidmaat/?wpdmdl=27280&refresh=6a746309062451786012425		
??? ???	N/A	60	https://www.alahazratnetwork.org/wp-content/uploads/2020/03/Zikre-Raza.jpg	https://www.alahazratnetwork.org/download/zikreraza/?wpdmdl=27261&refresh=6a74634dd718a1786012493		
?????? ????? ?? ???? ??? ?????? ???? ??? ??? ?? ?????	N/A	51	https://www.alahazratnetwork.org/wp-content/uploads/2020/03/Aqeeda-Tauheed-ka-Tahaffuz.jpg	https://www.alahazratnetwork.org/download/aqeedaetauheedkatahaffuz/?wpdmdl=27264&refresh=6a74634c2e3c71786012492		
?????? ???? ??????	N/A	163	https://www.alahazratnetwork.org/wp-content/uploads/2020/03/Khulafae-Mohaddis-Bareilvi.jpg	https://www.alahazratnetwork.org/download/khulafaemohaddisbareilvi/?wpdmdl=27250&refresh=6a746365b6f5b1786012517		
????? ???? ?? ????? ????	N/A	67	https://www.alahazratnetwork.org/wp-content/uploads/2020/03/Alahazrat-Ki-Tareekh-Goi.jpg	https://www.alahazratnetwork.org/download/alahazratkitareekhgoi/?wpdmdl=27256&refresh=6a746365d47831786012517		
???? ???? ??? ??? ????? ??????	N/A	57	https://www.alahazratnetwork.org/wp-content/uploads/2020/03/Islahe-Muashra.jpg	https://www.alahazratnetwork.org/download/imamaurislahemuashra/?wpdmdl=27234&refresh=6a74637a0af451786012538		
"??????? ???????? ????????? ???? ?????????"	N/A	154	https://www.alahazratnetwork.org/wp-content/uploads/2020/03/AlSwarimul-Hindya.jpg	https://www.alahazratnetwork.org/download/alsawarimulhindiya/?wpdmdl=27244&refresh=6a746371131481786012529		
???? ???? ??? ??? ?????? ?????	N/A	220	https://www.alahazratnetwork.org/wp-content/uploads/2020/03/Imam-and-Scientific-Research.jpg	https://www.alahazratnetwork.org/download/imamandscientificresearch/?wpdmdl=27220&refresh=6a74639517fba1786012565		
???? ???? ?? 150 ???????? ?? ??????	N/A	41	https://www.alahazratnetwork.org/wp-content/uploads/2020/03/Aitrazat-kay-jawabat.jpg	https://www.alahazratnetwork.org/download/answertoobjections/?wpdmdl=27211&refresh=6a7463c59e8801786012613		
?????? ?????? ????? ????	N/A	369	https://www.alahazratnetwork.org/wp-content/uploads/2020/03/Khulafae-Alahazrat.jpg	https://www.alahazratnetwork.org/download/khulafaealahazrat/?wpdmdl=27231&refresh=6a7463843bc9a1786012548		
???? ???? ??? ??? ????? ????	N/A	46	https://www.alahazratnetwork.org/wp-content/uploads/2020/03/Mazloom-Mufakkir.jpg	https://www.alahazratnetwork.org/download/mazloommufakkir/?wpdmdl=27205&refresh=6a7463d567b871786012629		
???? ??????? ?? ?????? ? ????? ? ?????	N/A		https://www.alahazratnetwork.org/wp-content/uploads/2020/03/Hussam-ul-Haramin-ki-Haqqaniyyat.jpg	https://www.alahazratnetwork.org/download/hussamulharamainkihaqqaniyyat/?wpdmdl=27200&refresh=6a74a443a35251786029123		
???? ???? ???? ???	N/A	109	https://www.alahazratnetwork.org/wp-content/uploads/2020/03/Seerate-Imam-Ahmad-Raza.jpg	https://www.alahazratnetwork.org/download/seerateimamahmadraza/?wpdmdl=27194&refresh=6a7463e2c70d31786012642		
??? ? ?? ???	N/A	10	https://www.alahazratnetwork.org/wp-content/uploads/2020/03/Khoob-o-na-khoob.jpg	https://www.alahazratnetwork.org/download/khoobonakhoob/?wpdmdl=27188&refresh=6a7463f4045741786012660		
????? ???? ?? ???? ????	N/A	16	https://www.alahazratnetwork.org/wp-content/uploads/2020/03/Qalmi-Jihad.jpg	https://www.alahazratnetwork.org/download/qalmijihad/?wpdmdl=27182&refresh=6a7463f7ede0b1786012663		
????? ?? ???? ????? ? ?????	N/A	38	https://www.alahazratnetwork.org/wp-content/uploads/2020/03/AnNabi-ka-meaning.jpg	https://www.alahazratnetwork.org/download/alnabikaymeanings/?wpdmdl=27169&refresh=6a7463fdbe8651786012669		
????? ??????????	N/A	64	https://www.alahazratnetwork.org/wp-content/uploads/2020/03/Tasheele-Kanzul-Iman.jpg	https://www.alahazratnetwork.org/download/tasheelekanzuliman/?wpdmdl=27176&refresh=6a7463fbe38cc1786012667		
???? ???? ??? ?? ??? ????? ?? ?????	N/A	15	https://www.alahazratnetwork.org/wp-content/uploads/2020/03/ilzam-ki-haqeeqat.jpg	https://www.alahazratnetwork.org/download/ilzamkihaqeeqat/?wpdmdl=27164&refresh=6a74640711d2d1786012679		
???? ?????	N/A	14	https://www.alahazratnetwork.org/wp-content/uploads/2020/03/Bahare-Aqeedat.jpg	https://www.alahazratnetwork.org/download/%d8%a8%db%81%d8%a7%d8%b1-%d8%b9%d9%82%db%8c%d8%af%d8%aa/?wpdmdl=27157&refresh=6a746407c6df31786012679		
????? ???? ????	N/A	53	https://www.alahazratnetwork.org/wp-content/uploads/2020/03/Alahazrat-kaun.jpg	https://www.alahazratnetwork.org/download/alahazratkaun/?wpdmdl=27153&refresh=6a74640d8309e1786012685		
?????? ??? ??? ??? ????? ??? ???? ? ???? ???????	N/A	218	https://www.alahazratnetwork.org/wp-content/uploads/2020/03/Molana-Naqi-Ali-Khan-Hayat-Aur-Ilmi-o-Adabi-Karnamay.jpg	https://www.alahazratnetwork.org/download/27145/?wpdmdl=27145&refresh=6a7464100b4621786012688		
???? ???? ??? ??? ??? ??????	N/A	53	https://www.alahazratnetwork.org/wp-content/uploads/2020/03/Imam-aur-ilme-sotiyat.jpg	https://www.alahazratnetwork.org/download/imamandknowledgeofvoices/?wpdmdl=27131&refresh=6a746425629711786012709		
???? ???? ??? ??? ??? ??????	N/A	661	https://www.alahazratnetwork.org/wp-content/uploads/2020/03/Imam-Ahmad-Raza-Aur-Ishqe-Mustafa.jpg	https://www.alahazratnetwork.org/download/imamaurishqemustafa/?wpdmdl=27136&refresh=6a74641b0fe1e1786012699		
???? ??????? ?? ?? ???	N/A	51	https://www.alahazratnetwork.org/wp-content/uploads/2020/03/100-years-of-Hussam.jpg	https://www.alahazratnetwork.org/download/%d8%ad%d8%b3%d8%a7%d9%85-%d8%a7%d9%84%d8%ad%d8%b1%d9%85%db%8c%d9%86-%da%a9%db%92-%d8%b3%d9%88-%d8%b3%d8%a7%d9%84/?wpdmdl=27119&refresh=6a746456c02281786012758		
???? ???? ??? ?????? ??? ?? ??? ???	N/A	54	https://www.alahazratnetwork.org/wp-content/uploads/2020/03/Imam-aur-Ulame-Shaam-Syria.jpg	https://www.alahazratnetwork.org/download/imamandsyrianscholars/?wpdmdl=27113&refresh=6a74646069bbf1786012768		
?? ????? ??? ???? ?????	N/A	318	https://www.alahazratnetwork.org/wp-content/uploads/2020/03/Fanne-Shairi-aur-Hassan-ul-Hind.jpg	https://www.alahazratnetwork.org/download/hassanulhind/?wpdmdl=27126&refresh=6a74642cda3d81786012716		
???? ???? ??? ??? ????? ???	N/A	337	https://www.alahazratnetwork.org/wp-content/uploads/2020/03/Imam-aur-Ulame-Makkah.jpg	https://www.alahazratnetwork.org/download/imamaurulamemakkah/?wpdmdl=27107&refresh=6a746468b35c61786012776		
????????? ?? ?????? ? ?????? ?????	N/A	242	https://www.alahazratnetwork.org/wp-content/uploads/2020/03/AlBareilviah-ka-Tanqeedi-Jaiza.jpg	https://www.alahazratnetwork.org/download/albareilviyyah/?wpdmdl=27100&refresh=6a746484b24b31786012804		
???? ???? ?? ???? ????	N/A	182	https://www.alahazratnetwork.org/wp-content/uploads/2020/03/Alahazrat-Ka-Fiqhi-Maqam.jpg	https://www.alahazratnetwork.org/download/%d8%a7%d8%b9%d9%84%db%8c-%d8%ad%d8%b6%d8%b1%d8%aa-%da%a9%d8%a7-%d9%81%d9%82%db%81%db%8c-%d9%85%d9%82%d8%a7%d9%85/?wpdmdl=27047&refresh=6a74648e3e7d31786012814		
???? ????? ?? ????? ?????	N/A	33	https://www.alahazratnetwork.org/wp-content/uploads/2020/03/Anfasul-Fikr.jpg	https://www.alahazratnetwork.org/download/anfasulfikr/?wpdmdl=26648&refresh=6a7464ae7307d1786012846		
??????? ??? ???? ?? ??? ???? ?????	N/A	147	https://www.alahazratnetwork.org/wp-content/uploads/2020/03/14thCentury_AzeemShaksiyyat.jpg	https://www.alahazratnetwork.org/download/14thcentury_personality/?wpdmdl=27038&refresh=6a74649d5d7ef1786012829		
?????? ???? ???????	N/A	26	https://www.alahazratnetwork.org/wp-content/uploads/2020/03/AlMubeen-Khatimul-Nabiyyin.jpg	https://www.alahazratnetwork.org/download/almubeen/?wpdmdl=26638&refresh=6a7464bbef6561786012859		
?????? ???????? ?? ??? ????????	N/A	127	https://www.alahazratnetwork.org/wp-content/uploads/2020/03/AlMohajjatul-Mumtahinnah-770x1024.jpg	https://www.alahazratnetwork.org/download/ayatmumtahinnah/?wpdmdl=26642&refresh=6a7464b67fb201786012854		
?? ??????	N/A	21	https://www.alahazratnetwork.org/wp-content/uploads/2020/03/Raddul-Rafadhah.jpg	https://www.alahazratnetwork.org/download/raddulrafaza/?wpdmdl=26634&refresh=6a7464c492eaf1786012868		
???? ????? ??? ?????? ??????	N/A	29	https://www.alahazratnetwork.org/wp-content/uploads/2020/03/Nabighun-Noor.jpg	https://www.alahazratnetwork.org/download/jabalpurquestions/?wpdmdl=26626&refresh=6a7464cda85181786012877		
???? ????? ?? ?????? ?? ??????	N/A	67	https://www.alahazratnetwork.org/wp-content/uploads/2020/03/Dawam-ul-Aish.jpg	https://www.alahazratnetwork.org/download/dawamulaish/?wpdmdl=26630&refresh=6a7464cc714c61786012876		
????? ??????? ??? ???????? ??? ???????	N/A	27	https://www.alahazratnetwork.org/wp-content/uploads/2020/03/Hindustan-Darul-Islam-757x1024.jpg	https://www.alahazratnetwork.org/download/hindustandarulislam/?wpdmdl=26621&refresh=6a7464d4d46dc1786012884		
????? ??????? ?? ??? ???????	N/A	27	https://www.alahazratnetwork.org/wp-content/uploads/2020/02/Taoon_1.jpg	https://www.alahazratnetwork.org/download/taoon/?wpdmdl=26441&refresh=6a7464dd823681786012893		
?????? ?????? ?? ??? ????? ??????	N/A	65	https://www.alahazratnetwork.org/wp-content/uploads/2020/03/AlJauhar-ul-Sameen.jpg	https://www.alahazratnetwork.org/download/aljauharulsameen/?wpdmdl=26617&refresh=6a7464dcba9b81786012892		
Fatawa Ridawiyyah Volume 30 ?????? ????? ???	N/A	738	https://www.alahazratnetwork.org/wp-content/uploads/2020/01/fatawa_30.jpg	https://www.alahazratnetwork.org/download/fatawa30/?wpdmdl=26434&refresh=6a7464e74e91c1786012903		
Fatawa Ridawiyyah Volume 29 ?????? ????? ???	N/A	749	https://www.alahazratnetwork.org/wp-content/uploads/2020/01/fatawa_29.jpg	https://www.alahazratnetwork.org/download/fatawa29/?wpdmdl=26429&refresh=6a74646507a5b1786012773		
Fatawa Ridawiyyah Volume 27 ?????? ????? ???	N/A	666	https://www.alahazratnetwork.org/wp-content/uploads/2020/01/fatawa_27.jpg	https://www.alahazratnetwork.org/download/fatawa27/?wpdmdl=26417&refresh=6a746553058e91786013011		
Fatawa Ridawiyyah Volume 28 ?????? ????? ???	N/A	685	https://www.alahazratnetwork.org/wp-content/uploads/2020/01/fatawa_28.jpg	https://www.alahazratnetwork.org/download/fatawa28/?wpdmdl=26422&refresh=6a74654da6ba51786013005		
Fatawa Ridawiyyah Volume 26 ?????? ????? ???	N/A	610	https://www.alahazratnetwork.org/wp-content/uploads/2020/01/fatawa_26.jpg	https://www.alahazratnetwork.org/download/fatawa26/?wpdmdl=26409&refresh=6a7465c557a7b1786013125		
Fatawa Ridawiyyah Volume 25 ?????? ????? ???	N/A	645	https://www.alahazratnetwork.org/wp-content/uploads/2020/01/fatawa_25.jpg	https://www.alahazratnetwork.org/download/fatawa25/?wpdmdl=26399&refresh=6a7465cc1ca681786013132		
Fatawa Ridawiyyah Volume 24 ?????? ????? ???	N/A	700	https://www.alahazratnetwork.org/wp-content/uploads/2020/01/fatawa_24.jpg	https://www.alahazratnetwork.org/download/fatawa-ridawiyyah-volume-24-%d9%81%d8%aa%d8%a7%d9%88%db%8c%d9%b0-%d8%b1%d8%b6%d9%88%db%8c%db%81-%d8%ac%d9%84%d8%af/?wpdmdl=26395&refresh=6a74663e96b521786013246		
Fatawa Ridawiyyah Volume 24 ?????? ????? ???	N/A	700	https://www.alahazratnetwork.org/wp-content/uploads/2020/01/fatawa_24.jpg	https://www.alahazratnetwork.org/download/fatawa24/?wpdmdl=26386&refresh=6a74667eb953e1786013310		
Fatawa Ridawiyyah Volume 23 ?????? ????? ???	N/A	754	https://www.alahazratnetwork.org/wp-content/uploads/2020/01/fatawa_23.jpg	https://www.alahazratnetwork.org/download/fatawa23/?wpdmdl=26380&refresh=6a7466e354dc51786013411		
Fatawa Ridawiyyah Volume 22 ?????? ????? ???	N/A	680	https://www.alahazratnetwork.org/wp-content/uploads/2020/01/fatawa_22.jpg	https://www.alahazratnetwork.org/download/fatawa22/?wpdmdl=26372&refresh=6a746744be2271786013508		
Fatawa Ridawiyyah Volume 21 ?????? ????? ???	N/A	662	https://www.alahazratnetwork.org/wp-content/uploads/2020/01/fatawa_21.jpg	https://www.alahazratnetwork.org/download/fatawa21/?wpdmdl=26367&refresh=6a7467b1658231786013617		
Fatawa Ridawiyyah Volume 20 ?????? ????? ???	N/A	549	https://www.alahazratnetwork.org/wp-content/uploads/2020/01/fatawa_20.jpg	https://www.alahazratnetwork.org/download/fatawa20/?wpdmdl=26360&refresh=6a7467ea320531786013674		
Fatawa Ridawiyyah Volume 19 ?????? ????? ???	N/A	686	https://www.alahazratnetwork.org/wp-content/uploads/2020/01/fatawa_19.jpg	https://www.alahazratnetwork.org/download/fatawa19/?wpdmdl=26355&refresh=6a74684bd90e91786013771		
Fatawa Ridawiyyah Volume 18 ?????? ????? ???	N/A	734	https://www.alahazratnetwork.org/wp-content/uploads/2020/01/fatawa_18.jpg	https://www.alahazratnetwork.org/download/fatawa18/?wpdmdl=26347&refresh=6a7468644730c1786013796		
Fatawa Ridawiyyah Volume 17 ?????? ????? ???	N/A	630	https://www.alahazratnetwork.org/wp-content/uploads/2020/01/fatawa_17.jpg	https://www.alahazratnetwork.org/download/fatawa17/?wpdmdl=26340&refresh=6a74a4483700c1786029128		
Fatawa Ridawiyyah Volume 16 ?????? ????? ???	N/A	626	https://www.alahazratnetwork.org/wp-content/uploads/2020/01/fatawa_16.jpg	https://www.alahazratnetwork.org/download/fatawa-ridawiyyah-volume-16-%d9%81%d8%aa%d8%a7%d9%88%db%8c%d9%b0-%d8%b1%d8%b6%d9%88%db%8c%db%81-%d8%ac%d9%84%d8%af/?wpdmdl=26302&refresh=6a7468f72d0631786013943		
Fatawa Ridawiyyah Volume 15 ?????? ????? ???	N/A	696	https://www.alahazratnetwork.org/wp-content/uploads/2020/01/fatawa_15.jpg	https://www.alahazratnetwork.org/download/fatawa15/?wpdmdl=26285&refresh=6a74695252a761786014034		
Fatawa Ridawiyyah Volume 14 ?????? ????? ???	N/A	682	https://www.alahazratnetwork.org/wp-content/uploads/2020/01/fatawa_14.jpg	https://www.alahazratnetwork.org/download/fatawa14/?wpdmdl=26280&refresh=6a7469792532d1786014073		
Fatawa Ridawiyyah Volume 13 ?????? ????? ???	N/A	672	https://www.alahazratnetwork.org/wp-content/uploads/2020/01/fatawa_13.jpg	https://www.alahazratnetwork.org/download/fatawa-ridawiyyah-volume-13-%d9%81%d8%aa%d8%a7%d9%88%db%8c%d9%b0-%d8%b1%d8%b6%d9%88%db%8c%db%81-%d8%ac%d9%84%d8%af/?wpdmdl=26178&refresh=6a7469f500ec51786014197		
Fatawa Ridawiyyah Volume 12 ?????? ????? ???	N/A	650	https://www.alahazratnetwork.org/wp-content/uploads/2020/01/fatawa_12.jpg	https://www.alahazratnetwork.org/download/fatawa-ridawiyyah-volume-12-%d9%81%d8%aa%d8%a7%d9%88%db%8c%d9%b0-%d8%b1%d8%b6%d9%88%db%8c%db%81-%d8%ac%d9%84%d8%af/?wpdmdl=26170&refresh=6a746a2ca46521786014252		
??? ??????? ???? ???????	N/A	44	https://www.alahazratnetwork.org/wp-content/uploads/2020/02/Aakid-ul-Tahqiq.jpg	https://www.alahazratnetwork.org/download/%d8%a2%d9%83%d8%af-%d8%a7%d9%84%d8%aa%d8%ad%d9%82%d9%8a%d9%82-%d8%a8%d8%a8%d8%a7%d8%a8-%d8%a7%d9%84%d8%aa%d8%b9%d9%84%d9%8a%d9%82/?wpdmdl=26154&refresh=6a746ae0ece7a1786014432		
???? ??????? ?? ????? ??????	N/A	47	https://www.alahazratnetwork.org/wp-content/uploads/2020/02/Kalimate-Talaq.jpg	https://www.alahazratnetwork.org/download/%d8%b1%d8%ad%d9%8a%d9%82-%d8%a7%d9%84%d8%a5%d8%ad%d9%82%d8%a7%d9%82-%d9%81%d9%8a-%d9%83%d9%84%d9%85%d8%a7%d8%aa-%d8%a7%d9%84%d8%b7%d9%84%d8%a7%d9%82/?wpdmdl=26148&refresh=6a746af38530e1786014451		
????? ??????? ?? ?????? ??????	N/A	34	https://www.alahazratnetwork.org/wp-content/uploads/2020/02/Nikahe-Sani.jpg	https://www.alahazratnetwork.org/download/%d8%a3%d8%b7%d8%a7%d8%a6%d8%a8-%d8%a7%d9%84%d8%aa%d9%87%d8%a7%d9%86%d9%8a-%d9%81%d9%8a-%d8%a7%d9%84%d9%86%d9%83%d8%a7%d8%ad-%d8%a7%d9%84%d8%ab%d8%a7%d9%86%d9%8a/?wpdmdl=26141&refresh=6a746b0744a781786014471		
????? ?????? ?? ?????? ?????? ??? ????? ??????	N/A	22	https://www.alahazratnetwork.org/wp-content/uploads/2020/02/AlBastul-Musajjal.jpg	https://www.alahazratnetwork.org/download/%d8%a7%d9%84%d8%a8%d8%b3%d8%b7-%d8%a7%d9%84%d9%85%d8%b3%d8%ac%d9%84-%d9%81%d9%8a-%d8%a5%d9%85%d8%aa%d9%86%d8%a7%d8%b9-%d8%a7%d9%84%d8%b2%d9%88%d8%ac%d8%a9-%d8%a8%d8%b9%d8%af-%d8%a7%d9%84%d9%88%d8%b7/?wpdmdl=26135&refresh=6a746b173e2291786014487		
????? ???? ?? ????? ??????	N/A	26	https://www.alahazratnetwork.org/wp-content/uploads/2020/02/Tajweez-ul-Radd.jpg	https://www.alahazratnetwork.org/download/%d8%aa%d8%ac%d9%88%d9%8a%d8%b2-%d8%a7%d9%84%d8%b1%d8%af-%d8%b9%d9%86-%d8%aa%d8%b2%d9%88%d9%8a%d8%ac-%d8%a7%d9%84%d8%a3%d8%a8%d8%b9%d8%af/?wpdmdl=26129&refresh=6a746b2467fa31786014500		
????? ????? ?? ???? ??? ??? ?????	N/A	20	https://www.alahazratnetwork.org/wp-content/uploads/2020/02/Al-Jali-al-Hasan.jpg	https://www.alahazratnetwork.org/download/%d8%a7%d9%84%d8%ac%d9%84%d9%8a-%d8%a7%d9%84%d8%ad%d8%b3%d9%86-%d9%81%d9%8a-%d8%ad%d8%b1%d9%85%d8%a9-%d9%88%d9%84%d8%af-%d8%a3%d8%ae%d9%8a-%d8%a7%d9%84%d9%84%d8%a8%d9%86/?wpdmdl=26123&refresh=6a746b31c15001786014513		
????? ????? ???? ??????? ?? ???? ?????	N/A	115	https://www.alahazratnetwork.org/wp-content/uploads/2020/02/Wahabi-say-Nikah-768x1024.jpg	https://www.alahazratnetwork.org/download/%d8%a5%d8%b2%d8%a7%d9%84%d8%a9-%d8%a7%d9%84%d8%b9%d8%a7%d8%b1-%d8%a8%d8%ad%d8%ac%d8%b1-%d8%a7%d9%84%d9%83%d8%b1%d8%a7%d8%a6%d9%85-%d8%b9%d9%86-%d9%83%d9%84%d8%a7%d8%a8-%d8%a7%d9%84%d9%86%d8%a7%d8%b1/?wpdmdl=26117&refresh=6a746b3fb28fd1786014527		
??? ?????? ?? ????? ???????? ??????	N/A	15	https://www.alahazratnetwork.org/wp-content/uploads/2020/02/Hibatul-Nisa-Musahat-bil-zina.jpg	https://www.alahazratnetwork.org/download/%d9%87%d8%a8%d8%a9-%d8%a7%d9%84%d9%86%d8%b3%d8%a7%d8%a1-%d9%81%d9%8a-%d8%aa%d8%ad%d9%82%d9%8a%d9%82-%d8%a7%d9%84%d9%85%d8%b5%d8%a7%d9%87%d8%b1%d8%a9-%d8%a8%d8%a7%d9%84%d8%b2%d9%86%d8%a7/?wpdmdl=26111&refresh=6a746b6c08d721786014572		
Fatawa Ridawiyyah Volume 11 ?????? ????? ???	N/A	728	https://www.alahazratnetwork.org/wp-content/uploads/2020/01/fatawa_11.jpg	https://www.alahazratnetwork.org/download/fatawa-ridawiyyah-volume-11-%d9%81%d8%aa%d8%a7%d9%88%db%8c%d9%b0-%d8%b1%d8%b6%d9%88%db%8c%db%81-%d8%ac%d9%84%d8%af/?wpdmdl=26161&refresh=6a746aab7e5a71786014379		
???? ??????? ?? ????? ????? ? ??????	N/A	32	https://www.alahazratnetwork.org/wp-content/uploads/2020/02/Mahitul-Dalalah.jpg	https://www.alahazratnetwork.org/download/%d9%85%d8%a7%d8%ad%d9%8a-%d8%a7%d9%84%d8%b6%d9%84%d8%a7%d9%84%d8%a9-%d9%81%d9%8a-%d8%a3%d9%86%d9%83%d8%ad%d8%a9-%d8%a7%d9%84%d9%87%d9%86%d8%af-%d9%88-%d8%a8%d9%86%d8%ac%d8%a7%d9%84%d8%a9/?wpdmdl=26105&refresh=6a746b78204d61786014584		
???? ??????? ?? ?? ???? ????? ???????	N/A	21	https://www.alahazratnetwork.org/wp-content/uploads/2020/02/Ubab-ul-Anwaar.jpg	https://www.alahazratnetwork.org/download/%d8%b9%d8%a8%d8%a7%d8%a8-%d8%a7%d9%84%d8%a3%d9%86%d9%88%d8%a7%d8%b1-%d8%a3%d9%86-%d9%84%d8%a7-%d9%86%d9%83%d8%a7%d8%ad-%d8%a8%d9%85%d8%ac%d8%b1%d8%af-%d8%a7%d9%84%d8%a5%d9%82%d8%b1%d8%a7%d8%b1/?wpdmdl=26099&refresh=6a746b88708b61786014600		
?????? ?????? ??? ??????? ?????? ?? ????? ????? ??????	N/A	60	https://www.alahazratnetwork.org/wp-content/uploads/2020/02/Al-Nayyara-tul-Wadiyyah.jpg	https://www.alahazratnetwork.org/download/%d8%a7%d9%84%d9%86%d9%8a%d8%b1%d8%a9-%d8%a7%d9%84%d9%88%d8%b6%d9%8a%d8%a9-%d8%b4%d8%b1%d8%ad-%d8%a7%d9%84%d8%ac%d9%88%d9%87%d8%b1%d8%a9-%d8%a7%d9%84%d9%85%d8%b6%d9%8a%d8%a9-%d9%85%d8%b9-%d8%ad%d8%a7/?wpdmdl=26093&refresh=6a746b8c24c5c1786014604		
????? ??????? ?? ????? ???? ????????	N/A	46	https://www.alahazratnetwork.org/wp-content/uploads/2020/02/Anwar-ul-Bisharah.jpg	https://www.alahazratnetwork.org/download/%d8%a3%d9%86%d9%88%d8%a7%d8%b1-%d8%a7%d9%84%d8%a8%d8%b4%d8%a7%d8%b1%d8%a9-%d9%81%d9%8a-%d9%85%d8%b3%d8%a7%d8%a6%d9%84-%d8%a7%d9%84%d8%ad%d8%ac-%d9%88%d8%a7%d9%84%d8%b2%d9%8a%d8%a7%d8%b1%d8%a9/?wpdmdl=26086&refresh=6a746b96b7ed71786014614		
???? ????? ?? ????? ?????? ???????	N/A	18	https://www.alahazratnetwork.org/wp-content/uploads/2020/02/Mujawate-Haramain.jpg	https://www.alahazratnetwork.org/download/%d8%b5%d9%8a%d9%82%d9%84-%d8%a7%d9%84%d8%b1%d9%8a%d9%86-%d8%b9%d9%86-%d8%a3%d8%ad%d9%83%d8%a7%d9%85-%d9%85%d8%ac%d8%a7%d9%88%d8%b1%d8%a9-%d8%a7%d9%84%d8%ad%d8%b1%d9%85%d9%8a%d9%86/?wpdmdl=26080&refresh=6a746ba05590a1786014624		
?????? ??????? ?? ??? ???? ???????	N/A	16	https://www.alahazratnetwork.org/wp-content/uploads/2020/02/Dawate-Iftaar.jpg	https://www.alahazratnetwork.org/download/%d8%a7%d9%84%d8%b9%d8%b1%d9%88%d8%b3-%d8%a7%d9%84%d9%85%d8%b9%d8%b7%d8%a7%d8%b1-%d9%81%d9%8a-%d8%b2%d9%85%d9%86-%d8%af%d8%b9%d9%88%d8%a9-%d8%a7%d9%84%d8%a5%d9%81%d8%b7%d8%a7%d8%b1/?wpdmdl=26074&refresh=6a746ba6db4681786014630		
??? ????? ?? ??? ??? ?????	N/A	15	https://www.alahazratnetwork.org/wp-content/uploads/2020/02/Waqte-Subh.jpg	https://www.alahazratnetwork.org/download/%d8%af%d8%b1%d8%a1-%d8%a7%d9%84%d9%82%d8%a8%d8%ad-%d8%b9%d9%86-%d8%af%d8%b1%d9%83-%d9%88%d9%82%d8%aa-%d8%a7%d9%84%d8%b5%d8%a8%d8%ad/?wpdmdl=26068&refresh=6a746ba846b4f1786014632		
?????? ??????? ????? ?????? ???????	N/A	28	https://www.alahazratnetwork.org/wp-content/uploads/2020/02/Tafaseer-ul-Ahkaam.jpg	https://www.alahazratnetwork.org/download/%d8%aa%d9%81%d8%a7%d8%b3%d9%8a%d8%b1-%d8%a7%d9%84%d8%a3%d8%ad%d9%83%d8%a7%d9%85-%d9%84%d9%81%d8%af%d9%8a%d8%a9-%d8%a7%d9%84%d8%b5%d9%84%d9%88%d8%a9-%d9%88%d8%a7%d9%84%d8%b5%d9%8a%d8%a7%d9%85/?wpdmdl=26053&refresh=6a746bb2b7a1c1786014642		
????? ?????? ?????? ?????	N/A	50	https://www.alahazratnetwork.org/wp-content/uploads/2020/02/Hidayatul-Jinan.jpg	https://www.alahazratnetwork.org/download/%d9%87%d8%af%d8%a7%d9%8a%d8%a9-%d8%a7%d9%84%d8%ac%d9%86%d8%a7%d9%86-%d8%a8%d8%a3%d8%ad%d9%83%d8%a7%d9%85-%d8%b1%d9%85%d8%b6%d8%a7%d9%86/?wpdmdl=26061&refresh=6a746bb24d2fb1786014642		
??????? ???? ?????? ?? ??????	N/A	24	https://www.alahazratnetwork.org/wp-content/uploads/2020/02/AlAilam-Bakhoor-fil-Siyam.jpg	https://www.alahazratnetwork.org/download/%d8%a7%d9%84%d8%a5%d8%b9%d9%84%d8%a7%d9%85-%d8%a8%d8%ad%d8%a7%d9%84-%d8%a7%d9%84%d8%a8%d8%ae%d9%88%d8%b1-%d9%81%d9%8a-%d8%a7%d9%84%d8%b5%d9%8a%d8%a7%d9%85/?wpdmdl=25989&refresh=6a746bbe6f08e1786014654		
?????? ?????? ?? ???? ?????? ?? ??? ??? ?????? ?????? ?????? ?? ????? ??? ????? ?? ??? ??????	N/A	32	https://www.alahazratnetwork.org/wp-content/uploads/2020/02/AlBudoor-ul-AJillah.jpg	https://www.alahazratnetwork.org/download/%d8%a7%d9%84%d8%a8%d8%af%d9%88%d8%b1-%d8%a7%d9%84%d8%a3%d8%ac%d9%84%d8%a9-%d9%81%d9%8a-%d8%a3%d9%85%d9%88%d8%b1-%d8%a7%d9%84%d8%a3%d9%87%d9%84%d8%a9-%d9%85%d8%b9-%d8%b4%d8%b1%d8%ad-%d9%86%d9%88%d8%b1/?wpdmdl=25983&refresh=6a746bc669d2e1786014662		
??? ????? ????	N/A	32	https://www.alahazratnetwork.org/wp-content/uploads/2020/02/Turq-Asbate-Hilal.jpg	https://www.alahazratnetwork.org/download/%d8%b7%d8%b1%d9%82-%d8%a7%d8%ab%d8%a8%d8%a7%d8%aa-%d9%87%d9%84%d8%a7%d9%84/?wpdmdl=25977&refresh=6a746bcd388ec1786014669		
???? ??????? ?????? ?? ???? ????? ???? ??????	N/A	47	https://www.alahazratnetwork.org/wp-content/uploads/2020/02/AzKil-Hilal.jpg	https://www.alahazratnetwork.org/download/%d8%a3%d8%b2%d9%83%d9%89-%d8%a7%d9%84%d8%a5%d9%87%d9%84%d8%a7%d9%84-%d8%a8%d8%a5%d8%a8%d8%b7%d8%a7%d9%84-%d9%85%d8%a7-%d8%a3%d8%ad%d8%af%d8%ab-%d8%a7%d9%84%d9%86%d8%a7%d8%b3-%d8%a8%d8%a3%d9%85%d8%b1/?wpdmdl=25970&refresh=6a746bd42361c1786014676		
????? ?????? ?? ???? ?????? ??? ??? ????	N/A	21	https://www.alahazratnetwork.org/wp-content/uploads/2020/02/AlZuhrul-Basim.jpg	https://www.alahazratnetwork.org/download/%d8%a7%d9%84%d8%b2%d9%87%d8%b1-%d8%a7%d9%84%d8%a8%d8%a7%d8%b3%d9%85-%d9%81%d9%8a-%d8%ad%d8%b1%d9%85%d8%a9-%d8%a7%d9%84%d8%b2%d9%83%d9%88%d8%a9-%d8%b9%d9%84%d9%89-%d8%a8%d9%86%d9%8a-%d9%87%d8%a7%d8%b4/?wpdmdl=25964&refresh=6a746bdd46a921786014685		
???? ?????? ?? ?????? ??? ????	N/A	27	https://www.alahazratnetwork.org/wp-content/uploads/2020/02/Radi-ul-Tassaf-scaled.jpg	https://www.alahazratnetwork.org/download/%d8%b1%d8%a7%d8%af%d8%b9-%d8%a7%d9%84%d8%aa%d8%b9%d8%b3%d9%81-%d8%b9%d9%86-%d8%a7%d9%84%d8%a5%d9%85%d8%a7%d9%85-%d8%a3%d8%a8%d9%8a-%d9%8a%d9%88%d8%b3%d9%81/?wpdmdl=25948&refresh=6a746be83cea91786014696		
???? ?????? ?? ??? ????? ????????	N/A	59	https://www.alahazratnetwork.org/wp-content/uploads/2020/02/Afsa-hul-Bayan.jpg	https://www.alahazratnetwork.org/download/%d8%a3%d9%81%d8%b5%d8%ad-%d8%a7%d9%84%d8%a8%d9%8a%d8%a7%d9%86-%d9%81%d9%8a-%d8%ad%d9%83%d9%85-%d9%85%d8%b2%d8%a7%d8%b1%d8%b9-%d9%87%d9%86%d8%af%d9%88%d8%b3%d8%aa%d8%a7%d9%86/?wpdmdl=25955&refresh=6a746be7928811786014695		
??? ???????? ?? ?? ???? ???? ??????	N/A	17	https://www.alahazratnetwork.org/wp-content/uploads/2020/02/Aaizul-Iktinah-scaled.jpg	https://www.alahazratnetwork.org/download/%d8%a3%d8%b9%d8%b2-%d8%a7%d9%84%d8%a3%d9%83%d8%aa%d9%86%d8%a7%d9%87-%d9%81%d9%8a-%d8%b1%d8%af-%d8%b5%d8%af%d9%82%d8%a9-%d9%85%d8%a7%d9%86%d8%b9-%d8%a7%d9%84%d8%b2%d9%83%d9%88%d8%a9/?wpdmdl=25941&refresh=6a746bf2f41251786014706		
???? ??????? ?????? ????? ??????	N/A	96	https://www.alahazratnetwork.org/wp-content/uploads/2020/02/Tajalli-al-Mishkaat.jpg	https://www.alahazratnetwork.org/download/%d8%aa%d8%ac%d9%84%db%8c-%d8%a7%d9%84%d9%85%d8%b4%da%a9%d9%88%db%83-%d9%84%d8%a7%d9%86%d8%a7%d8%b1%db%83-%d8%a7%d8%b3%d8%a6%d9%84%db%83-%d8%a7%d9%84%d8%b2%d9%83%d9%88%db%83/?wpdmdl=25934&refresh=6a746bfc6607f1786014716		
?????? ?????? ??? ???? ?????? ????? ??????	N/A	111	https://www.alahazratnetwork.org/wp-content/uploads/2020/02/AlWafaq-ul-Mateen.jpg	https://www.alahazratnetwork.org/download/%d8%a7%d9%84%d9%88%d9%81%d8%a7%d9%82-%d8%a7%d9%84%d9%85%d8%aa%d9%8a%d9%86-%d8%a8%d9%8a%d9%86-%d8%b3%d9%85%d8%a7%d8%b9-%d8%a7%d9%84%d8%af%d9%81%d9%8a%d9%86-%d9%88%d8%ac%d9%88%d8%a7%d8%a8-%d8%a7%d9%84/?wpdmdl=25923&refresh=6a746bfe283f61786014718		
??? ????? ???? ?????? ???? ?????	N/A	14	https://www.alahazratnetwork.org/wp-content/uploads/2020/02/Jali-al-Saut-768x1024.jpg	https://www.alahazratnetwork.org/download/%d8%ac%d9%84%d9%8a-%d8%a7%d9%84%d8%b5%d9%88%d8%aa-%d9%84%d9%86%d9%87%d9%8a-%d8%a7%d9%84%d8%af%d8%b9%d9%88%d8%a9-%d8%a3%d9%85%d8%a7%d9%85-%d8%a7%d9%84%d9%85%d9%88%d8%aa/?wpdmdl=25798&refresh=6a746c1b494bc1786014747		
????? ??????? ??????? ??? ??????	N/A	12	https://www.alahazratnetwork.org/wp-content/uploads/2020/02/Ityan-ul-Arwah-793x1024.jpg	https://www.alahazratnetwork.org/download/%d8%a7%d8%aa%d9%8a%d8%a7%d9%86-%d8%a7%d9%84%d8%a3%d8%b1%d9%88%d8%a7%d8%ad-%d9%84%d8%af%d9%8a%d8%a7%d8%b1%d9%87%d9%85-%d8%a8%d8%b9%d8%af-%d8%a7%d9%84%d8%b1%d9%88%d8%a7%d8%ad/?wpdmdl=25794&refresh=6a746c24c51271786014756		
???? ?????? ?? ???? ???? ???????	N/A	163	https://www.alahazratnetwork.org/wp-content/uploads/2020/02/Hayatul-Mawat.jpg	https://www.alahazratnetwork.org/download/%d8%ad%d9%8a%d8%a7%d8%a9-%d8%a7%d9%84%d9%85%d9%88%d8%a7%d8%aa-%d9%81%d9%8a-%d8%a8%d9%8a%d8%a7%d9%86-%d8%b3%d9%85%d8%a7%d8%b9-%d8%a7%d9%84%d8%a3%d9%85%d9%88%d8%a7%d8%aa/?wpdmdl=25917&refresh=6a746c180a74f1786014744		
????? ??????? ???? ?????? ????????	N/A	81	https://www.alahazratnetwork.org/wp-content/uploads/2020/02/Fateha-1.jpg	https://www.alahazratnetwork.org/download/%d8%a7%d9%84%d8%ad%d8%ac%d8%a9-%d8%a7%d9%84%d9%81%d8%a7%d8%a6%d8%ad%d8%a9-%d9%84%d8%b7%d9%8a%d8%a8-%d8%a7%d9%84%d8%aa%d8%b9%d9%8a%d9%86-%d9%88%d8%a7%d9%84%d9%81%d8%a7%d8%aa%d8%ad%d8%a9/?wpdmdl=25790&refresh=6a746c2e322841786014766		
??? ????? ?? ??? ?????? ?? ????? ??????	N/A	28	https://www.alahazratnetwork.org/wp-content/uploads/2020/02/Jumul-Noor-1.jpg	https://www.alahazratnetwork.org/download/%d8%ac%d9%85%d9%84-%d8%a7%d9%84%d9%86%d9%88%d8%b1-%d9%81%d9%8a-%d9%86%d9%87%d9%8a-%d8%a7%d9%84%d9%86%d8%b3%d8%a7%d8%a1-%d8%b9%d9%86-%d8%b2%d9%8a%d8%a7%d8%b1%d8%a9-%d8%a7%d9%84%d9%82%d8%a8%d9%88%d8%b1/?wpdmdl=25786&refresh=6a746c48f11c11786014792		
???? ?????? ????? ??????	N/A	56	https://www.alahazratnetwork.org/wp-content/uploads/2020/02/Bariqal-Manar.jpg	https://www.alahazratnetwork.org/download/%d8%a8%d8%b1%d9%8a%d9%82-%d8%a7%d9%84%d9%85%d9%86%d8%a7%d8%b1-%d8%a8%d8%b4%d9%85%d9%88%d8%b9-%d8%a7%d9%84%d9%85%d8%b2%d8%a7%d8%b1/?wpdmdl=25782&refresh=6a746c4a2669c1786014794		
????? ????????? ??? ????? ???? ????????	N/A	56	https://www.alahazratnetwork.org/wp-content/uploads/2020/02/Ahlaak-ul-Wahibiyeen.jpg	https://www.alahazratnetwork.org/download/%d8%a7%d9%87%d9%84%d8%a7%d9%83-%d8%a7%d9%84%d9%88%d9%87%d8%a7%d8%a8%d9%8a%d9%8a%d9%86-%d8%b9%d9%84%d9%89-%d8%aa%d9%88%d9%87%d9%8a%d9%86-%d9%82%d8%a8%d9%88%d8%b1-%d8%a7%d9%84%d9%85%d8%b3%d9%84%d9%85/?wpdmdl=25778&refresh=6a746c5674ac81786014806		
?????? ?????? ?? ????? ??????	N/A	54	https://www.alahazratnetwork.org/wp-content/uploads/2020/02/AlHadiul-Hajib-fi-Janaza-til-ghaib.jpg	https://www.alahazratnetwork.org/download/%d8%a7%d9%84%d9%87%d8%a7%d8%af%d9%8a-%d8%a7%d9%84%d8%ad%d8%a7%d8%ac%d8%a8-%d8%b9%d9%86-%d8%ac%d9%86%d8%a7%d8%b2%d8%a9-%d8%a7%d9%84%d8%ba%d8%a7%d8%a6%d8%a8/?wpdmdl=25774&refresh=6a746c5da90581786014813		
????? ?????? ?? ????? ???? ???????	N/A	48	https://www.alahazratnetwork.org/wp-content/uploads/2020/02/Takrar-Janaz.jpg	https://www.alahazratnetwork.org/download/%d8%a7%d9%84%d9%86%d9%87%d9%8a-%d8%a7%d9%84%d8%ad%d8%a7%d8%ac%d8%b2-%d8%b9%d9%86-%d8%aa%d9%83%d8%b1%d8%a7%d8%b1-%d8%b5%d9%84%d9%88%d8%a9-%d8%a7%d9%84%d8%ac%d9%86%d8%a7%d8%a6%d8%b2/?wpdmdl=25770&refresh=6a746c686cb4a1786014824		
??? ??????? ??? ?????? ??? ???? ???????	N/A	30	https://www.alahazratnetwork.org/wp-content/uploads/2020/02/BazlulJawaiz-salat-al-Janaiz.jpg	https://www.alahazratnetwork.org/download/%d8%a8%d8%b0%d9%84-%d8%a7%d9%84%d8%ac%d9%88%d8%a7%d8%a6%d8%b2-%d8%b9%d9%84%d9%89-%d8%a7%d9%84%d8%af%d8%b9%d8%a7%d8%a1-%d8%a8%d8%b9%d8%af-%d8%b5%d9%84%d9%88%d8%a9-%d8%a7%d9%84%d8%ac%d9%86%d8%a7%d8%a6/?wpdmdl=25766&refresh=6a746c7255af71786014834		
????? ???????? ?? ????? ???????	N/A	31	https://www.alahazratnetwork.org/wp-content/uploads/2020/02/Alminnatul-Mumtaza.jpg	https://www.alahazratnetwork.org/download/%d8%a7%d9%84%d9%85%d9%86%d8%a9-%d8%a7%d9%84%d9%85%d9%85%d8%aa%d8%a7%d8%b2%d8%a9-%d9%81%d9%8a-%d8%af%d8%b9%d9%88%d8%a7%d8%aa-%d8%a7%d9%84%d8%ac%d9%86%d8%a7%d8%b2%d8%a9/?wpdmdl=25762&refresh=6a746c7c913fa1786014844		
????? ????? ?? ??????? ??? ?????	N/A	102	https://www.alahazratnetwork.org/wp-content/uploads/2020/02/AlHarf-ul-Hasan.jpg	https://www.alahazratnetwork.org/download/%d8%a7%d9%84%d8%ad%d8%b1%d9%81-%d8%a7%d9%84%d8%ad%d8%b3%d9%86-%d9%81%d9%8a-%d8%a7%d9%84%d9%83%d8%aa%d8%a7%d8%a8%db%83-%d8%b9%d9%84%d9%89-%d8%a7%d9%84%d9%83%d9%81%d9%86/?wpdmdl=25756&refresh=6a746c80856241786014848		
???? ?????? ?? ???? ??? ??????	N/A	14	https://www.alahazratnetwork.org/wp-content/uploads/2020/02/Adhane-Juma-1.jpg	https://www.alahazratnetwork.org/download/%d8%a3%d9%88%d9%81%d9%89-%d8%a7%d9%84%d9%84%d9%85%d8%b9%d8%a9-%d9%81%d9%8a-%d8%a3%d8%b0%d8%a7%d9%86-%d9%8a%d9%88%d9%85-%d8%a7%d9%84%d8%ac%d9%85%d8%b9%d8%a9/?wpdmdl=25704&refresh=6a746c9b9b4d41786014875		
???? ????? ?? ????? ?????? ?????	N/A	40	https://www.alahazratnetwork.org/wp-content/uploads/2020/02/Eid-Muanqa.jpg	https://www.alahazratnetwork.org/download/%d9%88%d8%b4%d8%a7%d8%ad-%d8%a7%d9%84%d8%ac%d9%8a%d8%af-%d9%81%d9%8a-%d8%aa%d8%ad%d9%84%d9%8a%d9%84-%d9%85%d8%b9%d8%a7%d9%86%d9%82%d8%a9-%d8%a7%d9%84%d8%b9%d9%8a%d8%af/?wpdmdl=25699&refresh=6a746ca3f13201786014883		
???? ????? ?????? ?? ?? ?????? ??? ???? ?????	N/A	51	https://www.alahazratnetwork.org/wp-content/uploads/2020/02/Dua-baad-Eid-769x1024.jpg	https://www.alahazratnetwork.org/download/%d8%b3%d8%b1%d9%88%d8%b1-%d8%a7%d9%84%d8%b9%d9%8a%d8%af-%d8%a7%d9%84%d8%b3%d8%b9%d9%8a%d8%af-%d9%81%d9%8a-%d8%ad%d9%84-%d8%a7%d9%84%d8%af%d8%b9%d8%a7%d8%a1-%d8%a8%d8%b9%d8%af-%d8%b5%d9%84%d9%88%d8%a9/?wpdmdl=25695&refresh=6a746cb0049c51786014896		
?????? ??????? ?? ?????? ??????? ????? ??????? ???????	N/A	194	https://www.alahazratnetwork.org/wp-content/uploads/2020/02/AlKalimatulMulhima-760x1024.jpg	https://www.alahazratnetwork.org/download/%d8%a7%d9%84%d9%83%d9%84%d9%85%d8%a9-%d8%a7%d9%84%d9%85%d9%84%d9%87%d9%85%d8%a9-%d9%81%d9%8a-%d8%a7%d9%84%d8%ad%d9%83%d9%85%d8%a9-%d8%a7%d9%84%d9%85%d8%ad%d9%83%d9%85%d8%a9-%d9%84%d9%88%d9%87%d8%a7/?wpdmdl=25725&refresh=6a746c890937a1786014857		
????? ???????? ?? ?????? ??? ????????	N/A	20	https://www.alahazratnetwork.org/wp-content/uploads/2020/02/Riatul-Mazhabeen.jpg	https://www.alahazratnetwork.org/download/%d8%b1%d8%b9%d8%a7%d9%8a%d8%a9-%d8%a7%d9%84%d9%85%d8%b0%d9%87%d8%a8%d9%8a%d9%86-%d9%81%d9%8a-%d8%a7%d9%84%d8%af%d8%b9%d8%a7%d8%a1-%d8%a8%d9%8a%d9%86-%d8%a7%d9%84%d8%ae%d8%b7%d8%a8%d8%aa%d9%8a%d9%86/?wpdmdl=25690&refresh=6a746cc4575af1786014916		
????? ?????? ?? ?????? ?? ?????? ???? ???????	N/A	15	https://www.alahazratnetwork.org/wp-content/uploads/2020/02/?????-??????-??-??????-??-??????-????-???????.jpg	https://www.alahazratnetwork.org/download/%d9%85%d8%b1%d9%82%d8%a7%d8%a9-%d8%a7%d9%84%d8%ac%d9%85%d8%a7%d9%86-%d9%81%d9%8a-%d8%a7%d9%84%d9%87%d8%a8%d9%88%d8%b7-%d8%b9%d9%86-%d8%a7%d9%84%d9%85%d9%86%d8%a8%d8%b1-%d9%84%d9%85%d8%af%d8%ad-%d8%a7/?wpdmdl=25681&refresh=6a746ccaa25441786014922		
?????? ?????? ??? ??? ?????? ????	N/A	14	https://www.alahazratnetwork.org/wp-content/uploads/2020/02/??????-??????-???-???-??????-????.jpg	https://www.alahazratnetwork.org/download/%d8%a7%d9%84%d8%aa%d8%a8%d8%b5%d8%b1-%d8%a7%d9%84%d9%85%d9%86%d8%ac%d8%af-%d8%a8%d8%a3%d9%86-%d8%b5%d8%ad%d9%86-%d8%a7%d9%84%d9%85%d8%b3%d8%ac%d8%af-%d9%85%d8%b3%d8%ac%d8%af/?wpdmdl=25602&refresh=6a746cd19b6b71786014929		
????? ??????? ?? ??? ???? ???????	N/A	27	https://www.alahazratnetwork.org/wp-content/uploads/2020/02/?????-???????-??-???-????-???????.jpg	https://www.alahazratnetwork.org/download/%d8%a3%d8%b2%d9%87%d8%a7%d8%b1-%d8%a7%d9%84%d8%a3%d9%86%d9%88%d8%a7%d8%b1-%d9%85%d9%86-%d8%b5%d8%a8%d8%a7-%d8%b5%d9%84%d8%a7%d8%a9-%d8%a7%d9%84%d8%a3%d8%b3%d8%b1%d8%a7%d8%b1/?wpdmdl=25593&refresh=6a746cdc6afc01786014940		
???? ?????? ?? ????? ????????	N/A	49	https://www.alahazratnetwork.org/wp-content/uploads/2020/02/Taraweeh-in-Ramadhan-wassaf-ul-rajeeh.jpg	https://www.alahazratnetwork.org/download/%d9%88%d8%b5%d8%a7%d9%81-%d8%a7%d9%84%d8%b1%d8%ac%d9%8a%d8%ad-%d9%81%d9%8a-%d8%a8%d8%b3%d9%85%d9%84%d8%a9-%d8%a7%d9%84%d8%aa%d8%b1%d8%a7%d9%88%d9%8a%d8%ad/?wpdmdl=25598&refresh=6a746cd6e25cc1786014934		
????? ??????? ?? ?? ???? ???????	N/A	64	https://www.alahazratnetwork.org/wp-content/uploads/2020/02/?????-???????-??-??-????-???????.jpg	https://www.alahazratnetwork.org/download/%d8%a3%d9%86%d9%87%d8%a7%d8%b1-%d8%a7%d9%84%d8%a3%d9%86%d9%88%d8%a7%d8%b1-%d9%85%d9%86-%d9%8a%d9%85-%d8%b5%d9%84%d8%a7%d8%a9-%d8%a7%d9%84%d8%a3%d8%b3%d8%b1%d8%a7%d8%b1/?wpdmdl=25587&refresh=6a746ceb2908f1786014955		
?????? ?????? ?? ????? ??????	N/A	83	https://www.alahazratnetwork.org/wp-content/uploads/2020/02/??????-??????-??-?????-??????.jpg	https://www.alahazratnetwork.org/download/%d8%a7%d8%ac%d8%aa%d9%86%d8%a7%d8%a8-%d8%a7%d9%84%d8%b9%d9%85%d8%a7%d9%84-%d8%b9%d9%86-%d9%81%d8%aa%d8%a7%d9%88%d9%89-%d8%a7%d9%84%d8%ac%d9%87%d8%a7%d9%84/?wpdmdl=809&refresh=6a746ceb763561786014955		
????? ?????? ?? ???? ?????? ?? ???????	N/A	35	https://www.alahazratnetwork.org/wp-content/uploads/2020/02/?????-??????-??-????-??????-??-???????.jpg	https://www.alahazratnetwork.org/download/%d8%aa%d9%8a%d8%ac%d8%a7%d9%86-%d8%a7%d9%84%d8%b5%d9%88%d8%a7%d8%a8-%d9%81%d9%8a-%d9%82%d9%8a%d8%a7%d9%85-%d8%a7%d9%84%d8%a5%d9%85%d8%a7%d9%85-%d9%81%d9%8a-%d8%a7%d9%84%d9%85%d8%ad%d8%b1%d8%a7%d8%a8/?wpdmdl=804&refresh=6a746d04347981786014980		
?????? ??????? ??? ???? ??????? ???????	N/A	18	https://www.alahazratnetwork.org/wp-content/uploads/2020/02/??????-???????-???-????-???????-???????.jpg	https://www.alahazratnetwork.org/download/secondjamaat/?wpdmdl=799&refresh=6a746d0a973711786014986		
??????? ??????? ?? ??? ??????? ???????	N/A	49	https://www.alahazratnetwork.org/wp-content/uploads/2020/02/???????-???????-??-???-???????-???????.jpg	https://www.alahazratnetwork.org/download/refutingashrafalithanvi/?wpdmdl=794&refresh=6a746d149fb681786014996		
????? ????? ?? ??? ?????	N/A	21	https://www.alahazratnetwork.org/wp-content/uploads/2020/02/?????-?????-??-???-?????.jpg	https://www.alahazratnetwork.org/download/%d8%a5%d9%84%d8%ac%d8%a7%d9%85-%d8%a7%d9%84%d8%b5%d8%a7%d8%af-%d8%b9%d9%86-%d8%b3%d9%86%d9%86-%d8%a7%d9%84%d8%b6%d8%a7%d8%af/?wpdmdl=783&refresh=6a746d296e74b1786015017		
????? ?????? ?? ?????? ???? ??? ???????	N/A	76	https://www.alahazratnetwork.org/wp-content/uploads/2020/02/?????-??????-??-??????-????-???-???????.jpg	https://www.alahazratnetwork.org/download/namazbehindwahabies/?wpdmdl=789&refresh=6a746d14dfa1d1786014996		
??? ????? ???? ?????	N/A	20	https://www.alahazratnetwork.org/wp-content/uploads/2020/02/???-?????-????-?????.jpg	https://www.alahazratnetwork.org/download/nailmalzaad/?wpdmdl=778&refresh=6a746d32a3c6d1786015026		
????? ????? ?? ???? ?????	N/A	26	https://www.alahazratnetwork.org/wp-content/uploads/2020/02/?????-?????-??-????-?????.jpg	https://www.alahazratnetwork.org/download/%d8%a5%d9%8a%d8%b0%d8%a7%d9%86-%d8%a7%d9%84%d8%a3%d8%ac%d8%b1-%d9%81%d9%8a-%d8%a3%d8%b0%d8%a7%d9%86-%d8%a7%d9%84%d9%82%d8%a8%d8%b1/?wpdmdl=767&refresh=6a746d3df36e31786015037		
????? ??????? ?? ?? ?????????	N/A	70	https://www.alahazratnetwork.org/wp-content/uploads/2020/02/?????-???????-??-??-?????????.jpg	https://www.alahazratnetwork.org/download/%d9%87%d8%af%d8%a7%d9%8a%d8%a9-%d8%a7%d9%84%d9%85%d8%aa%d8%b9%d8%a7%d9%84-%d9%81%d9%8a-%d8%ad%d8%af-%d8%a7%d9%84%d8%a5%d8%b3%d8%aa%d9%82%d8%a8%d8%a7%d9%84/?wpdmdl=772&refresh=6a746d34975081786015028		
??? ??????? ?? ??? ????? ????????? ?? ???????	N/A	25	https://www.alahazratnetwork.org/wp-content/uploads/2020/02/???-???????-??-???-?????-?????????-??-???????.jpg	https://www.alahazratnetwork.org/download/%d9%86%d9%87%d8%ac-%d8%a7%d9%84%d8%b3%d9%84%d8%a7%d9%85%d8%a9-%d9%81%d9%8a-%d8%ad%d9%83%d9%85-%d8%aa%d9%82%d8%a8%d9%8a%d9%84-%d8%a7%d9%84%d8%a5%d8%a8%d9%87%d8%a7%d9%85%d9%8a%d9%86-%d9%81%d9%8a-%d8%a7/?wpdmdl=759&refresh=6a746d4b019861786015051		
Few Words (Introduction) about Alahazrat Imam Ahmad Raza	N/A	31	https://www.alahazratnetwork.org/wp-content/uploads/2020/02/Few-Words-Introduction-about-Alahazrat-Imam-Ahmad-Raza.png	https://www.alahazratnetwork.org/download/few-words-introduction-about-alahazrat-imam-ahmad-raza/?wpdmdl=748&refresh=6a746d59ce2061786015065		
????? ????? ?? ??? ??????	N/A	62	https://www.alahazratnetwork.org/wp-content/uploads/2020/02/?????-?????-??-???-??????.jpg	https://www.alahazratnetwork.org/download/%d8%a7%d9%84%d9%87%d8%a7%d8%af-%d8%a7%d9%84%d9%83%d8%a7%d9%81-%d9%81%d9%8a-%d8%ad%d9%83%d9%85-%d8%a7%d9%84%d8%b6%d8%b9%d8%a7%d9%81/?wpdmdl=750&refresh=6a746d531c6ef1786015059		
???? ????? ?? ??? ????? ?????????	N/A	201	https://www.alahazratnetwork.org/wp-content/uploads/2020/02/????-?????-??-???-?????-?????????.jpg	https://www.alahazratnetwork.org/download/%d9%85%d9%86%d9%8a%d8%b1-%d8%a7%d9%84%d8%b9%d9%8a%d9%86-%d9%81%d9%8a-%d8%ad%d9%83%d9%85-%d8%aa%d9%82%d8%a8%d9%8a%d9%84-%d8%a7%d9%84%d8%a5%d8%a8%d9%87%d8%a7%d9%85%d9%8a%d9%86/?wpdmdl=706&refresh=6a746d6fe54051786015087		
"The Killer Mistake A critique of Nuh Keller’s “Iman, Kufr and Takf?r”"	N/A	277	https://www.alahazratnetwork.org/wp-content/uploads/2020/02/The-Killer-Mistake.jpg	https://www.alahazratnetwork.org/download/the-killer-mistake-a-critique-of-nuh-kellers-iman-kufr-and-takfir/?wpdmdl=746&refresh=6a746d64239131786015076		
???? ????? ?? ???? ?????? ??? ???????	N/A	24	https://www.alahazratnetwork.org/wp-content/uploads/2020/02/????-?????-??-????-??????-???-???????.jpg	https://www.alahazratnetwork.org/download/%d8%ac%d9%85%d8%a7%d9%86-%d8%a7%d9%84%d8%aa%d8%a7%d8%ac-%d9%81%d9%8a-%d8%a8%d9%8a%d8%a7%d9%86-%d8%a7%d9%84%d8%b5%d9%84%d8%a7%d8%a9-%d9%82%d8%a8%d9%84-%d8%a7%d9%84%d9%85%d8%b9%d8%b1%d8%a7%d8%ac/?wpdmdl=668&refresh=6a746dcd9b0511786015181		
??????????? ?????? ?? ??? ????????	N/A	156	https://www.alahazratnetwork.org/wp-content/uploads/2020/02/???????????-??????-??-???-????????.jpg	https://www.alahazratnetwork.org/download/%d8%ad%d8%a7%d8%ac%d8%b2%d8%a7%d9%84%d8%a8%d8%ad%d8%b1%d9%8a%d9%86-%d8%a7%d9%84%d9%88%d8%a7%d9%82%d9%8a-%d8%b9%d9%86-%d8%ac%d9%85%d8%b9-%d8%a7%d9%84%d8%b5%d9%84%d8%a7%d8%aa%d9%8a%d9%86/?wpdmdl=673&refresh=6a746da8f118c1786015144		
?????? ?? ????? ????? ??? ????	N/A	82	https://www.alahazratnetwork.org/wp-content/uploads/2020/02/??????-??-?????-?????-???-????.jpg	https://www.alahazratnetwork.org/download/%d8%a7%d9%84%d8%a3%d8%ad%d9%84%d9%89-%d9%85%d9%86-%d8%a7%d9%84%d8%b3%d9%83%d8%b1-%d9%84%d8%b7%d9%84%d8%a8%d8%a9-%d8%b3%d9%83%d8%b1-%d8%b1%d9%88%d8%b3%d8%b1/?wpdmdl=663&refresh=6a746ddbe8ae01786015195		
??? ????? ?? ???????? ?????? ?????	N/A	67	https://www.alahazratnetwork.org/wp-content/uploads/2020/02/???-?????-??-????????-??????-?????.jpg	https://www.alahazratnetwork.org/download/%d8%b3%d9%84%d8%a8-%d8%a7%d9%84%d8%ab%d9%84%d8%a8-%d8%b9%d9%86-%d8%a7%d9%84%d9%82%d8%a7%d8%a6%d9%84%d9%8a%d9%86-%d8%a8%d8%b7%d9%87%d8%a7%d8%b1%d8%a9-%d8%a7%d9%84%d9%83%d9%84%d8%a8/?wpdmdl=653&refresh=6a746ddea4ed31786015198		
???? ?????? ????? ??? ?????	N/A	37	https://www.alahazratnetwork.org/wp-content/uploads/2020/02/????-??????-?????-???-?????.jpg	https://www.alahazratnetwork.org/download/%d9%85%d8%ac%d9%84%d9%8a-%d8%a7%d9%84%d8%b4%d9%85%d8%b9%d8%a9-%d9%84%d8%ac%d8%a7%d9%85%d8%b9-%d8%ad%d8%af%d8%ab-%d9%88%d9%84%d9%85%d8%b9%d8%a9/?wpdmdl=644&refresh=6a746df51ac561786015221		
?????? ??????? ?? ??? ??? ???????	N/A	95	https://www.alahazratnetwork.org/wp-content/uploads/2020/02/??????-???????-??-???-???-???????.jpg	https://www.alahazratnetwork.org/download/%d8%a7%d9%84%d8%b7%d9%84%d8%a8%d8%a9-%d8%a7%d9%84%d8%a8%d8%af%d9%8a%d8%b9%d8%a9-%d9%81%d9%8a-%d9%82%d9%88%d9%84-%d8%b5%d8%af%d8%b1-%d8%a7%d9%84%d8%b4%d8%b1%d9%8a%d8%b9%d8%a9/?wpdmdl=639&refresh=6a746df567cfa1786015221		
????? ?????? ??? ??? ??? ??????	N/A	40	https://www.alahazratnetwork.org/wp-content/uploads/2020/02/?????-??????-???-???-???-??????.jpg	https://www.alahazratnetwork.org/download/%d8%a7%d9%84%d9%85%d8%b7%d8%b1-%d8%a7%d9%84%d8%b3%d8%b9%d9%8a%d8%af-%d8%b9%d9%84%d9%89-%d9%86%d8%a8%d8%aa-%d8%ac%d9%86%d8%b3-%d8%a7%d9%84%d8%b5%d8%b9%d9%8a%d8%af/?wpdmdl=598&refresh=6a746e17d246d1786015255		
????? ???? ?????	N/A	24	https://www.alahazratnetwork.org/wp-content/uploads/2020/02/AlZafar-Li-Qaul-il-Zafar.jpg	https://www.alahazratnetwork.org/download/%d8%a7%d9%84%d8%b8%d9%81%d8%b1-%d9%84%d9%82%d9%88%d9%84-%d8%a7%d9%84%d8%b2%d9%81%d8%b1/?wpdmdl=593&refresh=6a746e28a41af1786015272		
?????? ??????? ?? ????? ??? ??? ??? ???	N/A	158	https://www.alahazratnetwork.org/wp-content/uploads/2020/02/??????-???????-??-?????-???-???-???-???.jpg	https://www.alahazratnetwork.org/download/%d9%82%d9%88%d8%a7%d9%86%d9%8a%d9%86-%d8%a7%d9%84%d8%b9%d9%84%d9%85%d8%a7%d8%a1-%d9%81%d9%8a-%d9%85%d8%aa%d9%8a%d9%85%d9%85-%d8%b9%d9%84%d9%85-%d8%b9%d9%86%d8%af-%d8%b2%d9%8a%d8%af-%d9%85%d8%a7%d8%a1/?wpdmdl=605&refresh=6a746e0503ba11786015237		
??? ?????? ????? ?? ??????	N/A	101	https://www.alahazratnetwork.org/wp-content/uploads/2020/02/???-??????-?????-??-??????-1.jpg	https://www.alahazratnetwork.org/download/%d8%ad%d8%b3%d9%86-%d8%a7%d9%84%d8%aa%d8%b9%d9%85%d9%85-%d9%84%d8%a8%d9%8a%d8%a7%d9%86-%d8%ad%d8%af-%d8%a7%d9%84%d8%aa%d9%8a%d9%85%d9%85/?wpdmdl=580&refresh=6a746e3d0b7c31786015293		
??? ?????? ??? ???? ????? ?? ?????	N/A	134	https://www.alahazratnetwork.org/wp-content/uploads/2020/02/Samhun-Nadra.jpg	https://www.alahazratnetwork.org/download/%d8%b3%d9%85%d8%ad-%d8%a7%d9%84%d9%86%d8%af%d8%b1%d9%89-%d8%a8%d9%85%d8%a7-%d9%8a%d9%88%d8%b1%d8%ab-%d8%a7%d9%84%d8%b9%d8%ac%d8%b2-%d9%85%d9%86-%d8%a7%d9%84%d9%85%d8%a7%d8%a1/?wpdmdl=589&refresh=6a746e32b90621786015282		
???? ????? ?????? ????? ??? ?????	N/A	49	https://www.alahazratnetwork.org/wp-content/uploads/2020/02/????-?????-??????-?????-???-?????.jpg	https://www.alahazratnetwork.org/download/%d8%b9%d8%b7%d8%a7%d8%a1-%d8%a7%d9%84%d9%86%d8%a8%d9%8a-%d9%84%d8%a5%d9%81%d8%a7%d8%b6%d8%a9-%d8%a3%d8%ad%d9%83%d8%a7%d9%85-%d9%85%d8%a7%d8%a1-%d8%a7%d9%84%d8%b5%d8%a8%d9%8a/?wpdmdl=567&refresh=6a746e5ecfd0d1786015326		
????? ???????? ???? ????? ????????	N/A	210	https://www.alahazratnetwork.org/wp-content/uploads/2020/02/?????-????????-????-?????-????????.jpg	https://www.alahazratnetwork.org/download/%d8%a7%d9%84%d8%af%d9%82%d8%a9-%d9%88%d8%a7%d9%84%d8%aa%d8%a8%d9%8a%d8%a7%d9%86-%d9%84%d8%b9%d9%84%d9%85-%d8%a7%d9%84%d8%b1%d9%82%d8%a9-%d9%88%d8%a7%d9%84%d8%b3%d9%8a%d9%84%d8%a7%d9%86/?wpdmdl=574&refresh=6a746e5f0b0261786015327		
??? ?????? ?? ??? ??? ????	N/A	27	https://www.alahazratnetwork.org/wp-content/uploads/2020/02/???-??????-??-???-???-????.jpg	https://www.alahazratnetwork.org/download/%d9%87%d8%a8%d8%a9-%d8%a7%d9%84%d8%ad%d8%a8%d9%8a%d8%b1-%d9%81%d9%8a-%d8%b9%d9%85%d9%82-%d9%85%d8%a7%d8%a1-%d9%83%d8%ab%d9%8a%d8%b1/?wpdmdl=554&refresh=6a746e9e4ca2a1786015390		
?????? ?????? ?????? ????? ??????	N/A	246	https://www.alahazratnetwork.org/wp-content/uploads/2020/02/?????-??????-??????-?????-??????.jpg	https://www.alahazratnetwork.org/download/%d8%a7%d9%84%d9%86%d9%88%d8%b1-%d8%a7%d9%84%d8%b1%d9%88%d9%86%d9%82-%d9%84%d8%a5%d8%b3%d9%81%d8%a7%d8%b1-%d8%a7%d9%84%d9%85%d8%a7%d8%a1-%d8%a7%d9%84%d9%85%d8%b7%d9%84%d9%82/?wpdmdl=560&refresh=6a746e71b7b991786015345		
?????? ?????? ?? ????? ????????	N/A	25	https://www.alahazratnetwork.org/wp-content/uploads/2020/02/?????-??????-??-?????-????????.jpg	https://www.alahazratnetwork.org/download/%d8%a7%d9%84%d9%87%d9%86%d9%8a%d8%a1-%d8%a7%d9%84%d9%86%d9%85%d9%8a%d8%b1-%d9%81%d9%8a-%d8%a7%d9%84%d9%85%d8%a7%d8%a1-%d8%a7%d9%84%d9%85%d8%b3%d8%aa%d8%af%d9%8a%d8%b1/?wpdmdl=534&refresh=6a746ec6cc87d1786015430		
??? ?????? ?? ???? ?? ????? ????? ?????? ?? ???????	N/A	104	https://www.alahazratnetwork.org/wp-content/uploads/2020/02/???-??????-??-????-??-?????-?????-??????-??-???????.jpg	https://www.alahazratnetwork.org/download/%d8%b1%d8%ad%d8%a8-%d8%a7%d9%84%d8%b3%d8%a7%d8%ad%d8%a9-%d9%81%d9%8a-%d9%85%d9%8a%d8%a7%d9%87-%d9%84%d8%a7-%d9%8a%d8%b3%d8%aa%d9%88%d9%8a-%d9%88%d8%ac%d9%87%d9%87%d8%a7-%d9%88%d8%ac%d9%88%d9%81%d9%87/?wpdmdl=539&refresh=6a746ead1234c1786015405		
????? ?????? ?? ?? ??? ????????	N/A	71	https://www.alahazratnetwork.org/wp-content/uploads/2020/02/?????-??????-??-??-???-????????.jpg	https://www.alahazratnetwork.org/download/%d8%a7%d9%84%d8%b7%d8%b1%d8%b3-%d8%a7%d9%84%d9%85%d8%b9%d8%af%d9%84-%d9%81%d9%8a-%d8%ad%d8%af-%d9%85%d8%a7%d8%a1-%d8%a7%d9%84%d9%85%d8%b3%d8%aa%d8%b9%d9%85%d9%84/?wpdmdl=477&refresh=6a746ed85a0eb1786015448		
?????? ????? ?? ???? ????? ?????	N/A	45	https://www.alahazratnetwork.org/wp-content/uploads/2020/02/irtifa-ul-Hujub.jpg	https://www.alahazratnetwork.org/download/%d8%a7%d8%b1%d8%aa%d9%81%d8%a7%d8%b9-%d8%a7%d9%84%d8%ad%d8%ac%d8%a8-%d8%b9%d9%86-%d9%88%d8%ac%d9%88%d9%87-%d9%82%d8%b1%d8%a2%d8%a1%d8%a9-%d8%a7%d9%84%d8%ac%d9%86%d8%a8/?wpdmdl=471&refresh=6a746ef22e5ac1786015474		
??????? ?????? ?? ??? ??????? ???????	N/A	137	https://www.alahazratnetwork.org/wp-content/uploads/2020/02/Ablution-with-touched-water.jpg	https://www.alahazratnetwork.org/download/%d8%a7%d9%84%d9%86%d9%85%d9%8a%d9%82%d8%a9-%d8%a7%d9%84%d8%a3%d9%86%d9%82%d9%89-%d9%81%d9%8a-%d9%81%d8%b1%d9%82-%d8%a7%d9%84%d9%85%d9%84%d8%a7%d9%82%d9%8a-%d9%88%d8%a7%d9%84%d9%85%d9%84%d9%82%d9%89/?wpdmdl=529&refresh=6a746ed5b64941786015445		
????? ?????? ?? ??? ????? ?????	N/A	161	https://www.alahazratnetwork.org/wp-content/uploads/2020/02/barkaat-us-Sama-fi-hukme-Israf-ul-Maa.jpg	https://www.alahazratnetwork.org/download/%d8%a8%d8%b1%d9%83%d8%a7%d8%aa-%d8%a7%d9%84%d8%b3%d9%85%d8%a7%d8%a1-%d9%81%d9%8a-%d8%ad%d9%83%d9%85-%d8%a5%d8%b3%d8%b1%d8%a7%d9%81-%d8%a7%d9%84%d9%85%d8%a7%d8%a1/?wpdmdl=469&refresh=6a746f05b33bb1786015493		
???? ????? ?? ?????? ??? ??????	N/A	295	https://www.alahazratnetwork.org/wp-content/uploads/2020/02/????-?????-??-??????-???-??????.jpg	https://www.alahazratnetwork.org/download/%d8%a8%d8%a7%d8%b1%d9%82-%d8%a7%d9%84%d9%86%d9%88%d8%b1-%d9%81%d9%8a-%d9%85%d9%82%d8%a7%d8%af%d9%8a%d8%b1-%d9%85%d8%a7%d8%a1-%d8%a7%d9%84%d8%b7%d9%87%d9%88%d8%b1/?wpdmdl=459&refresh=6a746f07785ca1786015495		
??????? ?????? ?? ????? ???????? ??????	N/A	152	https://www.alahazratnetwork.org/wp-content/uploads/2020/02/Al-Ahkaam-wal-ilal-ishkaal-ehtalam.jpg	https://www.alahazratnetwork.org/download/%d8%a7%d9%84%d8%a3%d8%ad%d9%83%d8%a7%d9%85-%d9%88%d8%a7%d9%84%d8%b9%d9%84%d9%84-%d9%81%d9%8a-%d8%a5%d8%b4%d9%83%d8%a7%d9%84-%d8%a7%d9%84%d8%a5%d8%ad%d8%aa%d9%84%d8%a7%d9%85-%d9%88%d8%a7%d9%84%d8%a8/?wpdmdl=454&refresh=6a746f3dd0d171786015549		
????? ????? ??????	N/A	22	https://www.alahazratnetwork.org/wp-content/uploads/2020/02/Khulasa-Tibyan-al-Wuzu.jpg	https://www.alahazratnetwork.org/download/%d8%ae%d9%84%d8%a7%d8%b5%d8%a9-%d8%aa%d8%a8%d9%8a%d8%a7%d9%86-%d8%a7%d9%84%d9%88%d8%b6%d9%88%d8%a1/?wpdmdl=442&refresh=6a746f6a3eea41786015594		
Fatawa Ridawiyyah Volume 7 ?????? ????? ??? ????	N/A	706	https://www.alahazratnetwork.org/wp-content/uploads/2020/01/fatawa_7.jpg	https://www.alahazratnetwork.org/download/fatawa-ridawiyyah-volume-7-%d9%81%d8%aa%d8%a7%d9%88%db%8c%d9%b0-%d8%b1%d8%b6%d9%88%db%8c%db%81-%d8%ac%d9%84%d8%af-%db%81%d9%81%d8%aa%d9%85/?wpdmdl=206&refresh=6a74a44d675861786029133		
Fatawa Ridawiyyah Volume 8 ?????? ????? ???	N/A	661	https://www.alahazratnetwork.org/wp-content/uploads/2020/01/fatawa_8.jpg	https://www.alahazratnetwork.org/download/fatawa-ridawiyyah-volume-8-%d9%81%d8%aa%d8%a7%d9%88%db%8c%d9%b0-%d8%b1%d8%b6%d9%88%db%8c%db%81-%d8%ac%d9%84%d8%af/?wpdmdl=440&refresh=6a746f6db3c791786015597		
Fatawa Ridawiyyah Volume 5 ?????? ????? ??? ????	N/A	687	https://www.alahazratnetwork.org/wp-content/uploads/2020/01/fatawa_5.jpg	https://www.alahazratnetwork.org/download/fatawa-ridawiyyah-volume-5-%d9%81%d8%aa%d8%a7%d9%88%db%8c%d9%b0-%d8%b1%d8%b6%d9%88%db%8c%db%81-%d8%ac%d9%84%d8%af-%d9%be%d9%86%d8%ac%d9%85/?wpdmdl=198&refresh=6a747040131001786015808		
Fatawa Ridawiyyah Volume 6 ?????? ????? ??? ???	N/A	725	https://www.alahazratnetwork.org/wp-content/uploads/2020/01/fatawa_6.jpg	https://www.alahazratnetwork.org/download/fatawa-ridawiyyah-volume-6-%d9%81%d8%aa%d8%a7%d9%88%db%8c%d9%b0-%d8%b1%d8%b6%d9%88%db%8c%db%81-%d8%ac%d9%84%d8%af-%d8%b4%d8%b4%d9%85/?wpdmdl=199&refresh=6a74703d8d0191786015805		
"Fatawa Razaviah/ Ridawiyyah volume 3 ,??? ??? ?????? ?????"	N/A	751	https://www.alahazratnetwork.org/wp-content/uploads/2020/01/fatawa_4.jpg	https://www.alahazratnetwork.org/download/fatawa-razaviah-ridawiyyah-volume-3-%d8%ac%d9%84%d8%af-%d8%b3%d9%88%d9%85-%d9%81%d8%aa%d8%a7%d9%88%db%8c%d9%b0-%d8%b1%d8%b6%d9%88%db%8c%db%81/?wpdmdl=135&refresh=6a7472056dd941786016261		
Fatawa Ridawyyah Volume 4 ?????? ????? ??? ?????	N/A	753	https://www.alahazratnetwork.org/wp-content/uploads/2020/01/fatawa_4-1.jpg	https://www.alahazratnetwork.org/download/fatawa-ridawyyah-volume-3/?wpdmdl=186&refresh=6a74720571a491786016261		
"Fatawa Razaviah/ Ridawiyyah volume 2 ,??? ??? ?????? ?????"	N/A	700	https://www.alahazratnetwork.org/wp-content/uploads/2020/01/fatawa_2.jpg	https://www.alahazratnetwork.org/download/fatawa-razaviah-ridawiyyah-volume-2-%d8%ac%d9%84%d8%af-%d8%af%d9%88%d9%85-%d9%81%d8%aa%d8%a7%d9%88%db%8c%d9%b0-%d8%b1%d8%b6%d9%88%db%8c%db%81/?wpdmdl=125&refresh=6a7472631a2331786016355		
??? ????? ?? ?????? ?? ?? ???	N/A	103	https://www.alahazratnetwork.org/wp-content/uploads/2020/01/NABAHUL-QAUM.jpg	https://www.alahazratnetwork.org/download/%d9%86%d8%a8%d9%87-%d8%a7%d9%84%d9%82%d9%88%d9%85-%d8%a3%d9%86-%d8%a7%d9%84%d9%88%d8%b6%d9%88%d8%a1-%d9%85%d9%86-%d8%a3%d9%8a-%d9%86%d9%88%d9%85/?wpdmdl=116&refresh=6a7472fa6da3e1786016506		
?????? ?????? ???? ?? ??? ?? ????? ????	N/A	103	https://www.alahazratnetwork.org/wp-content/uploads/2020/01/AlTirazul-Mulam.jpg	https://www.alahazratnetwork.org/download/altirazulmulam/?wpdmdl=111&refresh=6a74731aa1a551786016538		
"Fatawa Razaviah/ Ridawiyyah volume 1 ,??? ??? ?????? ?????"	N/A	1151	https://www.alahazratnetwork.org/wp-content/uploads/2020/01/fatawa_1.jpg	https://www.alahazratnetwork.org/download/fatawa-razaviah-ridawiyyah-volume-1-%d8%ac%d9%84%d8%af-%d8%a7%d9%88%d9%84-%d9%81%d8%aa%d8%a7%d9%88%db%8c%d9%b0-%d8%b1%d8%b6%d9%88%db%8c%db%81/?wpdmdl=133&refresh=6a74723c993ff1786016316		
??? ??????? ?? ?? ???? ?? ??????	N/A	23	https://www.alahazratnetwork.org/wp-content/uploads/2020/01/lamal-Ahkaam.jpg	https://www.alahazratnetwork.org/download/lamaalahkaam/?wpdmdl=106&refresh=6a74733dd3a2a1786016573		
????? ??????? ?? ????? ???????	N/A	24	https://www.alahazratnetwork.org/wp-content/uploads/2020/01/?????-???????-??-?????-???????.jpg	https://www.alahazratnetwork.org/download/tanveer-ul-qindeel/?wpdmdl=90&refresh=6a7473447637c1786016580		
????? ????? ?? ????? ??????	N/A	72	https://www.alahazratnetwork.org/wp-content/uploads/2020/01/unnamed-1.jpg	https://www.alahazratnetwork.org/download/%d8%a7%d9%84%d8%ac%d9%88%d8%af-%d8%a7%d9%84%d8%ad%d9%84%d9%88-%d9%81%d9%8a-%d8%a3%d8%b1%d9%83%d8%a7%d9%86-%d8%a7%d9%84%d9%88%d8%b6%d9%88%d8%a1/?wpdmdl=79&refresh=6a747349cc5c21786016585		
???? ???? ??? ??? ??? ????? ????	N/A	15	https://www.alahazratnetwork.org/wp-content/uploads/2020/07/Moeene-Mubeen-768x1024.jpg	https://www.alahazratnetwork.org/download/moeenemubeen/?wpdmdl=75&refresh=6a74735fa3b761786016607		
???? ??????? ?? ?????? ????? ??? ??? ??????	N/A	137	https://www.alahazratnetwork.org/wp-content/uploads/2020/01/ajlal-ailaam.jpg	https://www.alahazratnetwork.org/download/%d8%a3%d8%ac%d9%84%d9%89-%d8%a7%d9%84%d8%a5%d8%b9%d9%84%d8%a7%d9%85-%d8%a3%d9%86-%d8%a7%d9%84%d9%81%d8%aa%d9%88%d9%89-%d9%85%d8%b7%d9%84%d9%82%d8%a7-%d8%b9%d9%84%d9%89-%d9%82%d9%88%d9%84-%d8%a7%d9%84/?wpdmdl=78&refresh=6a7473506151d1786016592		
Naseeme Jannat Qasaide Kafi by Molana Syed Kifayat Ali Kafi Shaheed	N/A	44		https://www.alahazratnetwork.org/download/naseeme-jannat-qasaide-kafi-by-molana-syed-kifayat-ali-kafi-shaheed/?wpdmdl=33344&refresh=6a74bc7c6ea311786035324		
???? ???? ??? ??? ????? ?? ??????	N/A	7		https://www.alahazratnetwork.org/download/%d8%a7%d9%85%d8%a7%d9%85-%d8%a7%d8%ad%d9%85%d8%af-%d8%b1%d8%b6%d8%a7-%d8%af%db%8c%d9%86-%d8%a7%d8%b3%d9%84%d8%a7%d9%85-%da%a9%db%92-%d9%be%d8%a7%d8%b3%d8%a8%d8%a7%d9%86/?wpdmdl=31876&refresh=6a74c970a832a1786038640		
????? ??? ???? ?? ????	N/A	25		https://www.alahazratnetwork.org/download/%d8%a7%d8%b3%d9%84%d8%a7%d9%85-%d9%85%db%8c%da%ba-%d9%85%d8%ac%d8%af%d8%af-%da%a9%d8%a7-%d9%85%d9%82%d8%a7%d9%85/?wpdmdl=31866&refresh=6a74c97054e9a1786038640		
??????? ??? ?? ???? ????? ????	N/A	59		https://www.alahazratnetwork.org/download/%da%86%d9%88%d8%af%da%be%d9%88%db%8c%da%ba-%d8%b5%d8%af%db%8c-%da%a9%db%92-%d9%85%d8%ac%d8%af%d8%af-%d8%a7%d8%b9%d9%84%db%8c%d9%b0-%d8%ad%d8%b6%d8%b1%d8%aa/?wpdmdl=31869&refresh=6a74c9705d7ee1786038640		
???? ???? ??? ???? ?????? ??? ?????? ????? ??????	N/A	7		https://www.alahazratnetwork.org/download/%d8%a7%d9%85%d8%a7%d9%85-%d8%a7%d8%ad%d9%85%d8%af-%d8%b1%d8%b6%d8%a7-%d9%85%d8%ad%d8%af%d8%ab-%d8%a8%d8%b1%db%8c%d9%84%d9%88%db%8c-%d8%a7%d9%88%d8%b1-%d8%b9%d9%84%d9%85%d8%a7%d8%a6%db%92-%d8%ad%d8%b1/?wpdmdl=31508&refresh=6a74c9769243a1786038646		
???? ???? ?????? ?? ?????? ??? ?? ??????? ???????	N/A	12		https://www.alahazratnetwork.org/download/%d8%a7%d9%85%d8%a7%d9%85-%d8%a7%d8%ad%d9%85%d8%af-%d8%b1%d8%b6%d8%a7%d8%ae%d8%a7%d9%86-%da%a9%db%92-%d8%b7%d8%b1%db%8c%d9%82%db%81%d9%97-%d8%af%d8%b1%d8%b3-%da%a9%db%8c-%d8%a7%d9%85%d8%aa%db%8c%d8%a7/?wpdmdl=31480&refresh=6a74b7f226ab31786034162		
?????? ????? ???? ???? ??? ?? ??? ???	N/A	11		https://www.alahazratnetwork.org/download/%d9%85%d9%82%d8%a7%d8%b5%d8%af%d9%90-%d8%aa%d8%b9%d9%84%db%8c%d9%85-%d8%a7%d9%85%d8%a7%d9%85-%d8%a7%d8%ad%d9%85%d8%af-%d8%b1%d8%b6%d8%a7-%da%a9%db%8c-%d9%86%d8%b8%d8%b1-%d9%85%db%8c%da%ba/?wpdmdl=31500&refresh=6a74c9777aa0f1786038647		
???? ??? ?? ????? ???? ??? ?? ????? ???	N/A	7		https://www.alahazratnetwork.org/download/%d8%b7%d9%84%d8%a8%d9%90-%d8%b9%d9%84%d9%85-%da%a9%db%8c-%d9%81%d8%b1%d8%b6%db%8c%d8%aa-%d9%81%da%a9%d8%b1%d9%90-%d8%b1%d8%b6%d8%a7-%da%a9%db%8c-%d8%b1%d9%88%d8%b4%d9%86%db%8c-%d9%85%db%8c%da%ba/?wpdmdl=31475&refresh=6a74c9799e3a91786038649		
???? ???? ??? ???? ???? ??? ?? ?????? ?????? ???? ?? ?????	N/A	8		https://www.alahazratnetwork.org/download/%d8%b9%db%81%d8%af%d9%90-%d8%ad%d8%a7%d8%b6%d8%b1-%d9%85%db%8c%da%ba-%d8%a7%d9%85%d8%a7%d9%85-%d8%a7%d8%ad%d9%85%d8%af-%d8%b1%d8%b6%d8%a7-%da%a9%db%92-%d8%a7%d8%b3%d9%84%d8%a7%d9%85%db%8c-%d8%aa%d8%b9/?wpdmdl=31466&refresh=6a74b83a346dc1786034234		
???? ???? ??? ?? ?????? ?????? ?? ????? ???	N/A	6		https://www.alahazratnetwork.org/download/%d8%a7%d9%85%d8%a7%d9%85-%d8%a7%d8%ad%d9%85%d8%af-%d8%b1%d8%b6%d8%a7-%da%a9%db%92-%d8%aa%d8%b9%d9%84%db%8c%d9%85%db%8c-%d9%86%d8%b8%d8%b1%db%8c%d8%a7%d8%aa-%d9%be%d8%b1-%d8%b1%db%8c%d8%b3%d8%b1%da%86/?wpdmdl=31459&refresh=6a74b8b0672261786034352		
???????? ??? ?? ??????? ??????	N/A	8		https://www.alahazratnetwork.org/download/%d9%85%d9%84%d9%81%d9%88%d8%b8%d8%a7%d8%aa%d9%90-%d8%b1%d8%b6%d8%a7-%da%a9%d8%a7-%d8%aa%d8%ac%d8%b2%db%8c%d8%a7%d8%aa%db%8c-%d9%85%d8%b7%d8%a7%d9%84%d8%b9%db%81/?wpdmdl=31451&refresh=6a74b8eb439121786034411		
????? ???? ?? ?????? ???????? ??????? ?? ?????	N/A	18		https://www.alahazratnetwork.org/download/%d9%85%d9%81%d8%aa%db%8c%d9%97-%d8%a7%d8%b9%d8%b8%d9%85-%da%a9%d8%a7-%d9%84%d8%a7%d8%b2%d9%88%d8%a7%d9%84-%da%a9%d8%a7%d8%b1%d9%86%d8%a7%d9%85%db%81%db%94-%d8%a7%d9%84%d9%85%d9%84%d9%81%d9%88%d8%b8/?wpdmdl=31445&refresh=6a74c9811172f1786038657		
???? ???? ??? ??? ????? ?????	N/A	13		https://www.alahazratnetwork.org/download/%d8%a7%d9%85%d8%a7%d9%85-%d8%a7%d8%ad%d9%85%d8%af-%d8%b1%d8%b6%d8%a7-%d8%a7%d9%88%d8%b1-%d8%aa%d8%b5%d9%88%d8%b1%d9%90-%d8%aa%d8%b9%d9%84%db%8c%d9%85/?wpdmdl=31312&refresh=6a74c982f2e611786038658		
???? ???? ??? ??? ?? ?? ???????	N/A	10		https://www.alahazratnetwork.org/download/%d8%a7%d9%85%d8%a7%d9%85-%d8%a7%d8%ad%d9%85%d8%af-%d8%b1%d8%b6%d8%a7-%d8%a7%d9%88%d8%b1-%d8%a7%d9%86-%da%a9%db%92-%d9%85%d9%84%d9%81%d9%88%d8%b8%d8%a7%d8%aa/?wpdmdl=31306&refresh=6a74c9844b1391786038660		
???? ???? ??? ??? ????? ????????? ????? ????	N/A	6		https://www.alahazratnetwork.org/download/%d8%a7%d9%85%d8%a7%d9%85-%d8%a7%d8%ad%d9%85%d8%af-%d8%b1%d8%b6%d8%a7-%d8%a7%d9%88%d8%b1-%d9%85%d9%88%d9%84%d9%88%db%8c-%d8%b9%d8%a8%d8%af%d8%a7%d9%84%d8%a8%d8%a7%d8%b1%db%8c-%d9%81%d8%b1%d9%86%da%af/?wpdmdl=31318&refresh=6a74c9830d0ed1786038659		
???? ???? ??? ??? ????? ??? ????? ??? ???? ???? ???	N/A	15		https://www.alahazratnetwork.org/download/%d8%a7%d9%85%d8%a7%d9%85-%d8%a7%d8%ad%d9%85%d8%af-%d8%b1%d8%b6%d8%a7-%d8%a7%d9%88%d8%b1-%d8%a7%d9%85%d8%a7%d9%85%d9%90-%d8%ad%d8%b1%d9%85-%d8%b9%d9%84%d8%a7%d9%85%db%81-%d8%b4%db%8c%d8%ae-%d8%b5%d8%a7/?wpdmdl=31297&refresh=6a74c988476a91786038664		
???? ???? ??? ?? ?????? ?????? ??????? ????? ?? ?????	N/A	4		https://www.alahazratnetwork.org/download/%d8%a7%d9%85%d8%a7%d9%85-%d8%a7%d8%ad%d9%85%d8%af-%d8%b1%d8%b6%d8%a7-%da%a9%db%92-%d8%aa%d8%b9%d9%84%db%8c%d9%85%db%8c-%d8%a7%d9%81%da%a9%d8%a7%d8%b1%db%94-%d8%a7%db%8c%d9%85%db%94%d8%a7%db%8c%da%88/?wpdmdl=31292&refresh=6a74c988d5b431786038664		
???? ???? ??? ??? ???? ?????	N/A	58		https://www.alahazratnetwork.org/download/%d8%a7%d9%85%d8%a7%d9%85-%d8%a7%d8%ad%d9%85%d8%af-%d8%b1%d8%b6%d8%a7-%d8%a7%d9%88%d8%b1-%d9%85%d9%84%da%a9%db%8c-%d8%b3%db%8c%d8%a7%d8%b3%d8%aa-download/?wpdmdl=31285&refresh=6a74c98b75ed71786038667		
????? ???? ?? ??? ?????	N/A	12		https://www.alahazratnetwork.org/download/%d8%a7%d8%b9%d9%84%db%8c%d9%b0-%d8%ad%d8%b6%d8%b1%d8%aa-%da%a9%db%8c-%d9%85%d9%84%db%8c-%d8%ae%d8%af%d9%85%d8%a7%d8%aa/?wpdmdl=30996&refresh=6a74c98e12a521786038670		
????? ?? ???? ??? ???? ???? ???	N/A	7		https://www.alahazratnetwork.org/download/%d8%a2%d8%b2%d8%a7%d8%af%db%8c-%da%a9%db%8c-%d9%85%d9%86%d8%b2%d9%84-%d8%a7%d9%88%d8%b1-%d8%a7%d9%85%d8%a7%d9%85-%d8%a7%d8%ad%d9%85%d8%af-%d8%b1%d8%b6%d8%a7-download/?wpdmdl=31279&refresh=6a74c98df2a0d1786038669		
"???? ???? ???? ?? ?? ?? ???? ??? ??????"	N/A	5		https://www.alahazratnetwork.org/download/%d8%a7%d9%85%d8%a7%d9%85-%d8%a7%d8%ad%d9%85%d8%af-%d8%b1%d8%b6%d8%a7%d8%8c-%d8%a7%d9%86-%da%a9%db%92-%db%81%d9%85-%d9%85%d8%b3%d9%84%da%a9-%d8%a7%d9%88%d8%b1-%d8%a7%d9%86%da%af%d8%b1%db%8c%d8%b2/?wpdmdl=30467&refresh=6a74c98fa3d4e1786038671		
???? ???? ??? ?????? ????? ?? ????? ??? ????	N/A	4		https://www.alahazratnetwork.org/download/%d8%a7%d9%85%d8%a7%d9%85-%d8%a7%d8%ad%d9%85%d8%af-%d8%b1%d8%b6%d8%a7-%d8%b9%d8%a7%d9%84%d9%8e%d9%85%d9%90-%d8%a7%d8%b3%d9%84%d8%a7%d9%85-%da%a9%db%92-%d9%85%d8%a7%db%8c%db%82-%d9%86%d8%a7%d8%b2-%d9%85/?wpdmdl=30457&refresh=6a74c994cc1931786038676		
???? ??? ?? ???? ?? ?? ??? ?????	N/A	6		https://www.alahazratnetwork.org/download/%d9%85%d9%84%da%a9%d9%90-%d8%b3%d8%ae%d9%86-%da%a9%db%8c-%d8%b4%d8%a7%db%81%db%8c-%d8%aa%d9%85-%da%a9%d9%88-%d8%b1%d8%b6%d8%a7-%d9%85%d8%b3%d9%84%d9%91%d9%85/?wpdmdl=30451&refresh=6a74c9953080a1786038677		
????? ???? ???? ???? ??? ??? ??? ?????	N/A	6		https://www.alahazratnetwork.org/download/%d8%a7%d8%b9%d9%84%db%8c%d9%b0-%d8%ad%d8%b6%d8%b1%d8%aa-%d8%a7%d9%85%d8%a7%d9%85-%d8%a7%d8%ad%d9%85%d8%af-%d8%b1%d8%b6%d8%a7-%d8%a7%d9%88%d8%b1-%d8%b1%d8%af%d9%90-%d8%a8%d8%af%d8%b9%d8%a7%d8%aa/?wpdmdl=30449&refresh=6a74c995c3a1c1786038677		
????? ???? ?????? ???? ?????	N/A	2		https://www.alahazratnetwork.org/download/%d8%a7%d8%b9%d9%84%db%8c%d9%b0-%d8%ad%d8%b6%d8%b1%d8%aa-%d8%a8%d8%ad%db%8c%d8%ab%db%8c%d8%aa-%d9%85%d8%b3%d9%84%d9%85-%d8%b1%db%81%d9%86%d9%85%d8%a7/?wpdmdl=30428&refresh=6a74c9962826c1786038678		
???? ???? ??? ??? ???????????	N/A	6		https://www.alahazratnetwork.org/download/%d8%a7%d9%85%d8%a7%d9%85-%d8%a7%d8%ad%d9%85%d8%af-%d8%b1%d8%b6%d8%a7-%d8%a7%d9%88%d8%b1-%d8%aa%d8%b9%d9%85%db%8c%d8%b1%d9%90%d8%b4%d8%ae%d8%b5%db%8c%d8%aa/?wpdmdl=30423&refresh=6a74c99ae73771786038682		
????? ???? ??? ?????	N/A	7		https://www.alahazratnetwork.org/download/%d8%a7%d8%b9%d9%84%db%8c%d9%b0-%d8%ad%d8%b6%d8%b1%d8%aa-%d8%a7%d9%88%d8%b1-%d8%b3%d8%a7%d8%a6%d9%86%d8%b3/?wpdmdl=30410&refresh=6a74c99c2bd411786038684		
????? ???? ?????? ???? ?????	N/A	3		https://www.alahazratnetwork.org/download/%d8%a7%d8%b9%d9%84%db%8c%d9%b0-%d8%ad%d8%b6%d8%b1%d8%aa-%d8%a8%d8%b2%d8%a8%d8%a7%d9%86%d9%90-%d8%b5%d8%af%d8%b1%d9%90-%d8%b4%d8%b1%db%8c%d8%b9%d8%aa/?wpdmdl=30417&refresh=6a74c99b788c71786038683		
???? ???? ??? ?? ?????? ?????	N/A	10		https://www.alahazratnetwork.org/download/%d8%a7%d9%85%d8%a7%d9%85-%d8%a7%d8%ad%d9%85%d8%af-%d8%b1%d8%b6%d8%a7-%da%a9%d8%a7-%d9%86%d8%b8%d8%b1%db%8c%db%81%d8%a1-%d8%b3%d8%a7%d8%a6%d9%86%d8%b3/?wpdmdl=30403&refresh=6a74c99c45e9b1786038684		
???? ???? ??? ??? ???? ?????	N/A	6		https://www.alahazratnetwork.org/download/%d8%a7%d9%85%d8%a7%d9%85-%d8%a7%d8%ad%d9%85%d8%af-%d8%b1%d8%b6%d8%a7-%d8%a7%d9%88%d8%b1-%d8%b9%d8%b5%d8%b1%db%8c-%d8%aa%d8%b9%d9%84%db%8c%d9%85/?wpdmdl=30087&refresh=6a74c9a2c59d31786038690		
????? ??? ????????	N/A	10		https://www.alahazratnetwork.org/download/%d8%aa%d8%b9%d9%84%db%8c%d9%85-%d8%a7%d9%88%d8%b1-%d9%81%da%a9%d8%b1%d9%90%d9%90%d8%b1%d8%b6%d8%a7/?wpdmdl=30092&refresh=6a74c9a170fb51786038689		
???????? ??? ??? ????? ??????	N/A	11		https://www.alahazratnetwork.org/download/%d9%85%d9%84%d9%81%d9%88%d8%b8%d8%a7%d8%aa%d9%90-%d8%b1%d8%b6%d8%a7-%d8%a7%d9%88%d8%b1-%d8%a7%d8%b5%d9%84%d8%a7%d8%ad-%d9%85%d8%b9%d8%a7%d8%b4%d8%b1%db%81/?wpdmdl=30070&refresh=6a74c9a2aaeb31786038690		
???????? ???? ????? ?? ???? ???? ??? ?? ?????	N/A	23		https://www.alahazratnetwork.org/download/%d9%85%da%a9%d8%aa%d9%88%d8%a8%d8%a7%d8%aa%d9%90-%d8%a7%d9%85%d8%a7%d9%85-%d8%b1%d8%a8%d8%a7%d9%86%db%8c-%d9%be%d8%b1-%d8%a7%d9%85%d8%a7%d9%85-%d8%a7%d8%ad%d9%85%d8%af-%d8%b1%d8%b6%d8%a7-%da%a9%db%92/?wpdmdl=30064&refresh=6a74c9a3842491786038691		
???????? ??? ??? ?? ??? ????????? ??????	N/A	6		https://www.alahazratnetwork.org/download/malfoozatandmetaphysics/?wpdmdl=29811&refresh=6a74c9a99fced1786038697		
?????? ???? ???? ??? ?? ???? ????? ??? ?? ?? ???? ????? ? ??????	N/A	9		https://www.alahazratnetwork.org/download/%d8%aa%d8%b5%d8%a7%d9%86%db%8c%d9%81-%d8%a7%d9%85%d8%a7%d9%85-%d8%a7%d8%ad%d9%85%d8%af-%d8%b1%d8%b6%d8%a7-%da%a9%db%92-%d8%b9%d8%b1%d8%a8%db%8c-%d8%ae%d8%b7%d8%a8%d8%a7%d8%aa-%d8%a7%d9%88%d8%b1-%d8%a7/?wpdmdl=30058&refresh=6a74c9a89b2521786038696		
????? ???? ??? ?? ????? ??????	N/A	16		https://www.alahazratnetwork.org/download/biographymuftiazam/?wpdmdl=29853&refresh=6a74c9a950c7c1786038697		
???? ???? ??? ??? ?????? ?????	N/A	15		https://www.alahazratnetwork.org/download/imamaurfalsafaqadeema/?wpdmdl=29807&refresh=6a74c9ab80b571786038699		
???? ???? ??? ??? ???? ???? ????? ?? ????? ??	N/A	3		https://www.alahazratnetwork.org/download/imammahiririazi/?wpdmdl=29803&refresh=6a74c9afba7db1786038703		
????? ???? ????? ?????? ??? ????? ?????? ? ?????	N/A	8		https://www.alahazratnetwork.org/download/alahazrataurphysics/?wpdmdl=29791&refresh=6a74c9b0d22ca1786038704		
???? ???? ??? ?? ???????? ??? ???????? ??? ? ???	N/A	5		https://www.alahazratnetwork.org/download/imamkimantaqyana/?wpdmdl=29796&refresh=6a74c9b0c0e271786038704		
?????? ?????? ??? ???????? ?????	N/A	9		https://www.alahazratnetwork.org/download/aldaulatulmakiyyahmathematicalarguments/?wpdmdl=29787&refresh=6a74c9b3554db1786038707		
???? ???? ??? ??? ????? ?????	N/A	10		https://www.alahazratnetwork.org/download/imamauruloomeaqliya/?wpdmdl=29781&refresh=6a74c9b6b1c311786038710		
???? ???? ??? ??? ???? ???? ?? ?????	N/A	9		https://www.alahazratnetwork.org/download/imamandresearchonqibladirection/?wpdmdl=29778&refresh=6a74c9b7c3b151786038711		
????? ?????? ??? ???? ???? ??? ??? ?????	N/A	5		https://www.alahazratnetwork.org/download/allamabarjandiaurimamahmadraza/?wpdmdl=29774&refresh=6a74c9b7deb471786038711		
???? ????? ?? ???? ???? ??? ?? ??? ? ???	N/A	5		https://www.alahazratnetwork.org/download/imamandgeometry/?wpdmdl=29768&refresh=6a74c9ba986001786038714		
??? ??????? ???????? ??? ???? ???? ??? ?? ????	N/A	3		https://www.alahazratnetwork.org/download/imamkatafarrud/?wpdmdl=29765&refresh=6a74c9bcda4c61786038716		
???? ???? ??? ??? ????? ?????	N/A	6		https://www.alahazratnetwork.org/download/imamaurilmetakseer/?wpdmdl=29761&refresh=6a74c9beaafaa1786038718		
???? ???? ??? ??? ?????? ??? ? ???	N/A	8		https://www.alahazratnetwork.org/download/imamaurnazriyaesaut/?wpdmdl=29749&refresh=6a74c9bf255f11786038719		
????? ? ???? ??? ????? ???	N/A	13		https://www.alahazratnetwork.org/download/riazimainmaqameraza/?wpdmdl=29745&refresh=6a74c9c1604a61786038721		
???? ???? ??? ??? ?????? ????? ? ????	N/A	9		https://www.alahazratnetwork.org/download/imamaurislamicmath/?wpdmdl=29737&refresh=6a74c9c5f1e7a1786038725		
???? ???? ??? ??? ???? ??????	N/A	56		https://www.alahazratnetwork.org/download/imamaursautiyat/?wpdmdl=29731&refresh=6a74c9c6471e91786038726		
????? ?????? ??? ???? ???	N/A	12		https://www.alahazratnetwork.org/download/fazilebareilviaurjafar/?wpdmdl=29728&refresh=6a74c9c7b74a51786038727		
?????? ????? ? ???? ?? ????? ?????? ???	N/A	16		https://www.alahazratnetwork.org/download/islamiriazikaakhri/?wpdmdl=29740&refresh=6a74c9c3eb06f1786038723		
???? ??? ??? ???? ???? ???	N/A	10		https://www.alahazratnetwork.org/download/jafaraurimamahmadraza/?wpdmdl=29723&refresh=6a74c9cc11b2a1786038732		
"????? ???? ???? ???? ??? ??? ??"	N/A	2		https://www.alahazratnetwork.org/download/leprosyandimam/?wpdmdl=29711&refresh=6a74c9d06b5501786038736		
???? ???? ??? ??? ??? ????? ????	N/A	22		https://www.alahazratnetwork.org/download/imamahmadrazaandhistory/?wpdmdl=29718&refresh=6a74c9cfe023a1786038735		
?????? ???? ??? ??? ????? ????	N/A	8		https://www.alahazratnetwork.org/download/alahazratandchronogram/?wpdmdl=29715&refresh=6a74c9d07f1301786038736		
???? ???? ??? ?? ??? ?????	N/A	6		https://www.alahazratnetwork.org/download/imamkitibbibasirat/?wpdmdl=29706&refresh=6a74c9d2927511786038738		
???? ???? ??? ??? ?? ? ????	N/A	7		https://www.alahazratnetwork.org/download/imamaurtibbohikmat/?wpdmdl=29699&refresh=6a74c9d67070a1786038742		
???? ???? ??? ??? ????? ?????	N/A	5		https://www.alahazratnetwork.org/download/imamahmadrazatahqeeqzalzala/?wpdmdl=29697&refresh=6a74c9d7d90df1786038743		
???? ????? ?? ???? ???? ??? ?? ??? ? ???	N/A	3		https://www.alahazratnetwork.org/download/imamahmadrazaandmath/?wpdmdl=29691&refresh=6a74c9d8728541786038744		
???? ???? ???? ????? ????	N/A	4		https://www.alahazratnetwork.org/download/imamahmadrazamujaddideazam/?wpdmdl=29686&refresh=6a74c9d9865d91786038745		
"??? ?? ????? ????? ??? ?????? ?????? ???? ??? ?????? ?? ????? ???"	N/A	5		https://www.alahazratnetwork.org/download/ilmkatasawwur/?wpdmdl=29684&refresh=6a74c9dd808c11786038749		
????? ???? ????? ???? ??? ??? ????? ?????? ?? ???? ??? ? ????	N/A	6		https://www.alahazratnetwork.org/download/alahazratkailminazmomaqam/?wpdmdl=29678&refresh=6a74c9df2d2791786038751		
?????? ???? ??? ?????? ?? ??? ????	N/A	5		https://www.alahazratnetwork.org/download/molanaahmadrazanasrparay/?wpdmdl=29672&refresh=6a74c9e0ca5821786038752		
???? ???? ??? ??? ???? ?????? ?? ????? ?????	N/A	8		https://www.alahazratnetwork.org/download/imamahmadrazashortintro/?wpdmdl=29675&refresh=6a74c9df850eb1786038751		
????? ???? ???? ???? ??? ??? ???? ?????	N/A	6		https://www.alahazratnetwork.org/download/imamauradabealfaaz/?wpdmdl=29666&refresh=6a74c9e4ac23e1786038756		
????? ??? ?? ????? ?????	N/A	5		https://www.alahazratnetwork.org/download/aslooberazakajaiza/?wpdmdl=29664&refresh=6a74c9e5563041786038757		
???? ???? ??? ?? ?????? ?????(???? ?????? ?? ????? ??)	N/A	6		https://www.alahazratnetwork.org/download/imamkaasloobetanqeed/?wpdmdl=29659&refresh=6a74c9e7e12a41786038759		
??? ???? ??? ??? ???? ?????? (?? ??? ?????)	N/A	12		https://www.alahazratnetwork.org/download/imamkafannaurtanqeed/?wpdmdl=29654&refresh=6a74c9eb0457a1786038763		
???? ??? ??? ???? ???? ??? ??? ??? ??? ?? ?????? ?????	N/A	19		https://www.alahazratnetwork.org/download/imamkaasloobenigarish/?wpdmdl=29650&refresh=6a74c9ec141f81786038764		
???? ??? ?? ?????? ????????	N/A	20		https://www.alahazratnetwork.org/download/urduadabkifarogazasht/?wpdmdl=29610&refresh=6a74c9ec9a4071786038764		
???? ???? ? ??? ??? ???? ???? ??? ?? ?????	N/A	19		https://www.alahazratnetwork.org/download/imamkiarabicmainmaharat/?wpdmdl=29602&refresh=6a74c9efabffc1786038767		
???? ???? ??? ??? ???? ???? ? ???	N/A	9		https://www.alahazratnetwork.org/download/imamandarabicliterature/?wpdmdl=29598&refresh=6a74c9f153a861786038769		
???? ?????? ??? ???? ?????	N/A	16		https://www.alahazratnetwork.org/download/fazilebareilviarabishairi/?wpdmdl=29594&refresh=6a74c9f3a5c6d1786038771		
???? ???? ??? ?? ???? ?????	N/A	14		https://www.alahazratnetwork.org/download/imamkiarabicshairi/?wpdmdl=29590&refresh=6a74c9f44c8ca1786038772		
???? ???? ??? ??? ????? ????	N/A	7		https://www.alahazratnetwork.org/download/imamandarabiclanguage/?wpdmdl=29585&refresh=6a74c9f6ce0f21786038774		
???? ???? ??? ?? ???? ????? ?? ??? ?? ????? ??????? ????? ????????? ??? ???? ?? ??????	N/A	2		https://www.alahazratnetwork.org/download/commentsonimamsarabicpoetry/?wpdmdl=29582&refresh=6a74c9f87a10f1786038776		
???? ???? ??? ??? ???? ???	N/A	3		https://www.alahazratnetwork.org/download/imamandurduliterature/?wpdmdl=29578&refresh=6a74c9fb0e6b01786038779		
???? ???? ??? ???????? ??? ???? ???? ? ??? ?? ?????	N/A	27		https://www.alahazratnetwork.org/download/geniusofarabic/?wpdmdl=29573&refresh=6a74c9fc4650d1786038780		
???? ???? ??? ?? ????? ?????? ?? ??????? ??????? ?? ?????? ???	N/A	22		https://www.alahazratnetwork.org/download/imamkiinshapardaziaurmalfozat/?wpdmdl=29556&refresh=6a74c9fe42e3f1786038782		
???? ???? ??? ?? ????? ?????? ?? ??????? ?????? ????? ?? ?????? ???	N/A	27		https://www.alahazratnetwork.org/download/imamkiinshapardaziaurfatawa/?wpdmdl=29551&refresh=6a74c9ffc6aa01786038783		
???? ??? ????? ??? ???? ???? ???	N/A	7		https://www.alahazratnetwork.org/download/urdunasrnigariaurimamahmadraza/?wpdmdl=29542&refresh=6a74ca03e4c4d1786038787		
???? ???? ??? ?? ????? ?????? ?? ???????	N/A	20		https://www.alahazratnetwork.org/download/imamahmadrazainshapardazi/?wpdmdl=29546&refresh=6a74ca0206e8b1786038786		
???? ??? ??? ???? ???? ??? ?? ????? ??? ??? ?????	N/A	7		https://www.alahazratnetwork.org/download/arabicasloobaurfannimahasin/?wpdmdl=29535&refresh=6a74ca065a0c61786038790		
???? ?????? ???? ???? ?? ????? ??	N/A	16		https://www.alahazratnetwork.org/download/fazilebareilviarabicpoet/?wpdmdl=29526&refresh=6a74ca08d9fcc1786038792		
????? ???????? ???	N/A	5		https://www.alahazratnetwork.org/download/taqdeemletters/?wpdmdl=29030&refresh=6a74ca0af056c1786038794		
???? ????? ??????? ?? ?????? ???	N/A	13		https://www.alahazratnetwork.org/download/zauqe-ibadat-maktoobat-kay-aainay-main/?wpdmdl=29025&refresh=6a74ca0caeef01786038796		
???????? ???	N/A	132		https://www.alahazratnetwork.org/download/lettersofalahazrat/?wpdmdl=29035&refresh=6a74ca0aa693d1786038794		
????? ????? ??? ? ?? ?? ?????? ???	N/A	7		https://www.alahazratnetwork.org/download/%d9%85%da%a9%d8%aa%d9%88%d8%a8-%d9%86%da%af%d8%a7%d8%b1%db%8c-%d9%81%da%a9%d8%b1-%d9%88-%d9%81%d9%86-%da%a9%db%92-%d8%a7%d9%93%d8%a6%db%8c%d9%86%db%92-%d9%85%db%8c%da%ba/?wpdmdl=29019&refresh=6a74ca10820c81786038800		
????? ?? ??????? ?? ????? ???	N/A	9		https://www.alahazratnetwork.org/download/dawatehaq/?wpdmdl=29015&refresh=6a74ca11b2b631786038801		
???? ???? ??? ?? ?? ??? ????	N/A	2		https://www.alahazratnetwork.org/download/2importantletters/?wpdmdl=29004&refresh=6a74ca16b0d371786038806		
???? ???? ??? ?? ????? ?????	N/A	13		https://www.alahazratnetwork.org/download/imammaktoobnigari/?wpdmdl=29010&refresh=6a74ca1660bdf1786038806		
???? ???? ??? ??????? ?? ?????? ???	N/A	3		https://www.alahazratnetwork.org/download/maktoobatkayainaymain/?wpdmdl=28998&refresh=6a74ca19a67891786038809		
????? ???? ???? ???? ??? ?? ????? ?????	N/A	4		https://www.alahazratnetwork.org/download/alahazratmaktoobnigari/?wpdmdl=28991&refresh=6a74ca1af03941786038810		
?????? ??? ??? ????? ??????	N/A	32		https://www.alahazratnetwork.org/download/makateebmaininshapardazi/?wpdmdl=28979&refresh=6a74ca1d4e1501786038813		
???? ???? ??? ?? ????? ?????	N/A	7		https://www.alahazratnetwork.org/download/imamkimaktoobnigari/?wpdmdl=28970&refresh=6a74ca2164e231786038817		
???? ???? ??? ?? ??????? ?? ??? ???	N/A	10		https://www.alahazratnetwork.org/download/maktobatparnazar/?wpdmdl=28964&refresh=6a74ca22b4a391786038818		
???? ???? ??? ?? ?????? ?? ?????	N/A	9		https://www.alahazratnetwork.org/download/makateebkataruf/?wpdmdl=28973&refresh=6a74ca1f8ebe21786038815		
???? ???? ??? ??? ???? ? ?????	N/A	7		https://www.alahazratnetwork.org/download/dawatotableegh/?wpdmdl=27738&refresh=6a74ca2ace3ab1786038826		
????? ???? ????? ???? ???? ??? ??? ?????? ??? ? ???	N/A	9		https://www.alahazratnetwork.org/download/seaofknowledge/?wpdmdl=27732&refresh=6a74ca2c8fb081786038828		
???? ???? ??? ????? ?????? ??? ?? ???? ????? ???	N/A	2		https://www.alahazratnetwork.org/download/muslimscientistof20thcentury/?wpdmdl=27726&refresh=6a74ca321e8461786038834		
???? ???? ??? ??? ???? ???? ?????? ??? ???? ???? ????	N/A	5		https://www.alahazratnetwork.org/download/imamaurbayannooremustafa/?wpdmdl=27722&refresh=6a74ca36097c61786038838		
???? ???? ??? ?????? ??? ???????? ????? ???	N/A	7		https://www.alahazratnetwork.org/download/internationalscientist/?wpdmdl=27707&refresh=6a74ca3bd0d5a1786038843		
??????? ???	N/A	2		https://www.alahazratnetwork.org/download/awwaliyateraza/?wpdmdl=27702&refresh=6a74ca3f2f9df1786038847		
?????? ????? ????	N/A	12		https://www.alahazratnetwork.org/download/aqwalealahazrat/?wpdmdl=27695&refresh=6a74ca427db231786038850		
????? ???? ?? ?????? ??? ?? ?? ????? ?? ????	N/A	6		https://www.alahazratnetwork.org/download/angrezsaynafrat/?wpdmdl=27682&refresh=6a74c8c56cbec1786038469		
????? ???? ??? ?????? ???? ?????	N/A	7		https://www.alahazratnetwork.org/download/alahazratandscience-2/?wpdmdl=27677&refresh=6a74ca4a2bf881786038858		
????? ???? ??? ?????	N/A	7		https://www.alahazratnetwork.org/download/alahazrat_and_science/?wpdmdl=27671&refresh=6a74ca4d617531786038861		
????? ???? ???? ???? ??? ??? ??????	N/A	8		https://www.alahazratnetwork.org/download/alahazrat/?wpdmdl=27665&refresh=6a74ca520261e1786038866		
????? ???? ??? ???? ?????	N/A	7		https://www.alahazratnetwork.org/download/alahazratandmath/?wpdmdl=27500&refresh=6a74ca550ff891786038869		
????? ???? ??? ?????	N/A	7		https://www.alahazratnetwork.org/download/alahazratandscience/?wpdmdl=27490&refresh=6a74ca590e9ed1786038873		
????? ???? ??? ????? ?????? ??? ?????	N/A	8		https://www.alahazratnetwork.org/download/alahazratandphysicsandchemisty/?wpdmdl=27429&refresh=6a74ca5e6003c1786038878		
?????? ?????? ??? ???????? ?????	N/A	9		https://www.alahazratnetwork.org/download/aldaulatulmakiyyanmathematicalarguments/?wpdmdl=27423&refresh=6a74ca628d54c1786038882		
???? ???? ??? ????? ????? ?? ????? ?????? ?????? ?????? ??? ???? ????? ?? ????? ???	N/A	6		https://www.alahazratnetwork.org/download/abqarishakhsiyyat/?wpdmdl=27410&refresh=6a74ca6d13e491786038893		
"??? ???? ?????? ????????? ???? ???? ??? ???"	N/A	8		https://www.alahazratnetwork.org/download/greatmuslimscientist/?wpdmdl=27416&refresh=6a74ca69bfb191786038889		
