Title	Author_Name	Number_Of_Pages	Cover_Image_URL	PDF_Download_URL	Audio_Play_URL	Audio_Download_URL
??????? ????? ????? ???? ?2026	Al Madina-tul-Ilmiyah	66	https://data2.dawateislami.net/Data/Books/Read/ur/2026/3821/bt3821.jpg	https://data2.dawateislami.net/Data/Books/Download/ur/pdf/2026/3821-1.pdf?fn=mahnama-faizan-e-madina-aug-2026		
????? ?????? ????? ?? ?????? ??? ??????	Al Madina-tul-Ilmiyah	35	https://data2.dawateislami.net/Data/Books/Read/ur/2026/3824/bt3824.jpg	https://data2.dawateislami.net/Data/Books/Download/ur/pdf/2026/3824-1.pdf?fn=tehseel-mushawarat-nigran-ki-tanzeemi-zimadariyan		
??????? ???? ??????	Ameer-e-Ahl-e-Sunnat	16	https://data2.dawateislami.net/Data/Books/Read/ur/2026/3823/bt3823.jpg	https://data2.dawateislami.net/Data/Books/Download/ur/pdf/2026/3823-1.pdf?fn=farameen-e-ameer-e-ahlesunnat		
????? ???? ????? ????? ???? ?? ????? ?????	Mufti Muhammad Qasim Attari	28	https://data2.dawateislami.net/Data/Books/Read/ur/2026/3822/bt3822.jpg	https://data2.dawateislami.net/Data/Books/Download/ur/pdf/2026/3822-1.pdf?fn=aala-hazrat-ki-aala-baatain		
??????? ?????? (??? ??????) ???? -2026	Al Madina-tul-Ilmiyah	42	https://data2.dawateislami.net/Data/Books/Read/ur/2026/3820/bt3820.jpg	https://data2.dawateislami.net/Data/Books/Download/ur/pdf/2026/3820-1.pdf?fn=mahanama-khawateen-aug-2026		
????? ????? ????? ??? ???? ????	Majlis-e-Ifta	20	https://data2.dawateislami.net/Data/Books/Read/ur/2026/3818/bt3818.jpg	https://data2.dawateislami.net/Data/Books/Download/ur/pdf/2026/3818-1.pdf?fn=aqeeda-namoos-e-sahaba		
????? ??? ??? ?????? ?? ????	Al Madina-tul-Ilmiyah	113	https://data2.dawateislami.net/Data/Books/Read/ur/2026/3816/bt3816.jpg	https://data2.dawateislami.net/Data/Books/Download/ur/pdf/2026/3816-1.pdf?fn=kalam-e-raza-me-ahadees-ke-jalwe		
???? ????? ???? ?? ?????	Ameer-e-Ahl-e-Sunnat	15	https://data2.dawateislami.net/Data/Books/Read/ur/2026/3806/bt3806.jpg	https://data2.dawateislami.net/Data/Books/Download/ur/pdf/2026/3806-1.pdf?fn=acha-bolne-sunne-ke-faide		
???? ????? ?? ????? ????? - ??? 02	Al Madina-tul-Ilmiyah	19	https://data2.dawateislami.net/Data/Books/Read/ur/2026/3805/bt3805.jpg	https://data2.dawateislami.net/Data/Books/Download/ur/pdf/2026/3805-1.pdf?fn=imam-ghazali-ki-sunehri-batain-qist-02		
????? ???? ? ?? ??????	Others	58	https://data2.dawateislami.net/Data/Books/Read/ur/2026/3804/bt3804.jpg	https://data2.dawateislami.net/Data/Books/Download/ur/pdf/2026/3804-1.pdf?fn=rasoolullah-ke-jawabat		
 ?????? ?? ????? ???? ?????	Majlis-e-Ifta	238	https://data2.dawateislami.net/Data/Books/Read/ur/2026/3803/bt3803.jpg	https://data2.dawateislami.net/Data/Books/Download/ur/pdf/2026/3803-1.pdf?fn=auraton-ke-mutaliq-sharai-ahkam		
???? ????? ?? 12 ?????? - ??? 01	Al Madina-tul-Ilmiyah	19	https://data2.dawateislami.net/Data/Books/Read/ur/2026/3802/bt3802.jpg	https://data2.dawateislami.net/Data/Books/Download/ur/pdf/2026/3802-1.pdf?fn=allah-walon-Ke-12-waqiat-qist-01	https://data2.dawateislami.net/download/islam/ur/mp3/2026/180376.mp3	https://data2.dawateislami.net/download/islam/ur/mp3/2026/180376.mp3?fn=%D8%A7%D9%84%D9%84%DB%81%20%D9%88%D8%A7%D9%84%D9%88%DA%BA%20%DA%A9%DB%92%2012%20%D9%88%D8%A7%D9%82%D8%B9%D8%A7%D8%AA%20-%20%D9%82%D8%B3%D8%B7%2001.mp3
??????? ????? ????? ?????? ?2026	Al Madina-tul-Ilmiyah	66	https://data2.dawateislami.net/Data/Books/Read/ur/2026/3791/bt3791.jpg	https://data2.dawateislami.net/Data/Books/Download/ur/pdf/2026/3791-1.pdf?fn=mahnama-faizan-e-madina-july-2026		
??????? ?????? (??? ??????)?????? -2026	Al Madina-tul-Ilmiyah	42	https://data2.dawateislami.net/Data/Books/Read/ur/2026/3790/bt3790.jpg	https://data2.dawateislami.net/Data/Books/Download/ur/pdf/2026/3790-1.pdf?fn=mahanama-khawateen-july-2026		
????? ???????	Others	326	https://data2.dawateislami.net/Data/Books/Read/ur/2026/3789/bt3789.jpg	https://data2.dawateislami.net/Data/Books/Download/ur/pdf/2026/3789-1.pdf?fn=rafiq-us-safar		
???? ?? ???	Ameer-e-Ahl-e-Sunnat	16	https://data2.dawateislami.net/Data/Books/Read/ur/2026/3788/bt3788.jpg	https://data2.dawateislami.net/Data/Books/Download/ur/pdf/2026/3788-1.pdf?fn=Allah-ka-khauf	https://data2.dawateislami.net/download/islam/ur/mp3/2026/180024.mp3	https://data2.dawateislami.net/download/islam/ur/mp3/2026/180024.mp3?fn=%D8%A7%D9%84%D9%84%DB%81%20%DA%A9%D8%A7%20%D8%AE%D9%88%D9%81.mp3
???? ?? ????? ?? ?????	Ameer-e-Ahl-e-Sunnat	16	https://data2.dawateislami.net/Data/Books/Read/ur/2026/3787/bt3787.jpg	https://data2.dawateislami.net/Data/Books/Download/ur/pdf/2026/3787-1.pdf?fn=zaban-ki-hifazat-ki-ahmiyat	https://data2.dawateislami.net/download/islam/ur/mp3/2026/179793.mp3	https://data2.dawateislami.net/download/islam/ur/mp3/2026/179793.mp3?fn=%D8%B2%D8%A8%D8%A7%D9%86%20%DA%A9%DB%8C%20%D8%AD%D9%81%D8%A7%D8%B8%D8%AA%20%DA%A9%DB%8C%20%D8%A7%DB%81%D9%85%DB%8C%D8%AA.mp3
????? ?????? ?? 38 ???? ???? (??? 01)	Al Madina-tul-Ilmiyah	17	https://data2.dawateislami.net/Data/Books/Read/ur/2026/3786/bt3786.jpg	https://data2.dawateislami.net/Data/Books/Download/ur/pdf/2026/3786-1.pdf?fn=ihya-ul-uloom-se-38-madani-phool-qist-01	https://data2.dawateislami.net/download/islam/ur/mp3/2026/179640.mp3	https://data2.dawateislami.net/download/islam/ur/mp3/2026/179640.mp3?fn=%D8%A7%D8%AD%DB%8C%D8%A7%D8%A1%20%D8%A7%D9%84%D8%B9%D9%84%D9%88%D9%85%20%D8%B3%DB%92%2038%20%D9%85%D8%AF%D9%86%DB%8C%20%D9%BE%DA%BE%D9%88%D9%84%20%28%D9%82%D8%B3%D8%B7%2001%29.mp3
???? ? ?? ??? ??? ???	Others	7	https://data2.dawateislami.net/Data/Books/Read/ur/2026/3785/bt3785.jpg	https://data2.dawateislami.net/Data/Books/Download/ur/pdf/2026/3785-1.pdf?fn=umrah-o-hajj-aik-nazar-me		
?????? ????? ???? ??? ????? ????? ????	Al Madina-tul-Ilmiyah	26	https://data2.dawateislami.net/Data/Books/Read/ur/2026/3784/bt3784.jpg	https://data2.dawateislami.net/Data/Books/Download/ur/pdf/2026/3784-1.pdf?fn=faizan-e-mufti-azam-hind	https://data2.dawateislami.net/download/islam/ur/mp3/2026/179414.mp3	https://data2.dawateislami.net/download/islam/ur/mp3/2026/179414.mp3?fn=%D9%81%DB%8C%D8%B6%D8%A7%D9%86%D9%90%20%D9%85%D9%81%D8%AA%DB%8C%D9%90%20%D8%A7%D8%B9%D8%B8%D9%85%20%DB%81%D9%86%D8%AF%20%D8%B1%D8%AD%D9%85%DB%83%D9%8F%20%D8%A7%D9%84%D9%84%DB%81%D9%90%20%D8%B9%D9%84%DB%8C%DB%81.mp3
12 ???? ??? (????? ??????)	Al Madina-tul-Ilmiyah	116	https://data2.dawateislami.net/Data/Books/Read/ur/2026/3783/bt3783.jpg	https://data2.dawateislami.net/Data/Books/Download/ur/pdf/2026/3783-1.pdf?fn=12-deeni-kaam-mukhtasar-edition		
??????? ????? ????? ??? ?2026 	Al Madina-tul-Ilmiyah	66	https://data2.dawateislami.net/Data/Books/Read/ur/2026/3774/bt3774.jpg	https://data2.dawateislami.net/Data/Books/Download/ur/pdf/2026/3774-1.pdf?fn=mahnama-faizan-e-madina-june-2026		
???? ????? ? ???? ???	Ameer-e-Ahl-e-Sunnat	16	https://data2.dawateislami.net/Data/Books/Read/ur/2026/3781/bt3781.jpg	https://data2.dawateislami.net/Data/Books/Download/ur/pdf/2026/3781-1.pdf?fn=shan-e-sahaba-o-ahl-e-bait	https://data2.dawateislami.net/download/islam/ur/mp3/2026/179191.mp3	https://data2.dawateislami.net/download/islam/ur/mp3/2026/179191.mp3?fn=%D8%B4%D8%A7%D9%86%D9%90%20%D8%B5%D8%AD%D8%A7%D8%A8%DB%81%20%D9%88%20%D8%A7%DB%81%D9%84%D9%90%20%D8%A8%DB%8C%D8%AA.mp3
?????? ???? ???? ?????	Al Madina-tul-Ilmiyah	8	https://data2.dawateislami.net/Data/Books/Read/ur/2026/3780/bt3780.jpg	https://data2.dawateislami.net/Data/Books/Download/ur/pdf/2026/3780-1.pdf?fn=usool-e-hadees-aasaan-asbaq		
40 ?????? ?????? ???? ???? ?????? ???? ????? ?????	Al Madina-tul-Ilmiyah	8	https://data2.dawateislami.net/Data/Books/Read/ur/2026/3779/bt3779.jpg	https://data2.dawateislami.net/Data/Books/Download/ur/pdf/2026/3779-1.pdf?fn=40-farameen-mustafa		
????? ????? ?????	Al Madina-tul-Ilmiyah	9	https://data2.dawateislami.net/Data/Books/Read/ur/2026/3778/bt3778.jpg	https://data2.dawateislami.net/Data/Books/Download/ur/pdf/2026/3778-1.pdf?fn=rehbar-e-rumooz-e-auqaf		
????? ????	Al Madina-tul-Ilmiyah	16	https://data2.dawateislami.net/Data/Books/Read/ur/2026/3777/bt3777.jpg	https://data2.dawateislami.net/Data/Books/Download/ur/pdf/2026/3777-1.pdf?fn=aqaid-e-nasfe		
?????? ???? ???	Ameer-e-Ahl-e-Sunnat	15	https://data2.dawateislami.net/Data/Books/Read/ur/2026/3776/bt3776.jpg	https://data2.dawateislami.net/Data/Books/Download/ur/pdf/2026/3776-1.pdf?fn=fazail-e-ahl-e-bait	https://data2.dawateislami.net/download/islam/ur/mp3/2026/178975.mp3	https://data2.dawateislami.net/download/islam/ur/mp3/2026/178975.mp3?fn=%D9%81%D8%B6%D8%A7%D8%A6%D9%84%D9%90%20%D8%A7%DB%81%D9%84%D9%90%20%D8%A8%DB%8C%D8%AA.mp3
??? ????????	Ameer-e-Ahl-e-Sunnat	18	https://data2.dawateislami.net/Data/Books/Read/ur/2026/3775/bt3775.jpg	https://data2.dawateislami.net/Data/Books/Download/ur/pdf/2026/3775-1.pdf?fn=chaar-buraiyan	https://data2.dawateislami.net/download/islam/ur/mp3/2026/178783.mp3	https://data2.dawateislami.net/download/islam/ur/mp3/2026/178783.mp3?fn=%DA%86%D8%A7%D8%B1%20%D8%A8%D9%8F%D8%B1%D8%A7%D8%A6%DB%8C%D8%A7%DA%BA.mp3
??????? ?????? (??? ??????)??? -2026	Al Madina-tul-Ilmiyah	42	https://data2.dawateislami.net/Data/Books/Read/ur/2026/3773/bt3773.jpg	https://data2.dawateislami.net/Data/Books/Download/ur/pdf/2026/3773-1.pdf?fn=mahnama-khawateen-june-2026		
?? ????? ???? ? ??	Al Madina-tul-Ilmiyah	38	https://data2.dawateislami.net/Data/Books/Read/ur/2026/3772/bt3772.jpg	https://data2.dawateislami.net/Data/Books/Download/ur/pdf/2026/3772-1.pdf?fn=ba-tasweer-umrah-o-hajj		
???? ???? ?? ??????	Ameer-e-Ahl-e-Sunnat	16	https://data2.dawateislami.net/Data/Books/Read/ur/2026/3771/bt3771.jpg	https://data2.dawateislami.net/Data/Books/Download/ur/pdf/2026/3771-1.pdf?fn=zikrullah-ke-waqiat	https://data2.dawateislami.net/download/islam/ur/mp3/2026/178628.mp3	https://data2.dawateislami.net/download/islam/ur/mp3/2026/178628.mp3?fn=%D8%B0%DA%A9%D8%B1%D9%8F%20%D8%A7%D9%84%D9%84%DB%81%20%DA%A9%DB%92%20%D9%88%D8%A7%D9%82%D8%B9%D8%A7%D8%AA.mp3
??? ????? ?? ??? ????? ??	Others	36	https://data2.dawateislami.net/Data/Books/Read/ur/2026/3770/bt3770.jpg	https://data2.dawateislami.net/Data/Books/Download/ur/pdf/2026/3770-1.pdf?fn=kia-bataon-ke-kia-madina-hai		
????? ???? ?? 5 ?????????? ?????	Rukn e Shura Abu Majid Muhammad Shahid Attari	83	https://data2.dawateislami.net/Data/Books/Read/ur/2026/3769/bt3769.jpg	https://data2.dawateislami.net/Data/Books/Download/ur/pdf/2026/3769-1.pdf?fn=aala-hazrat-ke-5-sahibzadgan-nisbate		
????? ???????? ?? 38 ???? ???? - ??? 01	Al Madina-tul-Ilmiyah	16	https://data2.dawateislami.net/Data/Books/Read/ur/2026/3768/bt3768.jpg	https://data2.dawateislami.net/Data/Books/Download/ur/pdf/2026/3768-1.pdf?fn=Minhaj-ul-aabideen-se-38-madani-phool-qist-01	https://data2.dawateislami.net/download/islam/ur/mp3/2026/178427.mp3	https://data2.dawateislami.net/download/islam/ur/mp3/2026/178427.mp3?fn=%D9%85%D9%86%DB%81%D8%A7%D8%AC%20%D8%A7%D9%84%D8%B9%D8%A7%D8%A8%D8%AF%DB%8C%D9%86%20%D8%B3%DB%92%2038%20%D9%85%D8%AF%D9%86%DB%8C%20%D9%BE%DA%BE%D9%88%D9%84%20-%20%D9%82%D8%B3%D8%B7%2001.mp3
???? ????? ?? ???? ?? ?????	Ameer-e-Ahl-e-Sunnat	18	https://data2.dawateislami.net/Data/Books/Read/ur/2026/3767/bt3767.jpg	https://data2.dawateislami.net/Data/Books/Download/ur/pdf/2026/3767-1.pdf?fn=fuzool-baaton-se-bachne-ki-fazilat	https://data2.dawateislami.net/download/islam/ur/mp3/2026/178100.mp3	https://data2.dawateislami.net/download/islam/ur/mp3/2026/178100.mp3?fn=%D9%81%D8%B6%D9%88%D9%84%20%D8%A8%D8%A7%D8%AA%D9%88%DA%BA%20%D8%B3%DB%92%20%D8%A8%DA%86%D9%86%DB%92%20%DA%A9%DB%8C%20%D9%81%D8%B6%DB%8C%D9%84%D8%AA.mp3
??????? ????? ????? ??? ?2026 	Al Madina-tul-Ilmiyah	66	https://data2.dawateislami.net/Data/Books/Read/ur/2026/3761/bt3761.jpg	https://data2.dawateislami.net/Data/Books/Download/ur/pdf/2026/3761-1.pdf?fn=mahnama-faizan-e-madina-may-2026		
??????? ?????? (??? ??????) ??? -2026	Al Madina-tul-Ilmiyah	42	https://data2.dawateislami.net/Data/Books/Read/ur/2026/3765/bt3765.jpg	https://data2.dawateislami.net/Data/Books/Download/ur/pdf/2026/3765-1.pdf?fn=mahnama-khawateen-may-2026		
??? ?????? ?? ?????	Al Madina-tul-Ilmiyah	36	https://data2.dawateislami.net/Data/Books/Read/ur/2026/3764/bt3764.jpg	https://data2.dawateislami.net/Data/Books/Download/ur/pdf/2026/3764-1.pdf?fn=fish-farming-ke-ahkam		
????? ??? ??????? ?????	Al Madina-tul-Ilmiyah	32	https://data2.dawateislami.net/Data/Books/Read/ur/2026/3763/bt3763.jpg	https://data2.dawateislami.net/Data/Books/Download/ur/pdf/2026/3763-1.pdf?fn=islam-aur-veterinary-science		
????? ????? ?? ????? ? ?????	Al Madina-tul-Ilmiyah	36	https://data2.dawateislami.net/Data/Books/Read/ur/2026/3762/bt3762.jpg	https://data2.dawateislami.net/Data/Books/Download/ur/pdf/2026/3762-1.pdf?fn=maweshi-palne-ke-fazail-o-ahkam		
??????? ??????	Al Madina-tul-Ilmiyah	3928	https://data2.dawateislami.net/Data/Books/Read/ur/2026/3760/bt3760.jpg	https://data2.dawateislami.net/Data/Books/Download/ur/pdf/2026/3760-1.pdf?fn=majmua-e-tasaneef		
?????? ?????? ?? ?????	Al Madina-tul-Ilmiyah	32	https://data2.dawateislami.net/Data/Books/Read/ur/2026/3759/bt3759.jpg	https://data2.dawateislami.net/Data/Books/Download/ur/pdf/2026/3759-1.pdf?fn=poultry-farming-ke-ahkam		
????????? ?????? ?? ????? ? ?????	Al Madina-tul-Ilmiyah	32	https://data2.dawateislami.net/Data/Books/Read/ur/2026/3758/bt3758.jpg	https://data2.dawateislami.net/Data/Books/Download/ur/pdf/2026/3758-1.pdf?fn=agriculture-farming-ke-fazail-o-masail		
??????? ?? ???? ?????	Al Madina-tul-Ilmiyah	64	https://data2.dawateislami.net/Data/Books/Read/ur/2026/3757/bt3757.jpg	https://data2.dawateislami.net/Data/Books/Download/ur/pdf/2026/3757-1.pdf?fn=taweezat-ke-sharai-ahkam		
??? ??? ???	Ameer-e-Ahl-e-Sunnat	17	https://data2.dawateislami.net/Data/Books/Read/ur/2026/3756/bt3756.jpg	https://data2.dawateislami.net/Data/Books/Download/ur/pdf/2026/3756-1.pdf?fn=aqalmand-baap	https://data2.dawateislami.net/download/islam/ur/mp3/2026/177955.mp3	https://data2.dawateislami.net/download/islam/ur/mp3/2026/177955.mp3?fn=%D8%B9%D9%82%D9%84%20%D9%85%D9%86%D8%AF%20%D8%A8%D8%A7%D9%BE.mp3
??? ????? ????	Al Madina-tul-Ilmiyah	9	https://data2.dawateislami.net/Data/Books/Read/ur/2026/3754/bt3754.jpg	https://data2.dawateislami.net/Data/Books/Download/ur/pdf/2026/3754-1.pdf?fn=fan-e-tarikh-goe		
?????? ?? ?????	Ameer-e-Ahl-e-Sunnat	21	https://data2.dawateislami.net/Data/Books/Read/ur/2026/3753/bt3753.jpg	https://data2.dawateislami.net/Data/Books/Download/ur/pdf/2026/3753-1.pdf?fn=diljoi-ke-fazail	https://data2.dawateislami.net/download/islam/ur/mp3/2026/177553.mp3	https://data2.dawateislami.net/download/islam/ur/mp3/2026/177553.mp3?fn=%D8%AF%D9%84%D8%AC%D9%88%D8%A6%DB%8C%20%DA%A9%DB%92%20%D9%81%D8%B6%D8%A7%D8%A6%D9%84.mp3
???? ??????	Ameer-e-Ahl-e-Sunnat	18	https://data2.dawateislami.net/Data/Books/Read/ur/2026/3752/bt3752.jpg	https://data2.dawateislami.net/Data/Books/Download/ur/pdf/2026/3752-1.pdf?fn=ajeeb-azmaish	https://data2.dawateislami.net/download/islam/ur/mp3/2026/177344.mp3	https://data2.dawateislami.net/download/islam/ur/mp3/2026/177344.mp3?fn=%D8%B9%D8%AC%DB%8C%D8%A8%20%D8%A2%D8%B2%D9%85%D8%A7%D8%A6%D8%B4.mp3
?????? ?????	Others	13	https://data2.dawateislami.net/Data/Books/Read/ur/2026/3751/bt3751.jpg	https://data2.dawateislami.net/Data/Books/Download/ur/pdf/2026/3751-1.pdf?fn=urdu-imla		
????? ?? ??????	Ameer-e-Ahl-e-Sunnat	17	https://data2.dawateislami.net/Data/Books/Read/ur/2026/3740/bt3740.jpg	https://data2.dawateislami.net/Data/Books/Download/ur/pdf/2026/3740-1.pdf?fn=wasilay-ki-barkatain	https://data2.dawateislami.net/download/islam/ur/mp3/2026/176793.mp3	https://data2.dawateislami.net/download/islam/ur/mp3/2026/176793.mp3?fn=%D9%88%D8%B3%DB%8C%D9%84%DB%92%20%DA%A9%DB%8C%20%D8%A8%D8%B1%DA%A9%D8%AA%DB%8C%DA%BA.mp3
???? ??? ?????? ?? ????? ???? ?????	Al Madina-tul-Ilmiyah	76	https://data2.dawateislami.net/Data/Books/Read/ur/2026/3739/bt3739.jpg	https://data2.dawateislami.net/Data/Books/Download/ur/pdf/2026/3739-1.pdf?fn=haftawar-ijtima-ki-tayari-kaese-karen		
????? ??? ??????? ?? ???? ????? ??? ???? ???? ????	Rukn e Shura Abu Majid Muhammad Shahid Attari	74	https://data2.dawateislami.net/Data/Books/Read/ur/2026/3733/bt3733.jpg	https://data2.dawateislami.net/Data/Books/Download/ur/pdf/2026/3733-1.pdf?fn=tazkirah-sheikh-abdullah-bin-sadaqah-dahlan-makki		
??????? ????? ????? ????? ?2026 	Al Madina-tul-Ilmiyah	66	https://data2.dawateislami.net/Data/Books/Read/ur/2026/3714/bt3714.jpg	https://data2.dawateislami.net/Data/Books/Download/ur/pdf/2026/3714-1.pdf?fn=mahnama-faizan-e-madina-april-2026		
????? ???? ?????? ????	Rukn e Shura Abu Majid Muhammad Shahid Attari	71	https://data2.dawateislami.net/Data/Books/Read/ur/2026/3732/bt3732.jpg	https://data2.dawateislami.net/Data/Books/Download/ur/pdf/2026/3732-1.pdf?fn=tazkira-hazrat-nomani-miyan		
????? ???? ?? ????? ??? ? ????	Others	33	https://data2.dawateislami.net/Data/Books/Read/ur/2026/3721/bt3721.jpg	https://data2.dawateislami.net/Data/Books/Download/ur/pdf/2026/3721-1.pdf?fn=quran-kareem-ki-dawat-e-fikro-tadbeer		
????? ???? ?? ???? ????	Others	26	https://data2.dawateislami.net/Data/Books/Read/ur/2026/3720/bt3720.jpg	https://data2.dawateislami.net/Data/Books/Download/ur/pdf/2026/3720-1.pdf?fn=quran-kareem-ki-azeem-safat		
??????? ?????? (??? ??????) ?????-2026	Al Madina-tul-Ilmiyah	42	https://data2.dawateislami.net/Data/Books/Read/ur/2026/3719/bt3719.jpg	https://data2.dawateislami.net/Data/Books/Download/ur/pdf/2026/3719-1.pdf?fn=mahnama-khawateen-april-2026		
???????? ????	Ameer-e-Ahl-e-Sunnat	34	https://data2.dawateislami.net/Data/Books/Read/ur/2026/3713/bt3713.jpg	https://data2.dawateislami.net/Data/Books/Download/ur/pdf/2026/3713-1.pdf?fn=tahreerat-e-attar	https://data2.dawateislami.net/download/islam/ur/mp3/2026/176613.mp3	https://data2.dawateislami.net/download/islam/ur/mp3/2026/176613.mp3?fn=%D8%AA%D8%AD%D8%B1%DB%8C%D8%B1%D8%A7%D8%AA%D9%90%20%D8%B9%D8%B7%D8%A7%D8%B1.mp3
????? ????? ?????	Ameer-e-Ahl-e-Sunnat	16	https://data2.dawateislami.net/Data/Books/Read/ur/2026/3712/bt3712.jpg	https://data2.dawateislami.net/Data/Books/Download/ur/pdf/2026/3712-1.pdf?fn=muhtat-guftagu-kijiye	https://data2.dawateislami.net/download/islam/ur/mp3/2026/176410.mp3	https://data2.dawateislami.net/download/islam/ur/mp3/2026/176410.mp3?fn=%D9%85%D8%AD%D8%AA%D8%A7%D8%B7%20%DA%AF%D9%81%D8%AA%DA%AF%D9%88%20%DA%A9%DB%8C%D8%AC%DB%8C%DB%92.mp3
??? ????? ?? ??????? ???? ?? ?????	Ameer-e-Ahl-e-Sunnat	16	https://data2.dawateislami.net/Data/Books/Read/ur/2026/3710/bt3710.jpg	https://data2.dawateislami.net/Data/Books/Download/ur/pdf/2026/3710-1.pdf?fn=naik-amaal-par-istiqamat-pane-ke-tariqay	https://data2.dawateislami.net/download/islam/ur/mp3/2026/176145.mp3	https://data2.dawateislami.net/download/islam/ur/mp3/2026/176145.mp3?fn=%D9%86%DB%8C%DA%A9%20%D8%A7%D8%B9%D9%85%D8%A7%D9%84%20%D9%BE%D8%B1%20%D8%A7%D8%B3%D8%AA%D9%82%D8%A7%D9%85%D8%AA%20%D9%BE%D8%A7%D9%86%DB%92%20%DA%A9%DB%92%20%D8%B7%D8%B1%DB%8C%D9%82%DB%92.mp3
????? ??? ?????? ????? ???? ??? ??????	Rukn e Shura Abu Majid Muhammad Shahid Attari	33	https://data2.dawateislami.net/Data/Books/Read/ur/2026/3711/bt3711.jpg	https://data2.dawateislami.net/Data/Books/Download/ur/pdf/2026/3711-1.pdf?fn=tazkira-shaikh-ul-quran-allama-muhammad-ali-barkate		
????? ??? ??	Al Madina-tul-Ilmiyah	24	https://data2.dawateislami.net/Data/Books/Read/ur/2026/3703/bt3703.jpg	https://data2.dawateislami.net/Data/Books/Download/ur/pdf/2026/3703-1.pdf?fn=quran-aur-dil		
????? ?? ?? ??? ? ?? ????? ??? ?????? ????	Rukn e Shura Abu Majid Muhammad Shahid Attari	81	https://data2.dawateislami.net/Data/Books/Read/ur/2026/3702/bt3702.jpg	https://data2.dawateislami.net/Data/Books/Download/ur/pdf/2026/3702-1.pdf?fn=lahore-ke-hum-naamo-hum-zamana-3-ulama-karam		
???? ? ??????? ?? ????? ????	Al Madina-tul-Ilmiyah	15	https://data2.dawateislami.net/Data/Books/Read/ur/2026/3701/bt3701.jpg	https://data2.dawateislami.net/Data/Books/Download/ur/pdf/2026/3701-1.pdf?fn=falah-o-kamyabi-ke-qurani-usool		
???? ???? ?? ?????? ???? (1447?/ 2026?)	Al Madina-tul-Ilmiyah	72	https://data2.dawateislami.net/Data/Books/Read/ur/2026/3695/bt3695.jpg	https://data2.dawateislami.net/Data/Books/Download/ur/pdf/2026/3695-1.pdf?fn=aakhri-ashre-ka-itikaf-jadwal-2026		
???? ?? ????? ??? ???????	Al Madina-tul-Ilmiyah	96	https://data2.dawateislami.net/Data/Books/Read/ur/2026/3694/bt3694.jpg	https://data2.dawateislami.net/Data/Books/Download/ur/pdf/2026/3694-1.pdf?fn=huqooq-ke-mutaliq-aham-maloomat		
??????? ????? ????? ???? ?2026 	Al Madina-tul-Ilmiyah	66	https://data2.dawateislami.net/Data/Books/Read/ur/2026/3693/bt3693.jpg	https://data2.dawateislami.net/Data/Books/Download/ur/pdf/2026/3693-1.pdf?fn=mahnama-faizan-e-madina-march-2026		
??????? ?????? (??? ??????) ????-2026	Al Madina-tul-Ilmiyah	42	https://data2.dawateislami.net/Data/Books/Read/ur/2026/3692/bt3692.jpg	https://data2.dawateislami.net/Data/Books/Download/ur/pdf/2026/3692-1.pdf?fn=mahnama-khawateen-march-2026		
?????? ???? ???? - ?????	Al Madina-tul-Ilmiyah	118	https://data2.dawateislami.net/Data/Books/Read/ur/2026/3691/bt3691.jpg	https://data2.dawateislami.net/Data/Books/Download/ur/pdf/2026/3691-1.pdf?fn=faizan-e-bismillah-shafai		
???? ??? ???? ?? ????	Ameer-e-Ahl-e-Sunnat	19	https://data2.dawateislami.net/Data/Books/Read/ur/2026/3690/bt3690.jpg	https://data2.dawateislami.net/Data/Books/Download/ur/pdf/2026/3690-1.pdf?fn=lambi-umer-pane-ka-nuskha	https://data2.dawateislami.net/download/islam/ur/mp3/2026/175752.mp3	https://data2.dawateislami.net/download/islam/ur/mp3/2026/175752.mp3?fn=%D9%84%D9%85%D8%A8%DB%8C%20%D8%B9%D9%85%D8%B1%20%D9%BE%D8%A7%D9%86%DB%92%20%DA%A9%D8%A7%20%D9%86%D8%B3%D8%AE%DB%81.mp3
???? ??? ?????	Al Madina-tul-Ilmiyah	19	https://data2.dawateislami.net/Data/Books/Read/ur/2026/3689/bt3689.jpg	https://data2.dawateislami.net/Data/Books/Download/ur/pdf/2026/3689-1.pdf?fn=sukoon-bakhsh-aayaten	https://data2.dawateislami.net/download/islam/ur/mp3/2026/174996.mp3	https://data2.dawateislami.net/download/islam/ur/mp3/2026/174996.mp3?fn=%D8%B3%DA%A9%D9%88%D9%86%20%D8%A8%D8%AE%D8%B4%20%D8%A2%DB%8C%D8%AA%DB%8C%DA%BA.mp3
??????? ????? ???? ???? ????	Ameer-e-Ahl-e-Sunnat	13	https://data2.dawateislami.net/Data/Books/Read/ur/2026/3688/bt3688.jpg	https://data2.dawateislami.net/Data/Books/Download/ur/pdf/2026/3688-1.pdf?fn=ibadaat-e-ramazan-kaese-qabool-hon	https://data2.dawateislami.net/download/islam/ur/mp3/2026/175576.mp3	https://data2.dawateislami.net/download/islam/ur/mp3/2026/175576.mp3?fn=%D8%B9%D8%A8%D8%A7%D8%AF%D8%A7%D8%AA%D9%90%20%D8%B1%D9%85%D8%B6%D8%A7%D9%86%20%DA%A9%DB%8C%D8%B3%DB%92%20%D9%82%D8%A8%D9%88%D9%84%20%DB%81%D9%88%DA%BA%D8%9F.mp3
???? ?????? ?? ????	Al Madina-tul-Ilmiyah	36	https://data2.dawateislami.net/Data/Books/Read/ur/2026/3687/bt3687.jpg	https://data2.dawateislami.net/Data/Books/Download/ur/pdf/2026/3687-1.pdf?fn=ameer-e-ahl-e-sunnat-ka-bachpan	https://data2.dawateislami.net/download/islam/ur/mp3/2026/175285.mp3	https://data2.dawateislami.net/download/islam/ur/mp3/2026/175285.mp3?fn=%D8%A7%D9%85%DB%8C%D8%B1%20%D8%A7%DB%81%D9%84%D8%B3%D9%86%D8%AA%20%DA%A9%D8%A7%20%D8%A8%DA%86%D9%BE%D9%86.mp3
????? ????? ???? ??? ????? ?????? ????? ???? ????	Al Madina-tul-Ilmiyah	29	https://data2.dawateislami.net/Data/Books/Read/ur/2026/3686/bt3686.jpg	https://data2.dawateislami.net/Data/Books/Download/ur/pdf/2026/3686-1.pdf?fn=tazkira-allama-muhammad-noor-qadri-chakwali		
?? ?????? ?? ??? ??? ????	Al Madina-tul-Ilmiyah	150	https://data2.dawateislami.net/Data/Books/Read/ur/2026/3685/bt3685.jpg	https://data2.dawateislami.net/Data/Books/Download/ur/pdf/2026/3685-1.pdf?fn=nau-musalmon-ke-liye-aik-tohfa		
?????? ?? ???	Al Madina-tul-Ilmiyah	23	https://data2.dawateislami.net/Data/Books/Read/ur/2026/3684/bt3684.jpg	https://data2.dawateislami.net/Data/Books/Download/ur/pdf/2026/3684-1.pdf?fn=baadshah-ki-maa		
??? ??? ?? ?????? ???? (1447?/ 2026?)	Al Madina-tul-Ilmiyah	131	https://data2.dawateislami.net/Data/Books/Read/ur/2026/3683/bt3683.jpg	https://data2.dawateislami.net/Data/Books/Download/ur/pdf/2026/3683-1.pdf?fn=aik-mah-ka-itikaf-jadwal		
????? ?????? ?? ????? ????? ?????? ???? ? ???? ?? 500 ????? ?? ??????	Mufti Muhammad Qasim Attari	57	https://data2.dawateislami.net/Data/Books/Read/ur/2026/3682/bt3682.jpg	https://data2.dawateislami.net/Data/Books/Download/ur/pdf/2026/3682-1.pdf?fn=durood-o-salam-ke-500-kalimat-ka-majmua		
????? ??? ??? ?? ???? ????? ??? ????? ???? ????	Rukn e Shura Abu Majid Muhammad Shahid Attari	25	https://data2.dawateislami.net/Data/Books/Read/ur/2026/3681/bt3681.jpg	https://data2.dawateislami.net/Data/Books/Download/ur/pdf/2026/3681-1.pdf?fn=tazkira-shaikh-hassan-bin-sadqa-dahlan-makki		
????? ??? ???? ???? ????? ??? ????? ???? ????	Rukn e Shura Abu Majid Muhammad Shahid Attari	26	https://data2.dawateislami.net/Data/Books/Read/ur/2026/3680/bt3680.jpg	https://data2.dawateislami.net/Data/Books/Download/ur/pdf/2026/3680-1.pdf?fn=tazkira-sheikh-naimat-ullah-mahajir-makki		
????? ?? ???? ?????	Majlis-e-Ifta	121	https://data2.dawateislami.net/Data/Books/Read/ur/2026/3679/bt3679.jpg	https://data2.dawateislami.net/Data/Books/Download/ur/pdf/2026/3679-1.pdf?fn=committee-ke-shari-ahkam		
?????? ?????? ????? ?? ?????? ?????	Al Madina-tul-Ilmiyah	24	https://data2.dawateislami.net/Data/Books/Read/ur/2026/3678/bt3678.jpg	https://data2.dawateislami.net/Data/Books/Download/ur/pdf/2026/3678-1.pdf?fn=ramazan-ul-kareem-manane-ke-pur-kaif-andaz	https://data2.dawateislami.net/download/islam/ur/mp3/2026/174639.mp3	https://data2.dawateislami.net/download/islam/ur/mp3/2026/174639.mp3?fn=%D8%B1%D9%85%D8%B6%D8%A7%D9%86%D9%8F%20%D8%A7%D9%84%DA%A9%D8%B1%DB%8C%D9%85%20%D9%85%D9%86%D8%A7%D9%86%DB%92%20%DA%A9%DB%92%20%D9%BE%D9%8F%D8%B1%DA%A9%DB%8C%D9%81%20%D8%A7%D9%86%D8%AF%D8%A7%D8%B2.mp3
?????? ?????? ?? ?????	Al Madina-tul-Ilmiyah	17	https://data2.dawateislami.net/Data/Books/Read/ur/2026/3677/bt3677.jpg	https://data2.dawateislami.net/Data/Books/Download/ur/pdf/2026/3677-1.pdf?fn=ramazan-ul-kareem-ki-sajawat	https://data2.dawateislami.net/download/islam/ur/mp3/2026/174260.mp3	https://data2.dawateislami.net/download/islam/ur/mp3/2026/174260.mp3?fn=%D8%B1%D9%85%D8%B6%D8%A7%D9%86%D9%8F%20%D8%A7%D9%84%DA%A9%D8%B1%DB%8C%D9%85%20%DA%A9%DB%8C%20%D8%B3%D8%AC%D8%A7%D9%88%D9%B9.mp3
???? ????? ?? ??????	Al Madina-tul-Ilmiyah	28	https://data2.dawateislami.net/Data/Books/Read/ur/2026/3676/bt3676.jpg	https://data2.dawateislami.net/Data/Books/Download/ur/pdf/2026/3676-1.pdf?fn=allah-walon-ka-itikaf		
??????? ????? ????? ??????2026	Al Madina-tul-Ilmiyah	66	https://data2.dawateislami.net/Data/Books/Read/ur/2026/3673/bt3673.jpg	https://data2.dawateislami.net/Data/Books/Download/ur/pdf/2026/3673-1.pdf?fn=mahnama-faizan-e-madina-feb-2026		
??????? ?????? (??? ??????) ?????-2026	Al Madina-tul-Ilmiyah	42	https://data2.dawateislami.net/Data/Books/Read/ur/2026/3675/bt3675.jpg	https://data2.dawateislami.net/Data/Books/Download/ur/pdf/2026/3675-1.pdf?fn=mahnama-khawateen-feb-2026		
???? ??? ???? ?????? ???? ???? ?? ??? ??????? ?? ?????	Al Madina-tul-Ilmiyah	52	https://data2.dawateislami.net/Data/Books/Read/ur/2026/3674/bt3674.jpg	https://data2.dawateislami.net/Data/Books/Download/ur/pdf/2026/3674-1.pdf?fn=huzoor-ka-ilm-phelane-ka-andaz		
?? ????? ?? ????? ???? ????	Mufti Muhammad Qasim Attari	24	https://data2.dawateislami.net/Data/Books/Read/ur/2026/3672/bt3672.jpg	https://data2.dawateislami.net/Data/Books/Download/ur/pdf/2026/3672-1.pdf?fn=shab-e-barat-se-mutaliq-sawal-jawab		
 ???? ???? ???	Khalifa e Ameer e Ahle Sunnat Maulana Abu Usaid Haji Ubaid Raza Attari Madani	86	https://data2.dawateislami.net/Data/Books/Read/ur/2026/3671/bt3671.jpg	https://data2.dawateislami.net/Data/Books/Download/ur/pdf/2026/3671-1.pdf?fn=shan-e-ahl-e-bait		
???? ??? ??? ????? ??? ????	Ameer-e-Ahl-e-Sunnat	14	https://data2.dawateislami.net/Data/Books/Read/ur/2026/3670/bt3670.jpg	https://data2.dawateislami.net/Data/Books/Download/ur/pdf/2026/3670-1.pdf?fn=rah-e-khuda-me-pyari-cheez-dena	https://data2.dawateislami.net/download/islam/ur/mp3/2026/173735.mp3	https://data2.dawateislami.net/download/islam/ur/mp3/2026/173735.mp3?fn=%D8%B1%D8%A7%DB%81%D9%90%20%D8%AE%D8%AF%D8%A7%20%D9%85%DB%8C%DA%BA%20%D9%BE%DB%8C%D8%A7%D8%B1%DB%8C%20%DA%86%DB%8C%D8%B2%20%D8%AF%DB%8C%D9%86%D8%A7.mp3
?????? ??? ? ???	Others	204	https://data2.dawateislami.net/Data/Books/Read/ur/2026/3668/bt3668.jpg	https://data2.dawateislami.net/Data/Books/Download/ur/pdf/2026/3668-1.pdf?fn=Faizan-e-ilm-o-amal		
???? ????? ???? ??? ?????	Al Madina-tul-Ilmiyah	20	https://data2.dawateislami.net/Data/Books/Read/ur/2026/3667/bt3667.jpg	https://data2.dawateislami.net/Data/Books/Download/ur/pdf/2026/3667-1.pdf?fn=mah-e-ramzan-mah-e-naik-aamal	https://data2.dawateislami.net/download/islam/ur/mp3/2026/174019.mp3	https://data2.dawateislami.net/download/islam/ur/mp3/2026/174019.mp3?fn=%D9%85%D8%A7%DB%81%D9%90%20%D8%B1%D9%85%D8%B6%D8%A7%D9%86%20%D9%85%D8%A7%DB%81%D9%90%20%D9%86%DB%8C%DA%A9%20%D8%A7%D8%B9%D9%85%D8%A7%D9%84.mp3
?? ????? ?? ?????	Al Madina-tul-Ilmiyah	52	https://data2.dawateislami.net/Data/Books/Read/ur/2026/3664/bt3664.jpg	https://data2.dawateislami.net/Data/Books/Download/ur/pdf/2026/3664-1.pdf?fn=hum-ahangi-ke-faiday		
???? ?????? ???? ??? ????? ?????	Rukn e Shura Abu Majid Muhammad Shahid Attari	7	https://data2.dawateislami.net/Data/Books/Read/ur/2026/3660/bt3660.jpg	https://data2.dawateislami.net/Data/Books/Download/ur/pdf/2026/3660-1.pdf?fn=hazrat-maulana-ubaid-raza-qadri-marhoom		
???? ???? ????? ???? ??	Al Madina-tul-Ilmiyah	19	https://data2.dawateislami.net/Data/Books/Read/ur/2026/3659/bt3659.jpg	https://data2.dawateislami.net/Data/Books/Download/ur/pdf/2026/3659-1.pdf?fn=rishtedari-katna-haram-hai	https://data2.dawateislami.net/download/islam/ur/mp3/2026/173529.mp3	https://data2.dawateislami.net/download/islam/ur/mp3/2026/173529.mp3?fn=%D8%B1%D8%B4%D8%AA%DB%92%20%D8%AF%D8%A7%D8%B1%DB%8C%20%DA%A9%D8%A7%D9%B9%D9%86%D8%A7%20%D8%AD%D8%B1%D8%A7%D9%85%20%DB%81%DB%92.mp3
???? ?????? ?? 59 ???? ???? (??? ?)	Al Madina-tul-Ilmiyah	16	https://data2.dawateislami.net/Data/Books/Read/ur/2026/3657/bt3657.jpg	https://data2.dawateislami.net/Data/Books/Download/ur/pdf/2026/3657-1.pdf?fn=qut-al-qulub-se-59-madani-phool-qist-02	https://data2.dawateislami.net/download/islam/ur/mp3/2026/172897.mp3	https://data2.dawateislami.net/download/islam/ur/mp3/2026/172897.mp3?fn=%D9%82%D9%88%D8%AA%D9%8F%20%D8%A7%D9%84%D9%82%D9%84%D9%88%D8%A8%20%D8%B3%DB%92%2059%20%D9%85%D8%AF%D9%86%DB%8C%20%D9%BE%DA%BE%D9%88%D9%84%20%28%D9%82%D8%B3%D8%B7%20%DB%B2%29.mp3
?? ??? ??? ???? ????? ???? ???? ?? ???? ?? ???? ????	Ameer-e-Ahl-e-Sunnat	25	https://data2.dawateislami.net/Data/Books/Read/ur/2026/3658/bt3658.jpg	https://data2.dawateislami.net/Data/Books/Download/ur/pdf/2026/3658-1.pdf?fn=jo-aaqa-ki-pasand-wo-apni-pasand	https://data2.dawateislami.net/download/islam/ur/mp3/2026/173189.mp3	https://data2.dawateislami.net/download/islam/ur/mp3/2026/173189.mp3?fn=%D8%AC%D9%88%20%D8%A2%D9%82%D8%A7%20%D8%B5%D9%84%DB%8C%20%D8%A7%D9%84%D9%84%DB%81%20%D8%AA%D8%B9%D8%A7%D9%84%DB%8C%20%D8%B9%D9%84%DB%8C%DB%81%20%D9%88%D8%B3%D9%84%D9%85%20%DA%A9%DB%8C%20%D9%BE%D8%B3%D9%86%D8%AF%20%D9%88%DB%81%20%D8%A7%D9%BE%D9%86%DB%8C%20%D9%BE%D8%B3%D9%86%D8%AF.mp3
??????? ????? ????? ??????2026	Al Madina-tul-Ilmiyah	66	https://data2.dawateislami.net/Data/Books/Read/ur/2026/3655/bt3655.jpg	https://data2.dawateislami.net/Data/Books/Download/ur/pdf/2026/3655-1.pdf?fn=mahnama-faizan-e-madina-Jan-2026		
???? ?? ???? ??? ???? ?? ???	Others	33	https://data2.dawateislami.net/Data/Books/Read/ur/2026/3656/bt3656.jpg	https://data2.dawateislami.net/Data/Books/Download/ur/pdf/2026/3656-1.pdf?fn=allah-ka-quran-aur-momin-ki-shan		
??????? ?????? (??? ??????) ?????-2026	Al Madina-tul-Ilmiyah	43	https://data2.dawateislami.net/Data/Books/Read/ur/2025/3654/bt3654.jpg	https://data2.dawateislami.net/Data/Books/Download/ur/pdf/2025/3654-1.pdf?fn=mahanama-khawateen-jan-2026		
????? ?????????? ?? 77 ???? ???? (???:9)	Al Madina-tul-Ilmiyah	15	https://data2.dawateislami.net/Data/Books/Read/ur/2025/3653/bt3653.jpg	https://data2.dawateislami.net/Data/Books/Download/ur/pdf/2025/3653-1.pdf?fn=tafseer-e-noor-ul-irfan-se-77-madani-phool-qist-9	https://data2.dawateislami.net/download/islam/ur/mp3/2026/172661.mp3	https://data2.dawateislami.net/download/islam/ur/mp3/2026/172661.mp3?fn=%D8%AA%D9%81%D8%B3%DB%8C%D8%B1%20%D9%86%D9%88%D8%B1%D8%A7%D9%84%D8%B9%D8%B1%D9%81%D8%A7%D9%86%20%D8%B3%DB%92%2077%20%D9%85%D8%AF%D9%86%DB%8C%20%D9%BE%DA%BE%D9%88%D9%84%20%28%D9%82%D8%B3%D8%B7%3A9%29.mp3
???? ????? ???? ???? ???? ???? ?? 87 ???????	Al Madina-tul-Ilmiyah	16	https://data2.dawateislami.net/Data/Books/Read/ur/2025/3649/bt3649.jpg	https://data2.dawateislami.net/Data/Books/Download/ur/pdf/2025/3649-1.pdf?fn=hazrat-sufyan-sauri-ke-87-irshadaat		
???? ???? ?????? ??? ???? ???	Ameer-e-Ahl-e-Sunnat	25	https://data2.dawateislami.net/Data/Books/Read/ur/2025/3652/bt3652.jpg	https://data2.dawateislami.net/Data/Books/Download/ur/pdf/2025/3652-1.pdf?fn=hazrat-ameer-e-muawiya		
?????? ????? ? ??? ????	Khalifa e Ameer e Ahle Sunnat Maulana Abu Usaid Haji Ubaid Raza Attari Madani	104	https://data2.dawateislami.net/Data/Books/Read/ur/2025/3651/bt3651.jpg	https://data2.dawateislami.net/Data/Books/Download/ur/pdf/2025/3651-1.pdf?fn=faizan-e-khuwaja-rajab-shareef		
?????? ????? ?? ????? ??????? ? ???????	Majlis-e-Ifta	167	https://data2.dawateislami.net/Data/Books/Read/ur/2025/3648/bt3648.jpg	https://data2.dawateislami.net/Data/Books/Download/ur/pdf/2025/3648-1.pdf?fn=muqallideen-fuqaha-ka-manhaj-e-istinbat-o-istidlal		
??????? ?????? ?? ????? ???? ?????	Al Madina-tul-Ilmiyah	67	https://data2.dawateislami.net/Data/Books/Read/ur/2025/3647/bt3647.jpg	https://data2.dawateislami.net/Data/Books/Download/ur/pdf/2025/3647-1.pdf?fn=ijtimai-itikaf-ki-tayari-kaese-karen		
??? ?????? ?? 57 ???? ???? (??? 01)	Al Madina-tul-Ilmiyah	17	https://data2.dawateislami.net/Data/Books/Read/ur/2025/3646/bt3646.jpg	https://data2.dawateislami.net/Data/Books/Download/ur/pdf/2025/3646-1.pdf?fn=qoot-ul-quloob-se-57-madani-phool-qist-01		
??????? ????? ????? ??????2025	Al Madina-tul-Ilmiyah	66	https://data2.dawateislami.net/Data/Books/Read/ur/2025/3642/bt3642.jpg	https://data2.dawateislami.net/Data/Books/Download/ur/pdf/2025/3642-1.pdf?fn=mahnama-faizan-e-madina-dec-2025		
?????? ?????	Al Madina-tul-Ilmiyah	25	https://data2.dawateislami.net/Data/Books/Read/ur/2025/3645/bt3645.jpg	https://data2.dawateislami.net/Data/Books/Download/ur/pdf/2025/3645-1.pdf?fn=faizan-e-ayam		
????? ???? ? ?? ?????? ????? ??????	Others	20	https://data2.dawateislami.net/Data/Books/Read/ur/2025/3644/bt3644.jpg	https://data2.dawateislami.net/Data/Books/Download/ur/pdf/2025/3644-1.pdf?fn=rasoolullah-ki-tableeghi-hikmat-e-amliyan		
????? ????? ??? ???? ?? ????? ??? ????? ??????	Others	15	https://data2.dawateislami.net/Data/Books/Read/ur/2025/3641/bt3641.jpg	https://data2.dawateislami.net/Data/Books/Download/ur/pdf/2025/3641-1.pdf?fn=uloom-e-deenia-me-takhasus-ki-ahmiyat-aur-dawateIslami		
???? ?????? ????? ?? ?????? ??? ??????	Al Madina-tul-Ilmiyah	27	https://data2.dawateislami.net/Data/Books/Read/ur/2025/3640/bt3640.jpg	https://data2.dawateislami.net/Data/Books/Download/ur/pdf/2025/3640-1.pdf?fn=uc-mashawarat-nigraan-ki-tanzimi-zimedariyan		
??????? ?????? (??? ??????) ?????-2025	Al Madina-tul-Ilmiyah	42	https://data2.dawateislami.net/Data/Books/Read/ur/2025/3639/bt3639.jpg	https://data2.dawateislami.net/Data/Books/Download/ur/pdf/2025/3639-1.pdf?fn=mahanama-khawateen-dec-2025		
?????? ????? ?? ???? ?????	Al Madina-tul-Ilmiyah	27	https://data2.dawateislami.net/Data/Books/Read/ur/2025/3638/bt3638.jpg	https://data2.dawateislami.net/Data/Books/Download/ur/pdf/2025/3638-1.pdf?fn=nabina-afrad-ke-sharai-ahkaam		
??? ??? ?? ????? ? ?????	Al Madina-tul-Ilmiyah	58	https://data2.dawateislami.net/Data/Books/Read/ur/2025/3637/bt3637.jpg	https://data2.dawateislami.net/Data/Books/Download/ur/pdf/2025/3637-1.pdf?fn=Kafan-dafan-ke-fazail-o-masail		
??????? ????? ?? ??????	Al Madina-tul-Ilmiyah	28	https://data2.dawateislami.net/Data/Books/Read/ur/2025/3636/bt3636.jpg	https://data2.dawateislami.net/Data/Books/Download/ur/pdf/2025/3636-1.pdf?fn=angothay-chomnay-ki-barkatain		
??????? ???? ??? ???? ?? ??? ??? ???? ????? ?? ???? ???	Majlis-e-Ifta	30	https://data2.dawateislami.net/Data/Books/Read/ur/2025/3635/bt3635.jpg	https://data2.dawateislami.net/Data/Books/Download/ur/pdf/2025/3635-1.pdf?fn=electric-chhuri-aur-machine-se-janwar-zabah-karna-kaisa		
??????? ????? ????? ??????2025	Al Madina-tul-Ilmiyah	66	https://data2.dawateislami.net/Data/Books/Read/ur/2025/3633/bt3633.jpg	https://data2.dawateislami.net/Data/Books/Download/ur/pdf/2025/3633-1.pdf?fn=mahnama-faizan-e-madina-nov-2025		
???? ??? ???? ????? ?????	Ameer-e-Ahl-e-Sunnat	14	https://data2.dawateislami.net/Data/Books/Read/ur/2025/3632/bt3632.jpg	https://data2.dawateislami.net/Data/Books/Download/ur/pdf/2025/3632-1.pdf?fn=mazaq-me-jhoot-bolna-kaisa		
???? ???? ??? ?????????	Al Madina-tul-Ilmiyah	107	https://data2.dawateislami.net/Data/Books/Read/ur/2025/3630/bt3630.jpg	https://data2.dawateislami.net/Data/Books/Download/ur/pdf/2025/3630-1.pdf?fn=hansi-mazah-aur-muskurahatain		
??????? ?????? (??? ??????) ?????-2025	Al Madina-tul-Ilmiyah	43	https://data2.dawateislami.net/Data/Books/Read/ur/2025/3629/bt3629.jpg	https://data2.dawateislami.net/Data/Books/Download/ur/pdf/2025/3629-1.pdf?fn=mahanama-khawateen-nov-2025		
??? ???? ???? ??? ???? ????? ???? ?	Majlis-e-Ifta	15	https://data2.dawateislami.net/Data/Books/Read/ur/2025/3628/bt3628.jpg	https://data2.dawateislami.net/Data/Books/Download/ur/pdf/2025/3628-1.pdf?fn=automatic-machine-me-kapre-dhona-kaisa		
??? ?? ??????	Ameer-e-Ahl-e-Sunnat	21	https://data2.dawateislami.net/Data/Books/Read/ur/2025/3626/bt3626.jpg	https://data2.dawateislami.net/Data/Books/Download/ur/pdf/2025/3626-1.pdf?fn=jannat-ki-baharain		
???? ???? ??? ?? 72 ???? ????	Al Madina-tul-Ilmiyah	20	https://data2.dawateislami.net/Data/Books/Read/ur/2025/3625/bt3625.jpg	https://data2.dawateislami.net/Data/Books/Download/ur/pdf/2025/3625-1.pdf?fn=Kitab-rah-e-ilm-se-72-madani-phool		
????? ?????????? ?? 85 ???? ???? (???:8)	Al Madina-tul-Ilmiyah	16	https://data2.dawateislami.net/Data/Books/Read/ur/2025/3624/bt3624.jpg	https://data2.dawateislami.net/Data/Books/Download/ur/pdf/2025/3624-1.pdf?fn=tafseer-e-noor-ul-irfan-85-madani-phool-qist-8	https://data2.dawateislami.net/download/islam/ur/mp3/2025/170226.mp3	https://data2.dawateislami.net/download/islam/ur/mp3/2025/170226.mp3?fn=%D8%AA%D9%81%D8%B3%DB%8C%D8%B1%20%D9%86%D9%88%D8%B1%D8%A7%D9%84%D8%B9%D8%B1%D9%81%D8%A7%D9%86%20%D8%B3%DB%92%2085%20%D9%85%D8%AF%D9%86%DB%8C%20%D9%BE%DA%BE%D9%88%D9%84%20%28%D9%82%D8%B3%D8%B7%3A8%29.mp3
? ???? ???	Markazi Majlis-e-Shoora	32	https://data2.dawateislami.net/Data/Books/Read/ur/2025/3623/bt3623.jpg	https://data2.dawateislami.net/Data/Books/Download/ur/pdf/2025/3623-1.pdf?fn=8-deeni-kaam		
?????? ????? ??????? ??????? ????? ???? ?????	Rukn e Shura Abu Majid Muhammad Shahid Attari	32	https://data2.dawateislami.net/Data/Books/Read/ur/2025/3621/bt3621.jpg	https://data2.dawateislami.net/Data/Books/Download/ur/pdf/2025/3621-1.pdf?fn=taaruf-e-ihaata-mazarat-e-khandan-aala-hazrat-karachi		
???? ???? ???? ????? ???? ?????? ????	Ameer-e-Ahl-e-Sunnat	164	https://data2.dawateislami.net/Data/Books/Read/ur/2025/3620/bt3620.jpg	https://data2.dawateislami.net/Data/Books/Download/ur/pdf/2025/3620-1.pdf?fn=shane-ghous-e-azam		
???? ?? ???? ??? ???? ???? (????? ??????)	Others	100	https://data2.dawateislami.net/Data/Books/Read/ur/2025/3619/bt3619.jpg	https://data2.dawateislami.net/Data/Books/Download/ur/pdf/2025/3619-1.pdf?fn=umrah-ke-baray-me-suwal-jawab-baraye-khawateen		
??????? ????? ?? ???? ???	Majlis-e-Ifta	28	https://data2.dawateislami.net/Data/Books/Read/ur/2025/3617/bt3617.jpg	https://data2.dawateislami.net/Data/Books/Download/ur/pdf/2025/3617-1.pdf?fn=halloween-manane-ka-sharai-hukum		
?? ???? ????? ?? ????? (??? 01)	Al Madina-tul-Ilmiyah	18	https://data2.dawateislami.net/Data/Books/Read/ur/2025/3616/bt3616.jpg	https://data2.dawateislami.net/Data/Books/Download/ur/pdf/2025/3616-1.pdf?fn=behisab-maghfirat-ke-aamal-qist-01		
????? ???? ????? ???????? ???? ???? ????	Rukn e Shura Abu Majid Muhammad Shahid Attari	66	https://data2.dawateislami.net/Data/Books/Read/ur/2025/3615/bt3615.jpg	https://data2.dawateislami.net/Data/Books/Download/ur/pdf/2025/3615-1.pdf?fn=faizan-e-alam-rabani-khachucvi		
??????? ????? ????? ???????2025	Al Madina-tul-Ilmiyah	68	https://data2.dawateislami.net/Data/Books/Read/ur/2025/3611/bt3611.jpg	https://data2.dawateislami.net/Data/Books/Download/ur/pdf/2025/3611-1.pdf?fn=mahnama-faizan-e-madina-oct-2025		
???? ?????? ?? ???? ?? ???????	Mufti Muhammad Qasim Attari	23	https://data2.dawateislami.net/Data/Books/Read/ur/2025/3614/bt3614.jpg	https://data2.dawateislami.net/Data/Books/Download/ur/pdf/2025/3614-1.pdf?fn=allah-taala-ki-muhabbat-ki-nishaniyan		
???? ????? ????? ??? 01	Ameer-e-Ahl-e-Sunnat	17	https://data2.dawateislami.net/Data/Books/Read/ur/2025/3613/bt3613.jpg	https://data2.dawateislami.net/Data/Books/Download/ur/pdf/2025/3613-1.pdf?fn=achi-guftagu-kijiye-qist-01		
???? ??? ?????	Mufti Muhammad Qasim Attari	472	https://data2.dawateislami.net/Data/Books/Read/ur/2025/3612/bt3612.jpg	https://data2.dawateislami.net/Data/Books/Download/ur/pdf/2025/3612-1.pdf?fn=aurat-aur-quran		
??????? ?????? (??? ??????) ??????-2025	Al Madina-tul-Ilmiyah	43	https://data2.dawateislami.net/Data/Books/Read/ur/2025/3610/bt3610.jpg	https://data2.dawateislami.net/Data/Books/Download/ur/pdf/2025/3610-1.pdf?fn=mahanama-khawateen-oct-2025		
????? ?????? ?????? ???? ???? ????	Ameer-e-Ahl-e-Sunnat	17	https://data2.dawateislami.net/Data/Books/Read/ur/2025/3609/bt3609.jpg	https://data2.dawateislami.net/Data/Books/Download/ur/pdf/2025/3609-1.pdf?fn=hazrat-bayazid-bistami		
???????? ?? ????? ?? 40 ??????	Al Madina-tul-Ilmiyah	37	https://data2.dawateislami.net/Data/Books/Read/ur/2025/3608/bt3608.jpg	https://data2.dawateislami.net/Data/Books/Download/ur/pdf/2025/3608-1.pdf?fn=nabinayi-ki-fazilat-par-40-ahadees		
????? ?????????? ?? 100 ???? ???? (???:7)	Al Madina-tul-Ilmiyah	17	https://data2.dawateislami.net/Data/Books/Read/ur/2025/3607/bt3607.jpg	https://data2.dawateislami.net/Data/Books/Download/ur/pdf/2025/3607-1.pdf?fn=tafseer-e-noor-ul-irfan-100-madani-phool-qist-7	https://data2.dawateislami.net/download/islam/ur/mp3/2025/168969.mp3	https://data2.dawateislami.net/download/islam/ur/mp3/2025/168969.mp3?fn=%D8%AA%D9%81%D8%B3%DB%8C%D8%B1%20%D9%86%D9%88%D8%B1%D8%A7%D9%84%D8%B9%D8%B1%D9%81%D8%A7%D9%86%20%D8%B3%DB%92%20100%20%D9%85%D8%AF%D9%86%DB%8C%20%D9%BE%DA%BE%D9%88%D9%84%20%28%D9%82%D8%B3%D8%B7%3A7%29.mp3
?? ???????? ???? ???? ???? ???? ????	Ameer-e-Ahl-e-Sunnat	26	https://data2.dawateislami.net/Data/Books/Read/ur/2025/3606/bt3606.jpg	https://data2.dawateislami.net/Data/Books/Download/ur/pdf/2025/3606-1.pdf?fn=25-irshadat-e-ghous-e-azam		
?????? ????? ????? ??? ???? ???? ????	Khalifa e Ameer e Ahle Sunnat Maulana Abu Usaid Haji Ubaid Raza Attari Madani	121	https://data2.dawateislami.net/Data/Books/Read/ur/2025/3605/bt3605.jpg	https://data2.dawateislami.net/Data/Books/Download/ur/pdf/2025/3605-1.pdf?fn=faizan-e-aamad-e-mustafa		
???? ??? ?? ????? ????	Haji Abdul Habib Attari	253	https://data2.dawateislami.net/Data/Books/Read/ur/2025/3604/bt3604.jpg	https://data2.dawateislami.net/Data/Books/Download/ur/pdf/2025/3604-1.pdf?fn=allah-pak-se-dosti-karlo		
????? ?? ??? ????? ?????	Al Madina-tul-Ilmiyah	29	https://data2.dawateislami.net/Data/Books/Read/ur/2025/3603/bt3603.jpg	https://data2.dawateislami.net/Data/Books/Download/ur/pdf/2025/3603-1.pdf?fn=auliya-ki-shan-bazuban-e-quran	https://data2.dawateislami.net/download/islam/ur/mp3/2025/168325.mp3	https://data2.dawateislami.net/download/islam/ur/mp3/2025/168325.mp3?fn=%D8%A7%D9%88%D9%84%DB%8C%D8%A7%20%DA%A9%DB%8C%20%D8%B4%D8%A7%D9%86%20%D8%A8%D8%B2%D8%A8%D8%A7%D9%86%20%D9%82%D8%B1%D8%A7%D9%93%D9%86.mp3
???? ??? ???? ????	Al Madina-tul-Ilmiyah	21	https://data2.dawateislami.net/Data/Books/Read/ur/2025/3602/bt3602.jpg	https://data2.dawateislami.net/Data/Books/Download/ur/pdf/2025/3602-1.pdf?fn=suraj-aur-chand-grahan		
???? ??????	Khalifa e Ameer e Ahle Sunnat Maulana Abu Usaid Haji Ubaid Raza Attari Madani	160	https://data2.dawateislami.net/Data/Books/Read/ur/2025/3601/bt3601.jpg	https://data2.dawateislami.net/Data/Books/Download/ur/pdf/2025/3601-1.pdf?fn=jannati-khawateen		
???? ???? ??? ???? ????? ???? ???? ???? ?? ????? ?????	Al Madina-tul-Ilmiyah	107	https://data2.dawateislami.net/Data/Books/Read/ur/2025/3600/bt3600.jpg	https://data2.dawateislami.net/Data/Books/Download/ur/pdf/2025/3600-1.pdf?fn=muhammad-arabi-ke-mubarak-andaz		
????? ???? ?????? (?????-2025)	Al Madina-tul-Ilmiyah	46	https://data2.dawateislami.net/Data/Books/Read/ur/2025/3599/bt3599.jpg	https://data2.dawateislami.net/Data/Books/Download/ur/pdf/2025/3599-1.pdf?fn=faizan-e-dawat-e-islami-sep-2025		
???? ????? ?? ????? ???? ?????	Al Madina-tul-Ilmiyah	43	https://data2.dawateislami.net/Data/Books/Read/ur/2025/3598/bt3598.jpg	https://data2.dawateislami.net/Data/Books/Download/ur/pdf/2025/3598-1.pdf?fn=jashn-e-wiladat-ki-tayari-kaise-karein		
??????? ????? ????? ??????2025	Al Madina-tul-Ilmiyah	66	https://data2.dawateislami.net/Data/Books/Read/ur/2025/3595/bt3595.jpg	https://data2.dawateislami.net/Data/Books/Download/ur/pdf/2025/3595-1.pdf?fn=mahnama-faizan-e-madina-sep-2025		
??????? ?????? (??? ??????) ?????-2025	Al Madina-tul-Ilmiyah	42	https://data2.dawateislami.net/Data/Books/Read/ur/2025/3597/bt3597.jpg	https://data2.dawateislami.net/Data/Books/Download/ur/pdf/2025/3597-1.pdf?fn=mahanama-khawateen-sep-2025		
???? ???? ?? ????? ??? 60 ?????	Al Madina-tul-Ilmiyah	26	https://data2.dawateislami.net/Data/Books/Read/ur/2025/3596/bt3596.jpg	https://data2.dawateislami.net/Data/Books/Download/ur/pdf/2025/3596-1.pdf?fn=ayat-e-sajda-ke-fazail-aur-60-masail	https://data2.dawateislami.net/download/islam/ur/mp3/2025/167689.mp3	https://data2.dawateislami.net/download/islam/ur/mp3/2025/167689.mp3?fn=%D8%A7%D9%93%DB%8C%D8%AA%20%D8%B3%D8%AC%D8%AF%DB%81%20%DA%A9%DB%92%20%D9%81%D8%B6%D8%A7%D8%A6%D9%84%20%D8%A7%D9%88%D8%B1%2060%20%D9%85%D8%B3%D8%A7%D8%A6%D9%84.mp3
???? ??? ??? ?? ??????	Al Madina-tul-Ilmiyah	36	https://data2.dawateislami.net/Data/Books/Read/ur/2025/3594/bt3594.jpg	https://data2.dawateislami.net/Data/Books/Download/ur/pdf/2025/3594-1.pdf?fn=ameer-e-ahl-e-sunnat-ki-duain		
?????? ???? ???:3	Ameer-e-Ahl-e-Sunnat	42	https://data2.dawateislami.net/Data/Books/Read/ur/2025/3593/bt3593.jpg	https://data2.dawateislami.net/Data/Books/Download/ur/pdf/2025/3593-1.pdf?fn=arbaeen-e-attar-qist-03		
?? ???? ???? ?? ???? ?????	Al Madina-tul-Ilmiyah	33	https://data2.dawateislami.net/Data/Books/Read/ur/2025/3592/bt3592.jpg	https://data2.dawateislami.net/Data/Books/Download/ur/pdf/2025/3592-1.pdf?fn=be-misaal-imam-ki-misaal-nigari		
???? ???? ??? ???? ???? ???? ????	Ameer-e-Ahl-e-Sunnat	17	https://data2.dawateislami.net/Data/Books/Read/ur/2025/3591/bt3591.jpg	https://data2.dawateislami.net/Data/Books/Download/ur/pdf/2025/3591-1.pdf?fn=mohabbat-e-rasool		
??????? ????? ????? ?????2025	Al Madina-tul-Ilmiyah	66	https://data2.dawateislami.net/Data/Books/Read/ur/2025/3586/bt3586.jpg	https://data2.dawateislami.net/Data/Books/Download/ur/pdf/2025/3586-1.pdf?fn=mahnama-faizan-e-madina-aug-2025		
??????? ?????? (??? ??????) ????-2025	Al Madina-tul-Ilmiyah	42	https://data2.dawateislami.net/Data/Books/Read/ur/2025/3590/bt3590.jpg	https://data2.dawateislami.net/Data/Books/Download/ur/pdf/2025/3590-1.pdf?fn=mahanama-khawateen-aug-2025		
???? ???? ??? ??? ???? ???? ???? ?? 25 ????? ??? ???? ?? ??? ??	Ameer-e-Ahl-e-Sunnat	28	https://data2.dawateislami.net/Data/Books/Read/ur/2025/3589/bt3589.jpg	https://data2.dawateislami.net/Data/Books/Download/ur/pdf/2025/3589-1.pdf?fn=imam-ahmad-raza-khan-ki-25-baatein		
???? ?? ?????	Ameer-e-Ahl-e-Sunnat	21	https://data2.dawateislami.net/Data/Books/Read/ur/2025/3588/bt3588.jpg	https://data2.dawateislami.net/Data/Books/Download/ur/pdf/2025/3588-1.pdf?fn=sajday-ke-fazail		
????? ?????????? ?? 95 ???? ???? (???:6)	Al Madina-tul-Ilmiyah	16	https://data2.dawateislami.net/Data/Books/Read/ur/2025/3584/bt3584.jpg	https://data2.dawateislami.net/Data/Books/Download/ur/pdf/2025/3584-1.pdf?fn=tafseer-e-noor-ul-irfan-95-madani-phool-qist-6	https://data2.dawateislami.net/download/islam/ur/mp3/2025/166330.mp3	https://data2.dawateislami.net/download/islam/ur/mp3/2025/166330.mp3?fn=%D8%AA%D9%81%D8%B3%DB%8C%D8%B1%20%D9%86%D9%88%D8%B1%D8%A7%D9%84%D8%B9%D8%B1%D9%81%D8%A7%D9%86%20%D8%B3%DB%92%2095%20%D9%85%D8%AF%D9%86%DB%8C%20%D9%BE%DA%BE%D9%88%D9%84%20%28%D9%82%D8%B3%D8%B7%3A6%29.mp3
?????? ?? ???? ???? ????? ????	Haji Abdul Habib Attari	255	https://data2.dawateislami.net/Data/Books/Read/ur/2025/3587/bt3587.jpg	https://data2.dawateislami.net/Data/Books/Download/ur/pdf/2025/3587-1.pdf?fn=aashiqon-ke-imam-seerat-e-aala-hazrat		
???? ?????	Kanzul Madaris Board	138	https://data2.dawateislami.net/Data/Books/Read/ur/2025/3585/bt3585.jpg	https://data2.dawateislami.net/Data/Books/Download/ur/pdf/2025/3585-1.pdf?fn=usool-e-wirasat		
???? ????? (??? ???)	Al Madina-tul-Ilmiyah	268	https://data2.dawateislami.net/Data/Books/Read/ur/2025/3583/bt3583.jpg	https://data2.dawateislami.net/Data/Books/Download/ur/pdf/2025/3583-1.pdf?fn=nisaab-e-tauqeeat-hissa-awwal		
"???? ??? ?? ??????? ????? ? ???????"	Al Madina-tul-Ilmiyah	23	https://data2.dawateislami.net/Data/Books/Read/ur/2025/3582/bt3582.jpg	https://data2.dawateislami.net/Data/Books/Download/ur/pdf/2025/3582-1.pdf?fn=sihah-sittah-ki-shuruhat-hawashi-o-taliqat		
??? ?? ??????	Al Madina-tul-Ilmiyah	16	https://data2.dawateislami.net/Data/Books/Read/ur/2025/3580/bt3580.jpg	https://data2.dawateislami.net/Data/Books/Download/ur/pdf/2025/3580-1.pdf?fn=shukar-ki-barkatein		
?????? ? ??? ????	Al Madina-tul-Ilmiyah	18	https://data2.dawateislami.net/Data/Books/Read/ur/2025/3579/bt3579.jpg	https://data2.dawateislami.net/Data/Books/Download/ur/pdf/2025/3579-1.pdf?fn=rohani-o-tibbi-ilaj		
??????? ??? ?? ???? ??? ????? 1980?	Al Madina-tul-Ilmiyah	21	https://data2.dawateislami.net/Data/Books/Read/ur/2025/3578/bt3578.jpg	https://data2.dawateislami.net/Data/Books/Download/ur/pdf/2025/3578-1.pdf?fn=ameer-e-ahle-sunnat-ka-pehla-safar-e-madina-1980		
??????? ??? ?? ??? ?????	Al Madina-tul-Ilmiyah	21	https://data2.dawateislami.net/Data/Books/Read/ur/2025/3577/bt3577.jpg	https://data2.dawateislami.net/Data/Books/Download/ur/pdf/2025/3577-1.pdf?fn=ameer-e-ahl-e-sunnat-ke-bare-bhai	https://data2.dawateislami.net/download/islam/ur/mp3/2025/165245.mp3	https://data2.dawateislami.net/download/islam/ur/mp3/2025/165245.mp3?fn=%D8%A7%D9%85%DB%8C%D8%B1%D8%A7%DB%81%D9%84%20%D8%B3%D9%86%D8%AA%20%DA%A9%DB%92%20%D8%A8%DA%91%DB%92%20%D8%A8%DA%BE%D8%A7%D8%A6%DB%8C.mp3
??????????	Al Madina-tul-Ilmiyah	397	https://data2.dawateislami.net/Data/Books/Read/ur/2025/3576/bt3576.jpg	https://data2.dawateislami.net/Data/Books/Download/ur/pdf/2025/3576-1.pdf?fn=qawaid-us-sarf		
??????? ????? ????? ???????2025	Al Madina-tul-Ilmiyah	66	https://data2.dawateislami.net/Data/Books/Read/ur/2025/3574/bt3574.jpg	https://data2.dawateislami.net/Data/Books/Download/ur/pdf/2025/3574-1.pdf?fn=mahnama-faizan-e-madina-july-2025		
??????? ?????? (??? ??????) ??????-2025	Al Madina-tul-Ilmiyah	42	https://data2.dawateislami.net/Data/Books/Read/ur/2025/3575/bt3575.jpg	https://data2.dawateislami.net/Data/Books/Download/ur/pdf/2025/3575-1.pdf?fn=mahanama-khawateen-july-2025		
???? ????? ?????? ??? ???? ????? ?? ?????? ?? ?????	Ameer-e-Ahl-e-Sunnat	18	https://data2.dawateislami.net/Data/Books/Read/ur/2025/3573/bt3573.jpg	https://data2.dawateislami.net/Data/Books/Download/ur/pdf/2025/3573-1.pdf?fn=shane-hasanain-e-karimain-ma-aashora-ke-fazail		
????? ?????????? ?? 105 ???? ???? (???:5)	Al Madina-tul-Ilmiyah	17	https://data2.dawateislami.net/Data/Books/Read/ur/2025/3569/bt3569.jpg	https://data2.dawateislami.net/Data/Books/Download/ur/pdf/2025/3569-1.pdf?fn=tafseer-e-noor-ul-irfan-105-madani-phool-qist-5	https://data2.dawateislami.net/download/islam/ur/mp3/2025/164396.mp3	https://data2.dawateislami.net/download/islam/ur/mp3/2025/164396.mp3?fn=%D8%AA%D9%81%D8%B3%DB%8C%D8%B1%20%D9%86%D9%88%D8%B1%D8%A7%D9%84%D8%B9%D8%B1%D9%81%D8%A7%D9%86%20%D8%B3%DB%92%20105%20%D9%85%D8%AF%D9%86%DB%8C%20%D9%BE%DA%BE%D9%88%D9%84%20%28%D9%82%D8%B3%D8%B7%3A5%29.mp3
????? ?? ?????	Ameer-e-Ahl-e-Sunnat	16	https://data2.dawateislami.net/Data/Books/Read/ur/2025/3571/bt3571.jpg	https://data2.dawateislami.net/Data/Books/Download/ur/pdf/2025/3571-1.pdf?fn=cheenk-ke-adaab		
??? ??????? (??????????)	Al Madina-tul-Ilmiyah	461	https://data2.dawateislami.net/Data/Books/Read/ur/2025/3570/bt3570.jpg	https://data2.dawateislami.net/Data/Books/Download/ur/pdf/2025/3570-1.pdf?fn=mayyit-ke-ahkaam		
??????? ????? ????? ????2025	Al Madina-tul-Ilmiyah	66	https://data2.dawateislami.net/Data/Books/Read/ur/2025/3565/bt3565.jpg	https://data2.dawateislami.net/Data/Books/Download/ur/pdf/2025/3565-1.pdf?fn=mahnama-faizan-e-madina-june-2025		
???? ??????? ?? ??? ?? ???? ? ????? (???? ????? ?? ????? ???)	Majlis-e-Ifta	33	https://data2.dawateislami.net/Data/Books/Read/ur/2025/3567/bt3567.jpg	https://data2.dawateislami.net/Data/Books/Download/ur/pdf/2025/3567-1.pdf?fn=zinda-janwaron-ki-tol-kar-khareed-o-farokht		
???? ?? ?? ??? ?? ?? ????? ??? ??	Mufti Muhammad Sajid Attari	103	https://data2.dawateislami.net/Data/Books/Read/ur/2025/3566/bt3566.jpg	https://data2.dawateislami.net/Data/Books/Download/ur/pdf/2025/3566-1.pdf?fn=gosht-ke-wo-hissay-jin-ka-khana-mana-hai		
?????? ??? ???	Haji Abdul Habib Attari	135	https://data2.dawateislami.net/Data/Books/Read/ur/2025/3564/bt3564.jpg	https://data2.dawateislami.net/Data/Books/Download/ur/pdf/2025/3564-1.pdf?fn=tazkira-e-ahl-e-bait		
??????? ?????? (??? ??????) ???-2025	Al Madina-tul-Ilmiyah	42	https://data2.dawateislami.net/Data/Books/Read/ur/2025/3563/bt3563.jpg	https://data2.dawateislami.net/Data/Books/Download/ur/pdf/2025/3563-1.pdf?fn=mahanama-khawateen-june-2025		
????? ?????? ?? ? ???? (??? ???)	Majlis-e-Ifta	251	https://data2.dawateislami.net/Data/Books/Read/ur/2025/3562/bt3562.jpg	https://data2.dawateislami.net/Data/Books/Download/ur/pdf/2025/3562-1.pdf?fn=fatawa-ahlesunnat-hajj-o-umrah-hissa-1		
????? ?? ???????	Ameer-e-Ahl-e-Sunnat	14	https://data2.dawateislami.net/Data/Books/Read/ur/2025/3560/bt3560.jpg	https://data2.dawateislami.net/Data/Books/Download/ur/pdf/2025/3560-1.pdf?fn=madine-ki-ziyaratein		
??? ?? ???? ? ???	Al Madina-tul-Ilmiyah	24	https://data2.dawateislami.net/Data/Books/Read/ur/2025/3556/bt3556.jpg	https://data2.dawateislami.net/Data/Books/Download/ur/pdf/2025/3556-1.pdf?fn=baap-ki-azmat-o-shan		
30 ?????? ????	Ameer-e-Ahl-e-Sunnat	33	https://data2.dawateislami.net/Data/Books/Read/ur/2025/3558/bt3558.jpg	https://data2.dawateislami.net/Data/Books/Download/ur/pdf/2025/3558-1.pdf?fn=30-rohani-ilaj		
???? ?? ??? ?? ?? ????	Al Madina-tul-Ilmiyah	21	https://data2.dawateislami.net/Data/Books/Read/ur/2025/3557/bt3557.jpg	https://data2.dawateislami.net/Data/Books/Download/ur/pdf/2025/3557-1.pdf?fn=bagher-hajj-kiye-hajj-ka-sawab		
??????? ????? ????? ????2025	Al Madina-tul-Ilmiyah	66	https://data2.dawateislami.net/Data/Books/Read/ur/2025/3555/bt3555.jpg	https://data2.dawateislami.net/Data/Books/Download/ur/pdf/2025/3555-1.pdf?fn=mahnama-faizan-e-madina-may-2025		
?????? ?????? (???-8)	Ameer-e-Ahl-e-Sunnat	342	https://data2.dawateislami.net/Data/Books/Read/ur/2025/3554/bt3554.jpg	https://data2.dawateislami.net/Data/Books/Download/ur/pdf/2025/3554-1.pdf?fn=bayanaat-e-attariya-jild-8		
?????? ?????? (???-7)	Ameer-e-Ahl-e-Sunnat	363	https://data2.dawateislami.net/Data/Books/Read/ur/2025/3553/bt3553.jpg	https://data2.dawateislami.net/Data/Books/Download/ur/pdf/2025/3553-1.pdf?fn=bayanaat-e-attariya-jild-7		
?????? ?????? (???-6)	Ameer-e-Ahl-e-Sunnat	502	https://data2.dawateislami.net/Data/Books/Read/ur/2025/3552/bt3552.jpg	https://data2.dawateislami.net/Data/Books/Download/ur/pdf/2025/3552-1.pdf?fn=bayanaat-e-attariya-jild-6		
?????? ?????? (???-5)	Ameer-e-Ahl-e-Sunnat	480	https://data2.dawateislami.net/Data/Books/Read/ur/2025/3551/bt3551.jpg	https://data2.dawateislami.net/Data/Books/Download/ur/pdf/2025/3551-1.pdf?fn=bayanaat-e-attariya-jild-5		
?????? ?????? (???-4)	Ameer-e-Ahl-e-Sunnat	446	https://data2.dawateislami.net/Data/Books/Read/ur/2025/3550/bt3550.jpg	https://data2.dawateislami.net/Data/Books/Download/ur/pdf/2025/3550-1.pdf?fn=bayanaat-e-attariya-jild-4		
?????? ?????? (???-3)	Ameer-e-Ahl-e-Sunnat	413	https://data2.dawateislami.net/Data/Books/Read/ur/2025/3549/bt3549.jpg	https://data2.dawateislami.net/Data/Books/Download/ur/pdf/2025/3549-1.pdf?fn=bayanaat-e-attariya-jild-3		
?????? ?????? (???-2)	Ameer-e-Ahl-e-Sunnat	483	https://data2.dawateislami.net/Data/Books/Read/ur/2025/3548/bt3548.jpg	https://data2.dawateislami.net/Data/Books/Download/ur/pdf/2025/3548-1.pdf?fn=bayanaat-e-attariya-jild-2		
?????? ?????? (???-1)	Ameer-e-Ahl-e-Sunnat	385	https://data2.dawateislami.net/Data/Books/Read/ur/2025/3547/bt3547.jpg	https://data2.dawateislami.net/Data/Books/Download/ur/pdf/2025/3547-1.pdf?fn=bayanaat-e-attariya-jild-1		
????? ????? ?????? (?? ???? ??)	Haji Abdul Habib Attari	310	https://data2.dawateislami.net/Data/Books/Read/ur/2025/3546/bt3546.jpg	https://data2.dawateislami.net/Data/Books/Download/ur/pdf/2025/3546-1.pdf?fn=fazail-e-haramain-sharifain		
??????? ?????? (??? ??????) ???-2025	Al Madina-tul-Ilmiyah	42	https://data2.dawateislami.net/Data/Books/Read/ur/2025/3545/bt3545.jpg	https://data2.dawateislami.net/Data/Books/Download/ur/pdf/2025/3545-1.pdf?fn=mahanama-khawateen-may-2025		
??? ????? ?? ?????	Ameer-e-Ahl-e-Sunnat	16	https://data2.dawateislami.net/Data/Books/Read/ur/2025/3544/bt3544.jpg	https://data2.dawateislami.net/Data/Books/Download/ur/pdf/2025/3544-1.pdf?fn=makkah-mukarrama-ki-masajid		
????? ?????????? ?? 85 ???? ???? (???:4)	Al Madina-tul-Ilmiyah	17	https://data2.dawateislami.net/Data/Books/Read/ur/2025/3543/bt3543.jpg	https://data2.dawateislami.net/Data/Books/Download/ur/pdf/2025/3543-1.pdf?fn=tafseer-e-noor-ul-irfan-85-madani-phool-qist-4	https://data2.dawateislami.net/download/islam/ur/mp3/2025/162732.mp3	https://data2.dawateislami.net/download/islam/ur/mp3/2025/162732.mp3?fn=%D8%AA%D9%81%D8%B3%DB%8C%D8%B1%20%D9%86%D9%88%D8%B1%D8%A7%D9%84%D8%B9%D8%B1%D9%81%D8%A7%D9%86%20%D8%B3%DB%92%2085%20%D9%85%D8%AF%D9%86%DB%8C%20%D9%BE%DA%BE%D9%88%D9%84%20%28%D9%82%D8%B3%D8%B7%3A4%29.mp3
??????? ???? ????? ?????? ?? ???? ??? 25 ???? ????	Ameer-e-Ahl-e-Sunnat	14	https://data2.dawateislami.net/Data/Books/Read/ur/2025/3542/bt3542.jpg	https://data2.dawateislami.net/Data/Books/Download/ur/pdf/2025/3542-1.pdf?fn=anbiya-e-karam-ke-bare-mein-25-sawal-jawab		
?????? ?????  ?? ???? ????? ? ?????	Al Madina-tul-Ilmiyah	32	https://data2.dawateislami.net/Data/Books/Read/ur/2025/3541/bt3541.jpg	https://data2.dawateislami.net/Data/Books/Download/ur/pdf/2025/3541-1.pdf?fn=nigran-e-shura-ka-safar-e-spain-o-marrakesh		
36 ??? ???? ??? ????? ????? ?????? ? ??????	Al Madina-tul-Ilmiyah	43	https://data2.dawateislami.net/Data/Books/Read/ur/2025/3540/bt3540.jpg	https://data2.dawateislami.net/Data/Books/Download/ur/pdf/2025/3540-1.pdf?fn=36-sabaq-amoz-aur-nasihat-afroz-waqiyat-o-hikayaat		
?????? ?????? ?? 12 ?????? (???-1)	Al Madina-tul-Ilmiyah	374	https://data2.dawateislami.net/Data/Books/Read/ur/2025/3539/bt3539.jpg	https://data2.dawateislami.net/Data/Books/Download/ur/pdf/2025/3539-1.pdf?fn=zul-qada-tul-haram-ke-12-bayanaat-hissa-1		
??? ????? ??? ???? ?? ?????? ????	Al Madina-tul-Ilmiyah	428	https://data2.dawateislami.net/Data/Books/Read/ur/2025/3538/bt3538.jpg	https://data2.dawateislami.net/Data/Books/Download/ur/pdf/2025/3538-1.pdf?fn=sharah-mustafa-jan-e-rehmat-pe-lakhon-salam		
??????? ????? ????? ??????2025	Al Madina-tul-Ilmiyah	66	https://data2.dawateislami.net/Data/Books/Read/ur/2025/3537/bt3537.jpg	https://data2.dawateislami.net/Data/Books/Download/ur/pdf/2025/3537-1.pdf?fn=mahnama-faizan-e-madina-apr-2025		
?? ?? ???? ?? ??? ?????	Ameer-e-Ahl-e-Sunnat	20	https://data2.dawateislami.net/Data/Books/Read/ur/2025/3536/bt3536.jpg	https://data2.dawateislami.net/Data/Books/Download/ur/pdf/2025/3536-1.pdf?fn=dil-ki-sakhti-ke-chand-asbab		
????? ?????????? ?? 99 ???? ???? (???:3)	Al Madina-tul-Ilmiyah	17	https://data2.dawateislami.net/Data/Books/Read/ur/2025/3535/bt3535.jpg	https://data2.dawateislami.net/Data/Books/Download/ur/pdf/2025/3535-1.pdf?fn=tafseer-e-noor-ul-irfan-99-madani-phool-qist-3	https://data2.dawateislami.net/download/islam/ur/mp3/2025/161244.mp3	https://data2.dawateislami.net/download/islam/ur/mp3/2025/161244.mp3?fn=%D8%AA%D9%81%D8%B3%DB%8C%D8%B1%20%D9%86%D9%88%D8%B1%D8%A7%D9%84%D8%B9%D8%B1%D9%81%D8%A7%D9%86%20%D8%B3%DB%92%2099%20%D9%85%D8%AF%D9%86%DB%8C%20%D9%BE%DA%BE%D9%88%D9%84%20%28%D9%82%D8%B3%D8%B7%3A3%29.mp3
????? ????? ????? ????? ????? ?????? ????? ??????	Rukn e Shura Abu Majid Muhammad Shahid Attari	47	https://data2.dawateislami.net/Data/Books/Read/ur/2025/3534/bt3534.jpg	https://data2.dawateislami.net/Data/Books/Download/ur/pdf/2025/3534-1.pdf?fn=taaruf-mashaikh-e-silsila-qadriya-attariya		
??????? ?????? (??? ??????) ?????-2025	Al Madina-tul-Ilmiyah	42	https://data2.dawateislami.net/Data/Books/Read/ur/2025/3533/bt3533.jpg	https://data2.dawateislami.net/Data/Books/Download/ur/pdf/2025/3533-1.pdf?fn=mahanama-khawateen-apr-2025		
???? ???? ?? ?????? ???? (1446?/ 2025?)	Al Madina-tul-Ilmiyah	72	https://data2.dawateislami.net/Data/Books/Read/ur/2025/3532/bt3532.jpg	https://data2.dawateislami.net/Data/Books/Download/ur/pdf/2025/3532-1.pdf?fn=aakhri-ashre-ka-itikaf-jadwal-2025		
??? ??? ?? ?????? ???? (1446?/ 2025?)	Al Madina-tul-Ilmiyah	128	https://data2.dawateislami.net/Data/Books/Read/ur/2025/3531/bt3531.jpg	https://data2.dawateislami.net/Data/Books/Download/ur/pdf/2025/3531-1.pdf?fn=aik-mah-ka-itikaf-jadwal-2025		
???? ?? ??? 50 ??? ???? ????	Al Madina-tul-Ilmiyah	78	https://data2.dawateislami.net/Data/Books/Read/ur/2025/3530/bt3530.jpg	https://data2.dawateislami.net/Data/Books/Download/ur/pdf/2025/3530-1.pdf?fn=bachon-ke-liye-50-dars-e-hadees-shareef		
???? ?? ???? ??? 18 ???? ????	Ameer-e-Ahl-e-Sunnat	17	https://data2.dawateislami.net/Data/Books/Read/ur/2025/3529/bt3529.jpg	https://data2.dawateislami.net/Data/Books/Download/ur/pdf/2025/3529-1.pdf?fn=talaba-ke-bare-mein-18-sawal-jawab		
26 ?????? ????	Ameer-e-Ahl-e-Sunnat	28	https://data2.dawateislami.net/Data/Books/Read/ur/2025/3528/bt3528.jpg	https://data2.dawateislami.net/Data/Books/Download/ur/pdf/2025/3528-1.pdf?fn=26-farameen-e-attar		
?????? ?? ?????? ?? ?????	Majlis-e-Ifta	74	https://data2.dawateislami.net/Data/Books/Read/ur/2025/3527/bt3527.jpg	https://data2.dawateislami.net/Data/Books/Download/ur/pdf/2025/3527-1.pdf?fn=khawateen-ke-itikaf-ke-masail		
???? ??????  ?? 12 ?????? (???-1)	Al Madina-tul-Ilmiyah	371	https://data2.dawateislami.net/Data/Books/Read/ur/2025/3526/bt3526.jpg	https://data2.dawateislami.net/Data/Books/Download/ur/pdf/2025/3526-1.pdf?fn=shawwal-ul-mukarram-Ke-12-bayanaat-hissa-1		
?????? ?? 10 ???? ??????	Ameer-e-Ahl-e-Sunnat	14	https://data2.dawateislami.net/Data/Books/Read/ur/2025/3521/bt3521.jpg	https://data2.dawateislami.net/Data/Books/Download/ur/pdf/2025/3521-1.pdf?fn=itikaf-ki-10-madani-baharain		
??? ?? ?? ??? ????? ? ?????	Al Madina-tul-Ilmiyah	32	https://data2.dawateislami.net/Data/Books/Read/ur/2025/3524/bt3524.jpg	https://data2.dawateislami.net/Data/Books/Download/ur/pdf/2025/3524-1.pdf?fn=aab-e-zam-zam-kuch-fazail-o-barakat		
????? ???? ?????	Ameer-e-Ahl-e-Sunnat	25	https://data2.dawateislami.net/Data/Books/Read/ur/2025/3523/bt3523.jpg	https://data2.dawateislami.net/Data/Books/Download/ur/pdf/2025/3523-1.pdf?fn=faizan-e-laylatul-qadr		
??????? ????? ????? ?????2025	Al Madina-tul-Ilmiyah	66	https://data2.dawateislami.net/Data/Books/Read/ur/2025/3522/bt3522.jpg	https://data2.dawateislami.net/Data/Books/Download/ur/pdf/2025/3522-1.pdf?fn=mahnama-faizan-e-madina-mar-2025		
??????? ?????? (??? ??????) ????-2025	Al Madina-tul-Ilmiyah	42	https://data2.dawateislami.net/Data/Books/Read/ur/2025/3519/bt3519.jpg	https://data2.dawateislami.net/Data/Books/Download/ur/pdf/2025/3519-1.pdf?fn=mahanama-khawateen-mar-2025		
????? ?????	Haji Abdul Habib Attari	268	https://data2.dawateislami.net/Data/Books/Read/ur/2025/3518/bt3518.jpg	https://data2.dawateislami.net/Data/Books/Download/ur/pdf/2025/3518-1.pdf?fn=tohfa-e-ramzan		
???? ??? ??? ?????? ??? ??? ?? ??????	Al Madina-tul-Ilmiyah	28	https://data2.dawateislami.net/Data/Books/Read/ur/2025/3517/bt3517.jpg	https://data2.dawateislami.net/Data/Books/Download/ur/pdf/2025/3517-1.pdf?fn=ulama-e-ahl-e-sunnat-ki-nazar-mein		
????? ????? ?? ???? ??? 15 ???? ????	Ameer-e-Ahl-e-Sunnat	14	https://data2.dawateislami.net/Data/Books/Read/ur/2025/3516/bt3516.jpg	https://data2.dawateislami.net/Data/Books/Download/ur/pdf/2025/3516-1.pdf?fn=meethi-cheezon-ke-bare-mein-15-sawal-jawab		
????? ????? ??????? ??? 2	Mufti Muhammad Qasim Attari	912	https://data2.dawateislami.net/Data/Books/Read/ur/2025/3515/bt3515.jpg	https://data2.dawateislami.net/Data/Books/Download/ur/pdf/2025/3515-1.pdf?fn=tafseer-taleem-ul-quran-jild-2		
????? ????? ??????? ??? 1	Mufti Muhammad Qasim Attari	792	https://data2.dawateislami.net/Data/Books/Read/ur/2025/3514/bt3514.jpg	https://data2.dawateislami.net/Data/Books/Download/ur/pdf/2025/3514-1.pdf?fn=tafseer-taleem-ul-quran-jild-1		
???? ????? ??? ????	Al Madina-tul-Ilmiyah	332	https://data2.dawateislami.net/Data/Books/Read/ur/2025/3513/bt3513.jpg	https://data2.dawateislami.net/Data/Books/Download/ur/pdf/2025/3513-1.pdf?fn=seerat-e-mustafa-jan-e-rehmat		
????? ???????  ?? 12 ?????? (???-1)	Al Madina-tul-Ilmiyah	339	https://data2.dawateislami.net/Data/Books/Read/ur/2025/3512/bt3512.jpg	https://data2.dawateislami.net/Data/Books/Download/ur/pdf/2025/3512-1.pdf?fn=ramzan-ul-mubarak-ke-12-bayanaat-hissa-1		
?????? ???? ???	Haji Abdul Habib Attari	226	https://data2.dawateislami.net/Data/Books/Read/ur/2025/3510/bt3510.jpg	https://data2.dawateislami.net/Data/Books/Download/ur/pdf/2025/3510-1.pdf?fn=faislon-wali-raat		
??????? ????? ????? ??????2025	Al Madina-tul-Ilmiyah	66	https://data2.dawateislami.net/Data/Books/Read/ur/2025/3509/bt3509.jpg	https://data2.dawateislami.net/Data/Books/Download/ur/pdf/2025/3509-1.pdf?fn=mahnama-faizan-e-madina-feb-2025		
????? ?????? ?? 12 ?????? (???-1)	Al Madina-tul-Ilmiyah	418	https://data2.dawateislami.net/Data/Books/Read/ur/2025/3508/bt3508.jpg	https://data2.dawateislami.net/Data/Books/Download/ur/pdf/2025/3508-1.pdf?fn=shaban-ul-muazzam-ke-12-bayanaat-hissa-1		
??????? ?????? (??? ??????) ?????-2025	Al Madina-tul-Ilmiyah	42	https://data2.dawateislami.net/Data/Books/Read/ur/2025/3507/bt3507.jpg	https://data2.dawateislami.net/Data/Books/Download/ur/pdf/2025/3507-1.pdf?fn=mahanama-khawateen-feb-2025		
????? ???? ????? ?????? ??? ???? ????	Al Madina-tul-Ilmiyah	22	https://data2.dawateislami.net/Data/Books/Read/ur/2025/3506/bt3506.jpg	https://data2.dawateislami.net/Data/Books/Download/ur/pdf/2025/3506-1.pdf?fn=faizan-e-syeda-fatima-tuz-zahra		
??????? ?? ??????	Ameer-e-Ahl-e-Sunnat	17	https://data2.dawateislami.net/Data/Books/Read/ur/2025/3505/bt3505.jpg	https://data2.dawateislami.net/Data/Books/Download/ur/pdf/2025/3505-1.pdf?fn=be-namazi-ki-sazayen		
??? ????? (??? 3)	Al Madina-tul-Ilmiyah	34	https://data2.dawateislami.net/Data/Books/Read/ur/2025/3504/bt3504.jpg	https://data2.dawateislami.net/Data/Books/Download/ur/pdf/2025/3504-1.pdf?fn=yaad-e-ramzan-qist-3		
????? ?????????? ?? 72 ???? ???? (???:2)	Al Madina-tul-Ilmiyah	17	https://data2.dawateislami.net/Data/Books/Read/ur/2025/3502/bt3502.jpg	https://data2.dawateislami.net/Data/Books/Download/ur/pdf/2025/3502-1.pdf?fn=tafseer-e-noor-ul-irfan-72-madani-phool-qist-2	https://data2.dawateislami.net/download/islam/ur/mp3/2025/157617.mp3	https://data2.dawateislami.net/download/islam/ur/mp3/2025/157617.mp3?fn=%D8%AA%D9%81%D8%B3%DB%8C%D8%B1%20%D9%86%D9%88%D8%B1%D8%A7%D9%84%D8%B9%D8%B1%D9%81%D8%A7%D9%86%20%D8%B3%DB%92%2072%20%D9%85%D8%AF%D9%86%DB%8C%20%D9%BE%DA%BE%D9%88%D9%84%20%28%D9%82%D8%B3%D8%B7%3A2%29.mp3
????? ????? ?? 12 ?????? (???-1)	Al Madina-tul-Ilmiyah	392	https://data2.dawateislami.net/Data/Books/Read/ur/2025/3503/bt3503.jpg	https://data2.dawateislami.net/Data/Books/Download/ur/pdf/2025/3503-1.pdf?fn=jamadi-ul-akhir-ke-12-bayanaat-hissa-1		
???? ?? ??? ???????	Ameer-e-Ahl-e-Sunnat	252	https://data2.dawateislami.net/Data/Books/Read/ur/2025/3501/bt3501.jpg	https://data2.dawateislami.net/Data/Books/Download/ur/pdf/2025/3501-1.pdf?fn=bacho-ki-sachi-kahaniyan		
????? ?????	Al Madina-tul-Ilmiyah	232	https://data2.dawateislami.net/Data/Books/Read/ur/2025/3500/bt3500.jpg	https://data2.dawateislami.net/Data/Books/Download/ur/pdf/2025/3500-1.pdf?fn=arkan-e-islam		
????? ???	Haji Abdul Habib Attari	253	https://data2.dawateislami.net/Data/Books/Read/ur/2025/3499/bt3499.jpg	https://data2.dawateislami.net/Data/Books/Download/ur/pdf/2025/3499-1.pdf?fn=faizan-e-rajab-2025		
?????? ????????? ??22??????	Al Madina-tul-Ilmiyah	28	https://data2.dawateislami.net/Data/Books/Read/ur/2025/3498/bt3498.jpg	https://data2.dawateislami.net/Data/Books/Download/ur/pdf/2025/3498-1.pdf?fn=aashiqan-e-durood-o-salam-ke-22-waqiyat		
??????? ????? ????? ??????2025	Al Madina-tul-Ilmiyah	66	https://data2.dawateislami.net/Data/Books/Read/ur/2025/3497/bt3497.jpg	https://data2.dawateislami.net/Data/Books/Download/ur/pdf/2025/3497-1.pdf?fn=mahnama-faizan-e-madina-jan-2025		
??????? ?????? (??? ??????) ?????-2025	Al Madina-tul-Ilmiyah	42	https://data2.dawateislami.net/Data/Books/Read/ur/2025/3496/bt3496.jpg	https://data2.dawateislami.net/Data/Books/Download/ur/pdf/2025/3496-1.pdf?fn=mahanama-khawateen-jan-2025		
????? ???? ?? ???? ??? ????? ????	Ameer-e-Ahl-e-Sunnat	21	https://data2.dawateislami.net/Data/Books/Read/ur/2025/3495/bt3495.jpg	https://data2.dawateislami.net/Data/Books/Download/ur/pdf/2025/3495-1.pdf?fn=bukhari-sharif-ki-pehli-aur-aakhri-hadees		
?????? ??? ??40?????	Al Madina-tul-Ilmiyah	42	https://data2.dawateislami.net/Data/Books/Read/ur/2024/3493/bt3493.jpg	https://data2.dawateislami.net/Data/Books/Download/ur/pdf/2024/3493-1.pdf?fn=buzurgan-e-deen-Ke-40-aqwaal		
???? ??? ?????? ???28 ???? ????	Ameer-e-Ahl-e-Sunnat	14	https://data2.dawateislami.net/Data/Books/Read/ur/2024/3492/bt3492.jpg	https://data2.dawateislami.net/Data/Books/Download/ur/pdf/2024/3492-1.pdf?fn=allah-pak-ke-bare-mein-28-sawal-jawab		
??? ?????? ?? 12 ?????? (???-1)	Al Madina-tul-Ilmiyah	426	https://data2.dawateislami.net/Data/Books/Read/ur/2024/3491/bt3491.jpg	https://data2.dawateislami.net/Data/Books/Download/ur/pdf/2024/3491-1.pdf?fn=rajab-ul-murajjab-ke-12-bayanaat-hissa-1		
????? ????? ?? 12 ?????? (???-1)	Al Madina-tul-Ilmiyah	399	https://data2.dawateislami.net/Data/Books/Read/ur/2024/3489/bt3489.jpg	https://data2.dawateislami.net/Data/Books/Download/ur/pdf/2024/3489-1.pdf?fn=jamadi-ul-awwal-ke-12-bayanaat-hissa-1		
??? ??? ? ??? ????	Al Madina-tul-Ilmiyah	205	https://data2.dawateislami.net/Data/Books/Read/ur/2024/3488/bt3488.jpg	https://data2.dawateislami.net/Data/Books/Download/ur/pdf/2024/3488-1.pdf?fn=yaar-e-ghar-o-yaar-e-mazar		
??? ?? ????? ?? ??? ???? ?? ??? ????? ??? ????? ????	Majlis-e-Ifta	46	https://data2.dawateislami.net/Data/Books/Read/ur/2024/3487/bt3487.jpg	https://data2.dawateislami.net/Data/Books/Download/ur/pdf/2024/3487-1.pdf?fn=badan-ko-najasat-se-pak-karne-ke-masle		
????? ?????????? ?? 92 ???? ???? (???:1)	Al Madina-tul-Ilmiyah	4	https://data2.dawateislami.net/Data/Books/Read/ur/2024/3486/bt3486.jpg	https://data2.dawateislami.net/Data/Books/Download/ur/pdf/2024/3486-1.pdf?fn=tafseer-e-noor-ul-irfan-92-madani-phool-qist-1	https://data2.dawateislami.net/download/islam/ur/mp3/2024/156245.mp3	https://data2.dawateislami.net/download/islam/ur/mp3/2024/156245.mp3?fn=%D8%AA%D9%81%D8%B3%DB%8C%D8%B1%20%D9%86%D9%88%D8%B1%D8%A7%D9%84%D8%B9%D8%B1%D9%81%D8%A7%D9%86%20%D8%B3%DB%92%2092%20%D9%85%D8%AF%D9%86%DB%8C%20%D9%BE%DA%BE%D9%88%D9%84%20%28%D9%82%D8%B3%D8%B7%3A1%29.mp3
???? ?? ???? ?? 52 ???? ????	Ameer-e-Ahl-e-Sunnat	14	https://data2.dawateislami.net/Data/Books/Read/ur/2024/3485/bt3485.jpg	https://data2.dawateislami.net/Data/Books/Download/ur/pdf/2024/3485-1.pdf?fn=neki-ki-dawat-se-52-madani-phool		
???? ?????	Al Madina-tul-Ilmiyah	25	https://data2.dawateislami.net/Data/Books/Read/ur/2024/3484/bt3484.jpg	https://data2.dawateislami.net/Data/Books/Download/ur/pdf/2024/3484-1.pdf?fn=chori-dakaiti		
12 ???? ??? (??????? ???????)	Markazi Majlis-e-Shoora	200	https://data2.dawateislami.net/Data/Books/Read/ur/2024/3483/bt3483.jpg	https://data2.dawateislami.net/Data/Books/Download/ur/pdf/2024/3483-1.pdf?fn=12-deeni-kaam-except-pakistan		
??????? ????? ????? ??????2024	Al Madina-tul-Ilmiyah	66	https://data2.dawateislami.net/Data/Books/Read/ur/2024/3482/bt3482.jpg	https://data2.dawateislami.net/Data/Books/Download/ur/pdf/2024/3482-1.pdf?fn=mahnama-faizan-e-madina-dec-2024		
??????? ?????? (??? ??????) ?????-2024	Al Madina-tul-Ilmiyah	42	https://data2.dawateislami.net/Data/Books/Read/ur/2024/3481/bt3481.jpg	https://data2.dawateislami.net/Data/Books/Download/ur/pdf/2024/3481-1.pdf?fn=mahanama-khawateen-dec-2024		
??? ?? ????? ?? ?????	Ameer-e-Ahl-e-Sunnat	14	https://data2.dawateislami.net/Data/Books/Read/ur/2024/3477/bt3477.jpg	https://data2.dawateislami.net/Data/Books/Download/ur/pdf/2024/3477-1.pdf?fn=moun-ki-safai-ke-faiday		
???? ?? ???? ?????? ??52 ???? ????	Ameer-e-Ahl-e-Sunnat	18	https://data2.dawateislami.net/Data/Books/Read/ur/2024/3475/bt3475.jpg	https://data2.dawateislami.net/Data/Books/Download/ur/pdf/2024/3475-1.pdf?fn=gheebat-ki-tabah-kariyan-se-52-madani-phool		
??? ?? ???? ??? ????? ???????	Al Madina-tul-Ilmiyah	28	https://data2.dawateislami.net/Data/Books/Read/ur/2024/3474/bt3474.jpg	https://data2.dawateislami.net/Data/Books/Download/ur/pdf/2024/3474-1.pdf?fn=jannat-ke-bare-mein-dilchasp-maloomat		
??????? ????? ????? ??????2024	Al Madina-tul-Ilmiyah	66	https://data2.dawateislami.net/Data/Books/Read/ur/2024/3471/bt3471.jpg	https://data2.dawateislami.net/Data/Books/Download/ur/pdf/2024/3471-1.pdf?fn=mahnama-faizan-e-madina-nov-2024		
12 ???? ??? (????)	Markazi Majlis-e-Shoora	632	https://data2.dawateislami.net/Data/Books/Read/ur/2024/3473/bt3473.jpg	https://data2.dawateislami.net/Data/Books/Download/ur/pdf/2024/3473-1.pdf?fn=12-deeni-kaam-mujjalad		
??????? ?????? (??? ??????) ?????-2024	Al Madina-tul-Ilmiyah	42	https://data2.dawateislami.net/Data/Books/Read/ur/2024/3472/bt3472.jpg	https://data2.dawateislami.net/Data/Books/Download/ur/pdf/2024/3472-1.pdf?fn=mahanama-khawateen-nov-2024		
????? ?????	Al Madina-tul-Ilmiyah	240	https://data2.dawateislami.net/Data/Books/Read/ur/2024/3470/bt3470.jpg	https://data2.dawateislami.net/Data/Books/Download/ur/pdf/2024/3470-1.pdf?fn=aadab-e-zindagi		
??? ????? ?? ?????	Al Madina-tul-Ilmiyah	16	https://data2.dawateislami.net/Data/Books/Read/ur/2024/3469/bt3469.jpg	https://data2.dawateislami.net/Data/Books/Download/ur/pdf/2024/3469-1.pdf?fn=fehm-e-quran-ke-zabtay		
????? ???? ???? ????? ????? ????? ???? ???? ????	Al Madina-tul-Ilmiyah	21	https://data2.dawateislami.net/Data/Books/Read/ur/2024/3468/bt3468.jpg	https://data2.dawateislami.net/Data/Books/Download/ur/pdf/2024/3468-1.pdf?fn=faizan-e-imam-jalaluddin-suyuti-shafai		
??? ??? ?? ???? ??? 22 ???? ????	Ameer-e-Ahl-e-Sunnat	23	https://data2.dawateislami.net/Data/Books/Read/ur/2024/3467/bt3467.jpg	https://data2.dawateislami.net/Data/Books/Download/ur/pdf/2024/3467-1.pdf?fn=ilm-e-deen-ke-baray-mein		
??????? 92 ????? ??? ?????	Ameer-e-Ahl-e-Sunnat	17	https://data2.dawateislami.net/Data/Books/Read/ur/2024/3455/bt3455.jpg	https://data2.dawateislami.net/Data/Books/Download/ur/pdf/2024/3455-1.pdf?fn=khane-ki-92-sunnatain-aur-aadaab		
?????? ????? ????	Al Madina-tul-Ilmiyah	366	https://data2.dawateislami.net/Data/Books/Read/ur/2024/3465/bt3465.jpg	https://data2.dawateislami.net/Data/Books/Download/ur/pdf/2024/3465-1.pdf?fn=mazameen-e-nigran-e-shura		
????? ??? ????	Al Madina-tul-Ilmiyah	121	https://data2.dawateislami.net/Data/Books/Read/ur/2024/3464/bt3464.jpg	https://data2.dawateislami.net/Data/Books/Download/ur/pdf/2024/3464-1.pdf?fn=faizan-e-ghouse-azam		
?????? ???? ?????	Al Madina-tul-Ilmiyah	432	https://data2.dawateislami.net/Data/Books/Read/ur/2024/3447/bt3447.jpg	https://data2.dawateislami.net/Data/Books/Download/ur/pdf/2024/3447-1.pdf?fn=bayanaat-seerat-e-mustafa		
????? ???? ?????? ??? 7	Markazi Majlis-e-Shoora	202	https://data2.dawateislami.net/Data/Books/Read/ur/2024/3463/bt3463.jpg	https://data2.dawateislami.net/Data/Books/Download/ur/pdf/2024/3463-1.pdf?fn=rasail-e-dawat-e-islami-jild-7		
????? ???? ?????? ??? 6	Markazi Majlis-e-Shoora	324	https://data2.dawateislami.net/Data/Books/Read/ur/2024/3462/bt3462.jpg	https://data2.dawateislami.net/Data/Books/Download/ur/pdf/2024/3462-1.pdf?fn=rasail-e-dawat-e-islami-jild-6		
????? ???? ?????? ??? 5	Markazi Majlis-e-Shoora	359	https://data2.dawateislami.net/Data/Books/Read/ur/2024/3461/bt3461.jpg	https://data2.dawateislami.net/Data/Books/Download/ur/pdf/2024/3461-1.pdf?fn=rasail-e-dawat-e-islami-jild-5		
????? ???? ?????? ??? 4	Markazi Majlis-e-Shoora	370	https://data2.dawateislami.net/Data/Books/Read/ur/2024/3460/bt3460.jpg	https://data2.dawateislami.net/Data/Books/Download/ur/pdf/2024/3460-1.pdf?fn=rasail-e-dawat-e-islami-jild-4		
????? ???? ?????? ??? 3	Markazi Majlis-e-Shoora	349	https://data2.dawateislami.net/Data/Books/Read/ur/2024/3459/bt3459.jpg	https://data2.dawateislami.net/Data/Books/Download/ur/pdf/2024/3459-1.pdf?fn=rasail-e-dawat-e-islami-jild-3		
????? ???? ?????? ??? 2	Markazi Majlis-e-Shoora	368	https://data2.dawateislami.net/Data/Books/Read/ur/2024/3458/bt3458.jpg	https://data2.dawateislami.net/Data/Books/Download/ur/pdf/2024/3458-1.pdf?fn=rasail-e-dawat-e-islami-jild-2		
????? ???? ?????? ??? 1	Markazi Majlis-e-Shoora	427	https://data2.dawateislami.net/Data/Books/Read/ur/2024/3457/bt3457.jpg	https://data2.dawateislami.net/Data/Books/Download/ur/pdf/2024/3457-1.pdf?fn=rasail-e-dawat-e-islami-jild-1		
???? ???? ? ?? ????? ??????	Al Madina-tul-Ilmiyah	76	https://data2.dawateislami.net/Data/Books/Read/ur/2024/3456/bt3456.jpg	https://data2.dawateislami.net/Data/Books/Download/ur/pdf/2024/3456-1.pdf?fn=rasoolullah-ki-mubarak-ghizaen		
????? ????? ???? ????	Mufti Muhammad Qasim Attari	37	https://data2.dawateislami.net/Data/Books/Read/ur/2024/3454/bt3454.jpg	https://data2.dawateislami.net/Data/Books/Download/ur/pdf/2024/3454-1.pdf?fn=iman-afroz-uswa-e-hasna		
????? ???? ?????	Al Madina-tul-Ilmiyah	186	https://data2.dawateislami.net/Data/Books/Read/ur/2024/3453/bt3453.jpg	https://data2.dawateislami.net/Data/Books/Download/ur/pdf/2024/3453-1.pdf?fn=faizan-e-muye-mubarak		
????? ??? ??? ???? ???? ???? ???? ??? ???? ??? ?????	Al Madina-tul-Ilmiyah	36	https://data2.dawateislami.net/Data/Books/Read/ur/2024/3452/bt3452.jpg	https://data2.dawateislami.net/Data/Books/Download/ur/pdf/2024/3452-1.pdf?fn=akhri-nabi-aik-azeem-sipah-salar		
??????? ????? ????? ???????2024	Al Madina-tul-Ilmiyah	66	https://data2.dawateislami.net/Data/Books/Read/ur/2024/3450/bt3450.jpg	https://data2.dawateislami.net/Data/Books/Download/ur/pdf/2024/3450-1.pdf?fn=mahnama-faizan-e-madina-oct-2024		
???? ??? ????? ?? ????	Ameer-e-Ahl-e-Sunnat	17	https://data2.dawateislami.net/Data/Books/Read/ur/2024/3451/bt3451.jpg	https://data2.dawateislami.net/Data/Books/Download/ur/pdf/2024/3451-1.pdf?fn=khof-e-khuda-walon-ki-namaz		
??????? ?????? (??? ??????) ??????-2024	Al Madina-tul-Ilmiyah	42	https://data2.dawateislami.net/Data/Books/Read/ur/2024/3449/bt3449.jpg	https://data2.dawateislami.net/Data/Books/Download/ur/pdf/2024/3449-1.pdf?fn=mahanama-khawateen-oct-2024		
??? ???? ????? ???? ????? ?? ???? ??? 16 ???? ????	Ameer-e-Ahl-e-Sunnat	14	https://data2.dawateislami.net/Data/Books/Read/ur/2024/3446/bt3446.jpg	https://data2.dawateislami.net/Data/Books/Download/ur/pdf/2024/3446-1.pdf?fn=sehat-achi-rakhnay-wali-ghizaon		
?????? ??? ???? ???? ???? ????	Ameer-e-Ahl-e-Sunnat	44	https://data2.dawateislami.net/Data/Books/Read/ur/2024/3445/bt3445.jpg	https://data2.dawateislami.net/Data/Books/Download/ur/pdf/2024/3445-1.pdf?fn=bayanaat-e-ghous-e-azam		
??? ???? ???? ???? ???? ?? ???? ? ?????	Ameer-e-Ahl-e-Sunnat	14	https://data2.dawateislami.net/Data/Books/Read/ur/2024/3444/bt3444.jpg	https://data2.dawateislami.net/Data/Books/Download/ur/pdf/2024/3444-1.pdf?fn=ghous-e-azam-ka-maqam-o-martaba		
??????? ????? ????? ??????2024	Al Madina-tul-Ilmiyah	66	https://data2.dawateislami.net/Data/Books/Read/ur/2024/3442/bt3442.jpg	https://data2.dawateislami.net/Data/Books/Download/ur/pdf/2024/3442-1.pdf?fn=mahnama-faizan-e-madina-sep-2024		
????? ???? ?? ???? ??? ????? ???????	Ameer-e-Ahl-e-Sunnat	21	https://data2.dawateislami.net/Data/Books/Read/ur/2024/3443/bt3443.jpg	https://data2.dawateislami.net/Data/Books/Download/ur/pdf/2024/3443-1.pdf?fn=roza-e-rasool-ke-baray-mein-dilchasp-maloomat		
??????? ?????? (??? ??????) ?????-2024	Al Madina-tul-Ilmiyah	42	https://data2.dawateislami.net/Data/Books/Read/ur/2024/3441/bt3441.jpg	https://data2.dawateislami.net/Data/Books/Download/ur/pdf/2024/3441-1.pdf?fn=mahanama-khawateen-sep-2024		
????? ???? ?????? (?????-2024)	Al Madina-tul-Ilmiyah	46	https://data2.dawateislami.net/Data/Books/Read/ur/2024/3440/bt3440.jpg	https://data2.dawateislami.net/Data/Books/Download/ur/pdf/2024/3440-1.pdf?fn=faizan-e-dawateislami-sep-2024		
????? ????? ?????? ?? ??? ????? ?????	Majlis-e-Ifta	29	https://data2.dawateislami.net/Data/Books/Read/ur/2024/3439/bt3439.jpg	https://data2.dawateislami.net/Data/Books/Download/ur/pdf/2024/3439-1.pdf?fn=fatwa-naweesi-seekhnay-ke-chand-rehnuma-usool		
?????? ???? ???:2	Ameer-e-Ahl-e-Sunnat	45	https://data2.dawateislami.net/Data/Books/Read/ur/2024/3438/bt3438.jpg	https://data2.dawateislami.net/Data/Books/Download/ur/pdf/2024/3438-1.pdf?fn=arbaeen-e-attar-qist-02		
???? ????? ??12?????? (???:1)	Al Madina-tul-Ilmiyah	417	https://data2.dawateislami.net/Data/Books/Read/ur/2024/3436/bt3436.jpg	https://data2.dawateislami.net/Data/Books/Download/ur/pdf/2024/3436-1.pdf?fn=rabi-ul-akhir-ke-12-bayanaat-hissa-1		
????? ???? ???? ?? ???? ???? ?????? ??? 14 ???? ????	Ameer-e-Ahl-e-Sunnat	2	https://data2.dawateislami.net/Data/Books/Read/ur/2024/3432/bt3432.jpg	https://data2.dawateislami.net/Data/Books/Download/ur/pdf/2024/3432-1.pdf?fn=mohabbat-e-rasool-ke-baray-mein-14-sawal-jawab	https://data2.dawateislami.net/download/islam/ur/mp3/2024/152472.mp3	https://data2.dawateislami.net/download/islam/ur/mp3/2024/152472.mp3?fn=%D8%A7%D9%85%DB%8C%D8%B1%D9%90%20%D8%A7%DB%81%D9%84%D9%90%20%D8%B3%D9%86%D9%91%D8%AA%20%D8%B3%DB%92%20%D9%85%D8%AD%D8%A8%D8%AA%20%D8%B1%D8%B3%D9%88%D9%84%20%DA%A9%DB%92%D8%A8%D8%A7%D8%B1%DB%92%20%D9%85%DB%8C%DA%BA%2014%20%D8%B3%D9%88%D8%A7%D9%84%20%D8%AC%D9%88%D8%A7%D8%A8.mp3
????? ??? ?? ??? ????? ?????	Ameer-e-Ahl-e-Sunnat	44	https://data2.dawateislami.net/Data/Books/Read/ur/2024/3431/bt3431.jpg	https://data2.dawateislami.net/Data/Books/Download/ur/pdf/2024/3431-1.pdf?fn=aakhri-nabi-ki-shan-bazuban-e-quran		
????? ??????? ????????	Al Madina-tul-Ilmiyah	288	https://data2.dawateislami.net/Data/Books/Read/ur/2024/3430/bt3430.jpg	https://data2.dawateislami.net/Data/Books/Download/ur/pdf/2024/3430-1.pdf?fn=meezan-ul-adyan-bil-islam		
???? ???? ?????	Rukn e Shura Abu Majid Muhammad Shahid Attari	58	https://data2.dawateislami.net/Data/Books/Read/ur/2024/3429/bt3429.jpg	https://data2.dawateislami.net/Data/Books/Download/ur/pdf/2024/3429-1.pdf?fn=hayat-e-muhaddis-ul-wari		
??????? ????? ????? ? ????2024	Al Madina-tul-Ilmiyah	66	https://data2.dawateislami.net/Data/Books/Read/ur/2024/3428/bt3428.jpg	https://data2.dawateislami.net/Data/Books/Download/ur/pdf/2024/3428-1.pdf?fn=mahnama-faizan-e-madina-aug-2024		
???? ?? ???? ?????? ??? ?? ?? ?????	Majlis-e-Ifta	69	https://data2.dawateislami.net/Data/Books/Read/ur/2024/3427/bt3427.jpg	https://data2.dawateislami.net/Data/Books/Download/ur/pdf/2024/3427-1.pdf?fn=juway-ki-raaij-soorten-aur-un-ke-ahkam		
??????? ?????? (??? ??????) ????-2024	Al Madina-tul-Ilmiyah	42	https://data2.dawateislami.net/Data/Books/Read/ur/2024/3426/bt3426.jpg	https://data2.dawateislami.net/Data/Books/Download/ur/pdf/2024/3426-1.pdf?fn=mahanama-khawateen-aug-2024		
?????? ??? ??? ???	Al Madina-tul-Ilmiyah	17	https://data2.dawateislami.net/Data/Books/Read/ur/2024/3424/bt3424.jpg	https://data2.dawateislami.net/Data/Books/Download/ur/pdf/2024/3424-1.pdf?fn=burhapay-mein-yaad-e-khuda		
????? ??? ???? ???????????	Ameer-e-Ahl-e-Sunnat	14	https://data2.dawateislami.net/Data/Books/Read/ur/2024/3423/bt3423.jpg	https://data2.dawateislami.net/Data/Books/Download/ur/pdf/2024/3423-1.pdf?fn=khane-mein-barkat-panay-ka-tarika		
????? ???? ???? ?? ?? ????? ?????? ??? 20 ???? ????	Ameer-e-Ahl-e-Sunnat	1	https://data2.dawateislami.net/Data/Books/Read/ur/2024/3422/bt3422.jpg	https://data2.dawateislami.net/Data/Books/Download/ur/pdf/2024/3422-1.pdf?fn=badshuguni-ke-baray-mein-20-sawal-jawab	https://data2.dawateislami.net/download/islam/ur/mp3/2024/151202.mp3	https://data2.dawateislami.net/download/islam/ur/mp3/2024/151202.mp3?fn=%D8%A7%D9%85%DB%8C%D8%B1%D9%90%20%D8%A7%DB%81%D9%84%D9%90%20%D8%B3%D9%86%D9%91%D8%AA%20%D8%B3%DB%92%20%D8%A8%D8%AF%20%D8%B4%DA%AF%D9%88%D9%86%DB%8C%20%DA%A9%DB%92%D8%A8%D8%A7%D8%B1%DB%92%20%D9%85%DB%8C%DA%BA%2020%20%D8%B3%D9%88%D8%A7%D9%84%20%D8%AC%D9%88%D8%A7%D8%A8.mp3
???? ????? ??12?????? (???:1)	Al Madina-tul-Ilmiyah	447	https://data2.dawateislami.net/Data/Books/Read/ur/2024/3421/bt3421.jpg	https://data2.dawateislami.net/Data/Books/Download/ur/pdf/2024/3421-1.pdf?fn=rabi-ul-awwal-ke-12-bayanaat-hissa-1		
??????? ??12?????? (???:1)	Al Madina-tul-Ilmiyah	400	https://data2.dawateislami.net/Data/Books/Read/ur/2024/3420/bt3420.jpg	https://data2.dawateislami.net/Data/Books/Download/ur/pdf/2024/3420-1.pdf?fn=saffar-ul-muzaffar-ke-12-bayanaat-hissa-1		
???? ?? ???? ????? ???? ?????	Ameer-e-Ahl-e-Sunnat	14	https://data2.dawateislami.net/Data/Books/Read/ur/2024/3419/bt3419.jpg	https://data2.dawateislami.net/Data/Books/Download/ur/pdf/2024/3419-1.pdf?fn=namaz-se-tawajo-hatane-wali-cheezein		
???? ?? ???? ???? ????	Ameer-e-Ahl-e-Sunnat	14	https://data2.dawateislami.net/Data/Books/Read/ur/2024/3418/bt3418.jpg	https://data2.dawateislami.net/Data/Books/Download/ur/pdf/2024/3418-1.pdf?fn=neki-ki-dawat-kese-dain		
???? ???? ?? 12 ?????? (???:1)	Al Madina-tul-Ilmiyah	375	https://data2.dawateislami.net/Data/Books/Read/ur/2024/3417/bt3417.jpg	https://data2.dawateislami.net/Data/Books/Download/ur/pdf/2024/3417-1.pdf?fn=muharram-shareef-ka-12-bayanaat		
??????? ????? ????? ???????2024	Al Madina-tul-Ilmiyah	66	https://data2.dawateislami.net/Data/Books/Read/ur/2024/3416/bt3416.jpg	https://data2.dawateislami.net/Data/Books/Download/ur/pdf/2024/3416-1.pdf?fn=mahnama-faizan-e-madina-july-2024		
???? ??? ???? ??????? ?????????	Rukn e Shura Abu Majid Muhammad Shahid Attari	276	https://data2.dawateislami.net/Data/Books/Read/ur/2024/3415/bt3415.jpg	https://data2.dawateislami.net/Data/Books/Download/ur/pdf/2024/3415-1.pdf?fn=shalamar-town-lahore-ka-yaadgar-safar		
??????? ??? ??? ????? ????? (???:???)	Al Madina-tul-Ilmiyah	32	https://data2.dawateislami.net/Data/Books/Read/ur/2024/3414/bt3414.jpg	https://data2.dawateislami.net/Data/Books/Download/ur/pdf/2024/3414-1.pdf?fn=ameer-e-ahle-sunnat-aur-tanzeem-e-sadaat-qist-1		
????? ??? ?? ????? ???	Ameer-e-Ahl-e-Sunnat	20	https://data2.dawateislami.net/Data/Books/Read/ur/2024/3413/bt3413.jpg	https://data2.dawateislami.net/Data/Books/Download/ur/pdf/2024/3413-1.pdf?fn=pyare-nabi-ki-pyari-aal		
????? ????? ???? ???? ???? ????	Al Madina-tul-Ilmiyah	24	https://data2.dawateislami.net/Data/Books/Read/ur/2024/3406/bt3406.jpg	https://data2.dawateislami.net/Data/Books/Download/ur/pdf/2024/3406-1.pdf?fn=faizan-e-maroof-karkhi		
??? ?????? ?????? ?? ?? ????? ???? ?	Al Madina-tul-Ilmiyah	21	https://data2.dawateislami.net/Data/Books/Read/ur/2024/3412/bt3412.jpg	https://data2.dawateislami.net/Data/Books/Download/ur/pdf/2024/3412-1.pdf?fn=agar-muashra-islami-hai-to-corruption-kyun		
??????? ?????? (??? ??????) ??????-2024	Al Madina-tul-Ilmiyah	42	https://data2.dawateislami.net/Data/Books/Read/ur/2024/3410/bt3410.jpg	https://data2.dawateislami.net/Data/Books/Download/ur/pdf/2024/3410-1.pdf?fn=mahanama-khawateen-july-2024		
??? ?????? ???? ????	Al Madina-tul-Ilmiyah	94	https://data2.dawateislami.net/Data/Books/Read/ur/2024/3405/bt3405.jpg	https://data2.dawateislami.net/Data/Books/Download/ur/pdf/2024/3405-1.pdf?fn=aao-masjidein-abad-karein		
??? ?? ??? ? ??? ?? ????? (?????)	Al Madina-tul-Ilmiyah	30	https://data2.dawateislami.net/Data/Books/Read/ur/2024/3403/bt3403.jpg	https://data2.dawateislami.net/Data/Books/Download/ur/pdf/2024/3403-1.pdf?fn=mayyat-ke-ghusl-o-kafan-ka-tariqa-shafai		
????? ???????	Al Madina-tul-Ilmiyah	17	https://data2.dawateislami.net/Data/Books/Read/ur/2024/3402/bt3402.jpg	https://data2.dawateislami.net/Data/Books/Download/ur/pdf/2024/3402-1.pdf?fn=faizan-e-abu-attar		
??????? ????? ????? ????2024	Al Madina-tul-Ilmiyah	66	https://data2.dawateislami.net/Data/Books/Read/ur/2024/3400/bt3400.jpg	https://data2.dawateislami.net/Data/Books/Download/ur/pdf/2024/3400-1.pdf?fn=mahnama-faizan-e-madina-june-2024		
??????? ??? ?? ???? ????? 1980 ?? ?????	Al Madina-tul-Ilmiyah	21	https://data2.dawateislami.net/Data/Books/Read/ur/2024/3401/bt3401.jpg	https://data2.dawateislami.net/Data/Books/Download/ur/pdf/2024/3401-1.pdf?fn=safar-e-madina-1980-se-wapsi		
??????? ?????? (??? ??????) ???-2024	Al Madina-tul-Ilmiyah	42	https://data2.dawateislami.net/Data/Books/Read/ur/2024/3399/bt3399.jpg	https://data2.dawateislami.net/Data/Books/Download/ur/pdf/2024/3399-1.pdf?fn=mahanama-khawateen-june-2024		
??????? ????? (??? 7)	Al Madina-tul-Ilmiyah	275	https://data2.dawateislami.net/Data/Books/Read/ur/2024/3398/bt3398.jpg	https://data2.dawateislami.net/Data/Books/Download/ur/pdf/2024/3398-1.pdf?fn=taleemat-e-quran-hissa-7		
??????? ????? (??? 6)	Al Madina-tul-Ilmiyah	363	https://data2.dawateislami.net/Data/Books/Read/ur/2024/3397/bt3397.jpg	https://data2.dawateislami.net/Data/Books/Download/ur/pdf/2024/3397-1.pdf?fn=taleemat-e-quran-hissa-6		
??????? ????? (??? 5)	Al Madina-tul-Ilmiyah	461	https://data2.dawateislami.net/Data/Books/Read/ur/2024/3396/bt3396.jpg	https://data2.dawateislami.net/Data/Books/Download/ur/pdf/2024/3396-1.pdf?fn=taleemat-e-quran-hissa-5		
????? ?????? ????? ?? ???? ?? ?????	Majlis-e-Ifta	241	https://data2.dawateislami.net/Data/Books/Read/ur/2024/3393/bt3393.jpg	https://data2.dawateislami.net/Data/Books/Download/ur/pdf/2024/3393-1.pdf?fn=fatawa-ahlesunnat-musafir-ki-namaz-ke-ahkam		
??????	Majlis-e-Ifta	415	https://data2.dawateislami.net/Data/Books/Read/ur/2024/3392/bt3392.jpg	https://data2.dawateislami.net/Data/Books/Download/ur/pdf/2024/3392-1.pdf?fn=ishariya		
???? ?? ?????? ?????	Al Madina-tul-Ilmiyah	45	https://data2.dawateislami.net/Data/Books/Read/ur/2024/3391/bt3391.jpg	https://data2.dawateislami.net/Data/Books/Download/ur/pdf/2024/3391-1.pdf?fn=bachon-ki-ikhlaqi-tarbiyat		
??? ?????? ?? ??? ????? ??17??????	Ameer-e-Ahl-e-Sunnat	17	https://data2.dawateislami.net/Data/Books/Read/ur/2024/3390/bt3390.jpg	https://data2.dawateislami.net/Data/Books/Download/ur/pdf/2024/3390-1.pdf?fn=sunni-aalimo-ke-makkay-madinay-ke-17-waqiyat		
???? ?? ????	Al Madina-tul-Ilmiyah	17	https://data2.dawateislami.net/Data/Books/Read/ur/2024/3389/bt3389.jpg	https://data2.dawateislami.net/Data/Books/Download/ur/pdf/2024/3389-1.pdf?fn=duniya-ki-mohabbat		
????? ?????	Ameer-e-Ahl-e-Sunnat	21	https://data2.dawateislami.net/Data/Books/Read/ur/2024/3387/bt3387.jpg	https://data2.dawateislami.net/Data/Books/Download/ur/pdf/2024/3387-1.pdf?fn=masjid-e-madina		
??? ??????? ??? ???? ???	Ameer-e-Ahl-e-Sunnat	17	https://data2.dawateislami.net/Data/Books/Read/ur/2024/3386/bt3386.jpg	https://data2.dawateislami.net/Data/Books/Download/ur/pdf/2024/3386-1.pdf?fn=kia-tangdasti-bhi-nemat-hai		
??????? ????? ????? ????2024 	Al Madina-tul-Ilmiyah	66	https://data2.dawateislami.net/Data/Books/Read/ur/2024/3385/bt3385.jpg	https://data2.dawateislami.net/Data/Books/Download/ur/pdf/2024/3385-1.pdf?fn=mahnama-faizan-e-madina-may-2024		
??????? ?????? (??? ??????) ???-2024	Al Madina-tul-Ilmiyah	42	https://data2.dawateislami.net/Data/Books/Read/ur/2024/3384/bt3384.jpg	https://data2.dawateislami.net/Data/Books/Download/ur/pdf/2024/3384-1.pdf?fn=mahanama-khawateen-may-2024		
???? ????? ???? ????	Ameer-e-Ahl-e-Sunnat	17	https://data2.dawateislami.net/Data/Books/Read/ur/2024/3383/bt3383.jpg	https://data2.dawateislami.net/Data/Books/Download/ur/pdf/2024/3383-1.pdf?fn=khushu-wa-khuzu-wali-namaz		
???? ??? ???	Ameer-e-Ahl-e-Sunnat	21	https://data2.dawateislami.net/Data/Books/Read/ur/2024/3381/bt3381.jpg	https://data2.dawateislami.net/Data/Books/Download/ur/pdf/2024/3381-1.pdf?fn=jahannam-kia-hai		
????? ???? ???? ?? ???? ?????? ??? 24 ???? ????	Ameer-e-Ahl-e-Sunnat	17	https://data2.dawateislami.net/Data/Books/Read/ur/2024/3382/bt3382.jpg	https://data2.dawateislami.net/Data/Books/Download/ur/pdf/2024/3382-1.pdf?fn=jhoot-ke-baray-mein-24-sawal-jawab		
107 ??????? ??? ?????	All Writers	17	https://data2.dawateislami.net/Data/Books/Read/ur/2024/3380/bt3380.jpg	https://data2.dawateislami.net/Data/Books/Download/ur/pdf/2024/3380-1.pdf?fn=107-sunnatain-aur-aadaab		
???? ???? ??? ?? 786 ???????	Al Madina-tul-Ilmiyah	108	https://data2.dawateislami.net/Data/Books/Read/ur/2024/3379/bt3379.jpg	https://data2.dawateislami.net/Data/Books/Download/ur/pdf/2024/3379-1.pdf?fn=ameer-ahl-e-sunnat-ki-786-nasihatain		
??????? ????? ????? ?????- 2024	Al Madina-tul-Ilmiyah	66	https://data2.dawateislami.net/Data/Books/Read/ur/2024/3376/bt3376.jpg	https://data2.dawateislami.net/Data/Books/Download/ur/pdf/2024/3376-1.pdf?fn=mahnama-faizan-e-madina-april-2024		
???????? ?? ????	Ameer-e-Ahl-e-Sunnat	29	https://data2.dawateislami.net/Data/Books/Read/ur/2024/3375/bt3375.jpg	https://data2.dawateislami.net/Data/Books/Download/ur/pdf/2024/3375-1.pdf?fn=narazion-ka-ilaj		
?????? ????	Ameer-e-Ahl-e-Sunnat	37	https://data2.dawateislami.net/Data/Books/Read/ur/2024/3196/bt3196.jpg	https://data2.dawateislami.net/Data/Books/Download/ur/pdf/2024/3196-1.pdf?fn=islami-parda		
??????? ?????? (??? ??????) ?????-2024	Al Madina-tul-Ilmiyah	42	https://data2.dawateislami.net/Data/Books/Read/ur/2024/3374/bt3374.jpg	https://data2.dawateislami.net/Data/Books/Download/ur/pdf/2024/3374-1.pdf?fn=mahanama-khawateen-april-2024		
??? ??????? ?? ????? ?? ?????	Ameer-e-Ahl-e-Sunnat	17	https://data2.dawateislami.net/Data/Books/Read/ur/2024/3373/bt3373.jpg	https://data2.dawateislami.net/Data/Books/Download/ur/pdf/2024/3373-1.pdf?fn=bani-israel-ki-tabahi-ke-asbab		
????? ?? ???? ??????	Ameer-e-Ahl-e-Sunnat	17	https://data2.dawateislami.net/Data/Books/Read/ur/2024/3372/bt3372.jpg	https://data2.dawateislami.net/Data/Books/Download/ur/pdf/2024/3372-1.pdf?fn=ganoon-ki-tabah-kariyan		
????? ???? ???? ?? ??? ?????? ??? 23 ???? ????	Ameer-e-Ahl-e-Sunnat	14	https://data2.dawateislami.net/Data/Books/Read/ur/2024/3371/bt3371.jpg	https://data2.dawateislami.net/Data/Books/Download/ur/pdf/2024/3371-1.pdf?fn=eid-ke-baray-mein-23-sawal-jawab		
?? ????? ???? (??? 1)	Al Madina-tul-Ilmiyah	17	https://data2.dawateislami.net/Data/Books/Read/ur/2024/3370/bt3370.jpg	https://data2.dawateislami.net/Data/Books/Download/ur/pdf/2024/3370-1.pdf?fn=ba-tasaweer-namaz-hissa-1		
???? ????? ?? ??????	Mufti Muhammad Qasim Attari	23	https://data2.dawateislami.net/Data/Books/Read/ur/2024/3369/bt3369.jpg	https://data2.dawateislami.net/Data/Books/Download/ur/pdf/2024/3369-1.pdf?fn=mah-e-ramzan-ki-duaein		
??? ???????? ?? ????? ??????	Rukn e Shura Abu Majid Muhammad Shahid Attari	107	https://data2.dawateislami.net/Data/Books/Read/ur/2024/3368/bt3368.jpg	https://data2.dawateislami.net/Data/Books/Download/ur/pdf/2024/3368-1.pdf?fn=zila-bahawalnagar-ka-taruf-o-asfaar		
??????? ?????? ?? 12 ???? ??????	Ameer-e-Ahl-e-Sunnat	14	https://data2.dawateislami.net/Data/Books/Read/ur/2024/3367/bt3367.jpg	https://data2.dawateislami.net/Data/Books/Download/ur/pdf/2024/3367-1.pdf?fn=ijtimai-itikaf-ki-12-madani-baharain		
???? ??? ??? ?? ?????? ?? ???? ??? 10 ???? ????	Ameer-e-Ahl-e-Sunnat	17	https://data2.dawateislami.net/Data/Books/Read/ur/2024/3366/bt3366.jpg	https://data2.dawateislami.net/Data/Books/Download/ur/pdf/2024/3366-1.pdf?fn=itikaf-ke-baray-mein-10-sawal-jawab		
????? ??? ???? ???? ???? ????	Al Madina-tul-Ilmiyah	25	https://data2.dawateislami.net/Data/Books/Read/ur/2024/3365/bt3365.jpg	https://data2.dawateislami.net/Data/Books/Download/ur/pdf/2024/3365-1.pdf?fn=faizan-e-siri-saqati		
???? ?????? ?????	Al Madina-tul-Ilmiyah	17	https://data2.dawateislami.net/Data/Books/Read/ur/2024/3363/bt3363.jpg	https://data2.dawateislami.net/Data/Books/Download/ur/pdf/2024/3363-1.pdf?fn=seerat-e-shahenshah-e-baghdad		
??????? ????? ????? ????- 2024	Al Madina-tul-Ilmiyah	66	https://data2.dawateislami.net/Data/Books/Read/ur/2024/3361/bt3361.jpg	https://data2.dawateislami.net/Data/Books/Download/ur/pdf/2024/3361-1.pdf?fn=mahnama-faizan-e-madina-march-2024		
??????? ?????? (??? ??????) ????-2024	Al Madina-tul-Ilmiyah	42	https://data2.dawateislami.net/Data/Books/Read/ur/2024/3360/bt3360.jpg	https://data2.dawateislami.net/Data/Books/Download/ur/pdf/2024/3360-1.pdf?fn=mahanama-khawateen-march-2024		
??? ???????	Ameer-e-Ahl-e-Sunnat	17	https://data2.dawateislami.net/Data/Books/Read/ur/2024/3358/bt3358.jpg	https://data2.dawateislami.net/Data/Books/Download/ur/pdf/2024/3358-1.pdf?fn=mout-ka-zaiqa		
??? ????? (??? 2)	Al Madina-tul-Ilmiyah	32	https://data2.dawateislami.net/Data/Books/Read/ur/2024/3359/bt3359.jpg	https://data2.dawateislami.net/Data/Books/Download/ur/pdf/2024/3359-1.pdf?fn=yaad-e-ramzan-qist-2		
???? ? ???? ?? ????? ? ?????	Majlis-e-Ifta	41	https://data2.dawateislami.net/Data/Books/Read/ur/2024/3357/bt3357.jpg	https://data2.dawateislami.net/Data/Books/Download/ur/pdf/2024/3357-1.pdf?fn=durood-o-salam-ke-fazail-o-barkat		
????? ???? ????? ?? ?????	Majlis-e-Ifta	93	https://data2.dawateislami.net/Data/Books/Read/ur/2024/3356/bt3356.jpg	https://data2.dawateislami.net/Data/Books/Download/ur/pdf/2024/3356-1.pdf?fn=deedar-e-bari-taala-ka-aqeedah		
???? (cheese) ?? ???? ???	Majlis-e-Ifta	17	https://data2.dawateislami.net/Data/Books/Read/ur/2024/3354/bt3354.jpg	https://data2.dawateislami.net/Data/Books/Download/ur/pdf/2024/3354-1.pdf?fn=paneer-cheese-ka-sharai-hukum		
????? ??? ?????? ???	Majlis-e-Ifta	40	https://data2.dawateislami.net/Data/Books/Read/ur/2024/3353/bt3353.jpg	https://data2.dawateislami.net/Data/Books/Download/ur/pdf/2024/3353-1.pdf?fn=aaiye-dua-mangte-hain		
?????? ???? ?? ???? ?? ????	Majlis-e-Ifta	2	https://data2.dawateislami.net/Data/Books/Read/ur/2024/3352/bt3352.jpg	https://data2.dawateislami.net/Data/Books/Download/ur/pdf/2024/3352-1.pdf?fn=asma-e-quran-se-quran-ki-azmat		
??? ?? ?????? ??????? ??? ?? ????	Al Madina-tul-Ilmiyah	30	https://data2.dawateislami.net/Data/Books/Read/ur/2024/3351/bt3351.jpg	https://data2.dawateislami.net/Data/Books/Download/ur/pdf/2024/3351-1.pdf?fn=makkay-ki-ziyaratain-ameer-ahl-e-sunnat-ke-sath		
????? ?? ???? ??? 25 ???? ????	Al Madina-tul-Ilmiyah	17	https://data2.dawateislami.net/Data/Books/Read/ur/2024/3350/bt3350.jpg	https://data2.dawateislami.net/Data/Books/Download/ur/pdf/2024/3350-1.pdf?fn=sadqaat-ke-baray-mein-25-sawal-jawab		
??????? ?????? (??? ??????) ?????-2024	Al Madina-tul-Ilmiyah	42	https://data2.dawateislami.net/Data/Books/Read/ur/2024/3349/bt3349.jpg	https://data2.dawateislami.net/Data/Books/Download/ur/pdf/2024/3349-1.pdf?fn=mahanama-khawateen-february-2024		
???? ?? ??? ??????	Al Madina-tul-Ilmiyah	60	https://data2.dawateislami.net/Data/Books/Read/ur/2024/3348/bt3348.jpg	https://data2.dawateislami.net/Data/Books/Download/ur/pdf/2024/3348-1.pdf?fn=nazim-ki-zimmedari		
???? ??? ???? ????	Mufti Muhammad Qasim Attari	2	https://data2.dawateislami.net/Data/Books/Read/ur/2024/3347/bt3347.jpg	https://data2.dawateislami.net/Data/Books/Download/ur/pdf/2024/3347-1.pdf?fn=durood-aur-ayat-e-durood		
????? ????? ?? ???? ?? ???? ???	Majlis-e-Ifta	34	https://data2.dawateislami.net/Data/Books/Read/ur/2024/3346/bt3346.jpg	https://data2.dawateislami.net/Data/Books/Download/ur/pdf/2024/3346-1.pdf?fn=baghat-thekay-par-dene-ka-sharai-hukum		
????? ???? ???? ???? ???? ????	Ameer-e-Ahl-e-Sunnat	14	https://data2.dawateislami.net/Data/Books/Read/ur/2024/3345/bt3345.jpg	https://data2.dawateislami.net/Data/Books/Download/ur/pdf/2024/3345-1.pdf?fn=faizan-e-ghareeb-nawaz		
???? ???? ??? ???????? ??	Al Madina-tul-Ilmiyah	23	https://data2.dawateislami.net/Data/Books/Read/ur/2024/3344/bt3344.jpg	https://data2.dawateislami.net/Data/Books/Download/ur/pdf/2024/3344-1.pdf?fn=imam-ahmed-raza-dar-e-khuwaja-per		
??????? ????? ????? ?????- 2024	Al Madina-tul-Ilmiyah	68	https://data2.dawateislami.net/Data/Books/Read/ur/2024/3337/bt3337.jpg	https://data2.dawateislami.net/Data/Books/Download/ur/pdf/2024/3337-1.pdf?fn=mahnama-faizan-e-madina-feb-2024		
????? ???? ?????? ???? ???? ????	Al Madina-tul-Ilmiyah	29	https://data2.dawateislami.net/Data/Books/Read/ur/2024/3336/bt3336.jpg	https://data2.dawateislami.net/Data/Books/Download/ur/pdf/2024/3336-1.pdf?fn=faizan-e-junaid-baghdadi		
??????? ?? ???? ??? 13 ???? ????	Al Madina-tul-Ilmiyah	14	https://data2.dawateislami.net/Data/Books/Read/ur/2024/3335/bt3335.jpg	https://data2.dawateislami.net/Data/Books/Download/ur/pdf/2024/3335-1.pdf?fn=karobar-ke-baray-mein-13-sawal-jawab		
??????? ???? ?????? ???? ???? ????	Al Madina-tul-Ilmiyah	17	https://data2.dawateislami.net/Data/Books/Read/ur/2024/3334/bt3334.jpg	https://data2.dawateislami.net/Data/Books/Download/ur/pdf/2024/3334-1.pdf?fn=irshadat-e-junaid-baghdadi		
??????? ????? ????? ?????- 2024	Al Madina-tul-Ilmiyah	66	https://data2.dawateislami.net/Data/Books/Read/ur/2024/3333/bt3333.jpg	https://data2.dawateislami.net/Data/Books/Download/ur/pdf/2024/3333-1.pdf?fn=mahnama-faizan-e-madina-jan-2024		
??????? ?????? (??? ??????) ?????-2024	Al Madina-tul-Ilmiyah	42	https://data2.dawateislami.net/Data/Books/Read/ur/2024/3332/bt3332.jpg	https://data2.dawateislami.net/Data/Books/Download/ur/pdf/2024/3332-1.pdf?fn=mahanama-khawateen-january-2024		
???? ?? ????	Ameer-e-Ahl-e-Sunnat	17	https://data2.dawateislami.net/Data/Books/Read/ur/2023/3327/bt3327.jpg	https://data2.dawateislami.net/Data/Books/Download/ur/pdf/2023/3327-1.pdf?fn=sharab-ki-bottle		
?? ????? ???? (??? 3)	Al Madina-tul-Ilmiyah	23	https://data2.dawateislami.net/Data/Books/Read/ur/2023/3324/bt3324.jpg	https://data2.dawateislami.net/Data/Books/Download/ur/pdf/2023/3324-1.pdf?fn=baatsaweer-namaz		
??????? ??????	Al Madina-tul-Ilmiyah	164	https://data2.dawateislami.net/Data/Books/Read/ur/2023/3323/bt3323.jpg	https://data2.dawateislami.net/Data/Books/Download/ur/pdf/2023/3323-1.pdf?fn=ba-karamat-khawateen		
??????? ????? ????? ?????- 2023	Al Madina-tul-Ilmiyah	66	https://data2.dawateislami.net/Data/Books/Read/ur/2023/3322/bt3322.jpg	https://data2.dawateislami.net/Data/Books/Download/ur/pdf/2023/3322-1.pdf?fn=mahnama-faizan-e-madina-dec-2023		
??????? ??? ?? 113 ???????	Al Madina-tul-Ilmiyah	14	https://data2.dawateislami.net/Data/Books/Read/ur/2023/3321/bt3321.jpg	https://data2.dawateislami.net/Data/Books/Download/ur/pdf/2023/3321-1.pdf?fn=ameer-e-ahle-sunnat-ke-113-irshadat		
??? ?? ???????	Ameer-e-Ahl-e-Sunnat	17	https://data2.dawateislami.net/Data/Books/Read/ur/2023/3320/bt3320.jpg	https://data2.dawateislami.net/Data/Books/Download/ur/pdf/2023/3320-1.pdf?fn=maa-ka-pachtawa		
?????? ?? ???? ??? 15 ???? ????	Al Madina-tul-Ilmiyah	14	https://data2.dawateislami.net/Data/Books/Read/ur/2023/3319/bt3319.jpg	https://data2.dawateislami.net/Data/Books/Download/ur/pdf/2023/3319-1.pdf?fn=mulazmat-ke-baray-mein-15-sawal-jawab		
??????? ?????? (??? ??????) ?????-2023	Al Madina-tul-Ilmiyah	42	https://data2.dawateislami.net/Data/Books/Read/ur/2023/3317/bt3317.jpg	https://data2.dawateislami.net/Data/Books/Download/ur/pdf/2023/3317-1.pdf?fn=mahanama-khawateen-december-2023		
??? ??? ???? ???? ???? ????	Al Madina-tul-Ilmiyah	21	https://data2.dawateislami.net/Data/Books/Read/ur/2023/3316/bt3316.jpg	https://data2.dawateislami.net/Data/Books/Download/ur/pdf/2023/3316-1.pdf?fn=shan-e-ghous-e-azam		
????? ???????	Majlis e Tauqeet	33	https://data2.dawateislami.net/Data/Books/Read/ur/2023/3314/bt3314.jpg	https://data2.dawateislami.net/Data/Books/Download/ur/pdf/2023/3314-1.pdf?fn=hidayat-ul-taqweem		
????? ???????	Majlis e Tauqeet	96	https://data2.dawateislami.net/Data/Books/Read/ur/2023/3313/bt3313.jpg	https://data2.dawateislami.net/Data/Books/Download/ur/pdf/2023/3313-1.pdf?fn=nawadir-ul-tauqeet		
????? ????? (???? ???? ?? ???????)	Majlis e Tauqeet	358	https://data2.dawateislami.net/Data/Books/Read/ur/2023/3312/bt3312.jpg	https://data2.dawateislami.net/Data/Books/Download/ur/pdf/2023/3312-1.pdf?fn=muntakab-abwab		
???? ???????	Majlis e Tauqeet	32	https://data2.dawateislami.net/Data/Books/Read/ur/2023/3311/bt3311.jpg	https://data2.dawateislami.net/Data/Books/Download/ur/pdf/2023/3311-1.pdf?fn=moazzin-ul-auqaat		
???? ???????	Majlis e Tauqeet	79	https://data2.dawateislami.net/Data/Books/Read/ur/2023/3310/bt3310.jpg	https://data2.dawateislami.net/Data/Books/Download/ur/pdf/2023/3310-1.pdf?fn=minar-ul-tauqeet		
????? ???????	Majlis e Tauqeet	388	https://data2.dawateislami.net/Data/Books/Read/ur/2023/3309/bt3309.jpg	https://data2.dawateislami.net/Data/Books/Download/ur/pdf/2023/3309-1.pdf?fn=miftah-ul-taqweem		
??? ? ???	Majlis e Tauqeet	34	https://data2.dawateislami.net/Data/Books/Read/ur/2023/3308/bt3308.jpg	https://data2.dawateislami.net/Data/Books/Download/ur/pdf/2023/3308-1.pdf?fn=subah-o-shafaq		
??? ??????	Majlis e Tauqeet	98	https://data2.dawateislami.net/Data/Books/Read/ur/2023/3306/bt3306.jpg	https://data2.dawateislami.net/Data/Books/Download/ur/pdf/2023/3306-1.pdf?fn=salm-ul-sama		
????? ???????	Majlis e Tauqeet	116	https://data2.dawateislami.net/Data/Books/Read/ur/2023/3305/bt3305.jpg	https://data2.dawateislami.net/Data/Books/Download/ur/pdf/2023/3305-1.pdf?fn=tauzeeh-ul-tauqeet		
??? ?????	Majlis e Tauqeet	11	https://data2.dawateislami.net/Data/Books/Read/ur/2023/3304/bt3304.jpg	https://data2.dawateislami.net/Data/Books/Download/ur/pdf/2023/3304-1.pdf?fn=taj-e-tauqeet		
???? ???	Majlis e Tauqeet	166	https://data2.dawateislami.net/Data/Books/Read/ur/2023/3303/bt3303.jpg	https://data2.dawateislami.net/Data/Books/Download/ur/pdf/2023/3303-1.pdf?fn=qibla-numa		
??????? ????? ????? ?????- 2023	Al Madina-tul-Ilmiyah	66	https://data2.dawateislami.net/Data/Books/Read/ur/2023/3302/bt3302.jpg	https://data2.dawateislami.net/Data/Books/Download/ur/pdf/2023/3302-1.pdf?fn=mahnama-faizan-e-madina-nov-2023		
??? ?? ????? ????	Ameer-e-Ahl-e-Sunnat	17	https://data2.dawateislami.net/Data/Books/Read/ur/2023/3301/bt3301.jpg	https://data2.dawateislami.net/Data/Books/Download/ur/pdf/2023/3301-1.pdf?fn=qabar-ki-hoolnakiyan		
??????? ?????? (??? ??????) ?????-2023	Al Madina-tul-Ilmiyah	42	https://data2.dawateislami.net/Data/Books/Read/ur/2023/3300/bt3300.jpg	https://data2.dawateislami.net/Data/Books/Download/ur/pdf/2023/3300-1.pdf?fn=mahanama-khawateen-november-2023		
????? ????? ??? ???? ???? ???? ???? ???? ?? ???? ????	Majlis-e-Ifta	283	https://data2.dawateislami.net/Data/Books/Read/ur/2023/3298/bt3298.jpg	https://data2.dawateislami.net/Data/Books/Download/ur/pdf/2023/3298-1.pdf?fn=mafhoom-e-faqahat		
103 ??????? ??? ?????	Ameer-e-Ahl-e-Sunnat	17	https://data2.dawateislami.net/Data/Books/Read/ur/2023/3296/bt3296.jpg	https://data2.dawateislami.net/Data/Books/Download/ur/pdf/2023/3296-1.pdf?fn=103-sunnatain-aur-aadaab		
????? ????? ??????? ? ????? ???????	Al Madina-tul-Ilmiyah	14	https://data2.dawateislami.net/Data/Books/Read/ur/2023/3295/bt3295.jpg	https://data2.dawateislami.net/Data/Books/Download/ur/pdf/2023/3295-1.pdf?fn=faizan-e-jamadi-ul-awwal-o-jamadi-ul-akhir		
???? ????? ?? ????? ?? ?????	Ameer-e-Ahl-e-Sunnat	25	https://data2.dawateislami.net/Data/Books/Read/ur/2023/3294/bt3294.jpg	https://data2.dawateislami.net/Data/Books/Download/ur/pdf/2023/3294-1.pdf?fn=deeni-mahool-se-rokne-ka-nuqsan		
??????? ??? ?? 121 ???????	Al Madina-tul-Ilmiyah	14	https://data2.dawateislami.net/Data/Books/Read/ur/2023/3293/bt3293.jpg	https://data2.dawateislami.net/Data/Books/Download/ur/pdf/2023/3293-1.pdf?fn=ameer-e-ahl-e-sunnat-kay-121-irshadat		
?????? ?? ?????	Al Madina-tul-Ilmiyah	268	https://data2.dawateislami.net/Data/Books/Read/ur/2023/3292/bt3292.jpg	https://data2.dawateislami.net/Data/Books/Download/ur/pdf/2023/3292-1.pdf?fn=buzurgon-kay-aqeeday		
??? ??? ???? ???? ???? ?? ??? ??? ???	Ameer-e-Ahl-e-Sunnat	17	https://data2.dawateislami.net/Data/Books/Read/ur/2023/3291/bt3291.jpg	https://data2.dawateislami.net/Data/Books/Download/ur/pdf/2023/3291-1.pdf?fn=ghous-e-pak-ka-shoq-e-ilm-e-deen		
??????? ????? ????? ?????? - 2023	Al Madina-tul-Ilmiyah	65	https://data2.dawateislami.net/Data/Books/Read/ur/2023/3290/bt3290.jpg	https://data2.dawateislami.net/Data/Books/Download/ur/pdf/2023/3290-1.pdf?fn=mahnama-faizan-e-madina-oct-2023		
???? ??? ??? ?? ????? ?? ???? ??? 10 ???? ????	Al Madina-tul-Ilmiyah	16	https://data2.dawateislami.net/Data/Books/Read/ur/2023/3289/bt3289.jpg	https://data2.dawateislami.net/Data/Books/Download/ur/pdf/2023/3289-1.pdf?fn=science-ke-baray-mein-10-sawal-jawab		
????? ??? ??? ???? ???? ???? ???? ?? ?????? ?? ????	Al Madina-tul-Ilmiyah	88	https://data2.dawateislami.net/Data/Books/Read/ur/2023/3286/bt3286.jpg	https://data2.dawateislami.net/Data/Books/Download/ur/pdf/2023/3286-1.pdf?fn=akhri-nabi-ke-waldein-karimin		
??????? ?????? (??? ??????) ??????-2023	Al Madina-tul-Ilmiyah	42	https://data2.dawateislami.net/Data/Books/Read/ur/2023/3285/bt3285.jpg	https://data2.dawateislami.net/Data/Books/Download/ur/pdf/2023/3285-1.pdf?fn=mahanama-khawateen-october-2023		
???? ????? ????? ?? 26 ????? ?????	Al Madina-tul-Ilmiyah	7	https://data2.dawateislami.net/Data/Books/Read/ur/2023/3284/bt3284.jpg	https://data2.dawateislami.net/Data/Books/Download/ur/pdf/2023/3284-1.pdf?fn=jashn-e-wiladat-manane-ke-26-munfarid-tariqe		
??? ??? ??? ??? ???? ???? ???? ???? ?? (?? 8 ?????? ??? ???? ???? ???? ????)	Ameer-e-Ahl-e-Sunnat	28	https://data2.dawateislami.net/Data/Books/Read/ur/2023/3283/bt3283.jpg	https://data2.dawateislami.net/Data/Books/Download/ur/pdf/2023/3283-1.pdf?fn=wah-kia-baat-ghous-e-azam-ki		
????? ??? ????? ???? ???? ????	Al Madina-tul-Ilmiyah	72	https://data2.dawateislami.net/Data/Books/Read/ur/2023/3280/bt3280.jpg	https://data2.dawateislami.net/Data/Books/Download/ur/pdf/2023/3280-1.pdf?fn=faizan-e-shair-e-rabbani		
?????? ????	Al Madina-tul-Ilmiyah	42	https://data2.dawateislami.net/Data/Books/Read/ur/2023/3277/bt3277.jpg	https://data2.dawateislami.net/Data/Books/Download/ur/pdf/2023/3277-1.pdf?fn=arbaeen-e-attar		
????? ???? ?????? (?????-2023)	Al Madina-tul-Ilmiyah	42	https://data2.dawateislami.net/Data/Books/Read/ur/2023/3276/bt3276.jpg	https://data2.dawateislami.net/Data/Books/Download/ur/pdf/2023/3276-1.pdf?fn=faizan-e-dawat-e-islami-sep-2023		
?????? ??? ????	Al Madina-tul-Ilmiyah	19	https://data2.dawateislami.net/Data/Books/Read/ur/2023/3275/bt3275.jpg	https://data2.dawateislami.net/Data/Books/Download/ur/pdf/2023/3275-1.pdf?fn=arbaeen-e-khatm-e-nabuwwat		
??????? ????? ????? ????? - 2023	Al Madina-tul-Ilmiyah	66	https://data2.dawateislami.net/Data/Books/Read/ur/2023/3274/bt3274.jpg	https://data2.dawateislami.net/Data/Books/Download/ur/pdf/2023/3274-1.pdf?fn=mahnama-faizan-e-madina-sep-2023		
???? ????? ?? ????? (???:8)	Al Madina-tul-Ilmiyah	584	https://data2.dawateislami.net/Data/Books/Read/ur/2023/3272/bt3272.jpg	https://data2.dawateislami.net/Data/Books/Download/ur/pdf/2023/3272-1.pdf?fn=allah-walon-ki-baatein-jild-8		
??????? ?????? (??? ??????) ?????-2023	Al Madina-tul-Ilmiyah	42	https://data2.dawateislami.net/Data/Books/Read/ur/2023/3271/bt3271.jpg	https://data2.dawateislami.net/Data/Books/Download/ur/pdf/2023/3271-1.pdf?fn=mahanama-khawateen-september-2023		
???? ????? ?? ????? (???:10)	Al Madina-tul-Ilmiyah	696	https://data2.dawateislami.net/Data/Books/Read/ur/2023/3266/bt3266.jpg	https://data2.dawateislami.net/Data/Books/Download/ur/pdf/2023/3266-1.pdf?fn=allah-walon-ki-baatein-jild-10		
???? ????? ?? ????? (???:9)	Al Madina-tul-Ilmiyah	640	https://data2.dawateislami.net/Data/Books/Read/ur/2023/3265/bt3265.jpg	https://data2.dawateislami.net/Data/Books/Download/ur/pdf/2023/3265-1.pdf?fn=allah-walon-ki-baatein-jild-9		
?????? ????? ???????? ??? ????	Al Madina-tul-Ilmiyah	756	https://data2.dawateislami.net/Data/Books/Read/ur/2023/3264/bt3264.jpg	https://data2.dawateislami.net/Data/Books/Download/ur/pdf/2023/3264-1.pdf?fn=faizan-e-riaz-us-saliheen-jild-7		
??? ?????? ??? ?????	Al Madina-tul-Ilmiyah	898	https://data2.dawateislami.net/Data/Books/Read/ur/2023/3263/bt3263.jpg	https://data2.dawateislami.net/Data/Books/Download/ur/pdf/2023/3263-1.pdf?fn=qoot-ul-quloob-jild-4		
??? ?????? ??? ???	Al Madina-tul-Ilmiyah	568	https://data2.dawateislami.net/Data/Books/Read/ur/2023/3262/bt3262.jpg	https://data2.dawateislami.net/Data/Books/Download/ur/pdf/2023/3262-1.pdf?fn=qoot-ul-quloob-jild-3		
??????? ???? ??? ???? ????? ????? ????	Al Madina-tul-Ilmiyah	16	https://data2.dawateislami.net/Data/Books/Read/ur/2023/3261/bt3261.jpg	https://data2.dawateislami.net/Data/Books/Download/ur/pdf/2023/3261-1.pdf?fn=irshadat-e-hazrat-sari-saqti		
???? ??? ?? ?????	Al Madina-tul-Ilmiyah	17	https://data2.dawateislami.net/Data/Books/Read/ur/2023/3260/bt3260.jpg	https://data2.dawateislami.net/Data/Books/Download/ur/pdf/2023/3260-1.pdf?fn=durood-pak-ke-fazail		
????? ?? ????????? ????? ?????	Al Madina-tul-Ilmiyah	22	https://data2.dawateislami.net/Data/Books/Read/ur/2023/3259/bt3259.jpg	https://data2.dawateislami.net/Data/Books/Download/ur/pdf/2023/3259-1.pdf?fn=faizan-e-umm-e-attar		
???? ??? ??? ?? ????? ????? ?? ???? ??? ???? ????	Al Madina-tul-Ilmiyah	14	https://data2.dawateislami.net/Data/Books/Read/ur/2023/3256/bt3256.jpg	https://data2.dawateislami.net/Data/Books/Download/ur/pdf/2023/3256-1.pdf?fn=tilawat-e-quran-ke-baray-mein-sawal-jawab	https://data2.dawateislami.net/download/islam/ur/mp3/2023/134410.mp3	https://data2.dawateislami.net/download/islam/ur/mp3/2023/134410.mp3?fn=%D8%A7%D9%85%DB%8C%D8%B1%20%D8%A7%DB%81%D9%84%20%D8%B3%D9%86%D8%AA%20%D8%B3%DB%92%20%D8%AA%D9%84%D8%A7%D9%88%D8%AA%20%D9%82%D8%B1%D8%A7%D9%93%D9%86%20%DA%A9%DB%92%20%D8%A8%D8%A7%D8%B1%DB%92%20%D9%85%DB%8C%DA%BA%20%D8%B3%D9%88%D8%A7%D9%84%20%D8%AC%D9%88%D8%A7%D8%A8.mp3
??????? ????? ????? ???? - 2023	Al Madina-tul-Ilmiyah	66	https://data2.dawateislami.net/Data/Books/Read/ur/2023/3252/bt3252.jpg	https://data2.dawateislami.net/Data/Books/Download/ur/pdf/2023/3252-1.pdf?fn=mahnama-faizan-e-madina-aug-2023		
??????? ?????? (??? ??????) ????-2023	Al Madina-tul-Ilmiyah	42	https://data2.dawateislami.net/Data/Books/Read/ur/2023/3251/bt3251.jpg	https://data2.dawateislami.net/Data/Books/Download/ur/pdf/2023/3251-1.pdf?fn=mahanama-khawateen-august-2023		
?????? ?? ??????	Al Madina-tul-Ilmiyah	136	https://data2.dawateislami.net/Data/Books/Read/ur/2023/3249/bt3249.jpg	https://data2.dawateislami.net/Data/Books/Download/ur/pdf/2023/3249-1.pdf?fn=naikiyon-ke-sawabat		
12 ???? ????? ?? ???????	Al Madina-tul-Ilmiyah	22	https://data2.dawateislami.net/Data/Books/Read/ur/2023/3244/bt3244.jpg	https://data2.dawateislami.net/Data/Books/Download/ur/pdf/2023/3244-1.pdf?fn=12-deeni-kamoon-ki-targhebat		
????? ????? ?? ????? ? ?????	Al Madina-tul-Ilmiyah	80	https://data2.dawateislami.net/Data/Books/Read/ur/2023/3247/bt3247.jpg	https://data2.dawateislami.net/Data/Books/Download/ur/pdf/2023/3247-1.pdf?fn=auraq-e-muqaddasa-ke-aadab-o-masail		
??? ????? ????? ????? ???	Al Madina-tul-Ilmiyah	9	https://data2.dawateislami.net/Data/Books/Read/ur/2023/3246/bt3246.jpg	https://data2.dawateislami.net/Data/Books/Download/ur/pdf/2023/3246-1.pdf?fn=ilm-e-tafseer-asan-lafzon-mein		
????? ???? ?? ??? ?? ???? ????	Al Madina-tul-Ilmiyah	19	https://data2.dawateislami.net/Data/Books/Read/ur/2023/3242/bt3242.jpg	https://data2.dawateislami.net/Data/Books/Download/ur/pdf/2023/3242-1.pdf?fn=nigran-e-shura-ki-tarf-se-madani-phool		
??????? ????? ????? ??????- 2023	Al Madina-tul-Ilmiyah	66	https://data2.dawateislami.net/Data/Books/Read/ur/2023/3241/bt3241.jpg	https://data2.dawateislami.net/Data/Books/Download/ur/pdf/2023/3241-1.pdf?fn=mahnama-faizan-e-madina-july-2023		
??????? ?????? (??? ??????) ??????-2023	Al Madina-tul-Ilmiyah	42	https://data2.dawateislami.net/Data/Books/Read/ur/2023/3239/bt3239.jpg	https://data2.dawateislami.net/Data/Books/Download/ur/pdf/2023/3239-1.pdf?fn=mahanama-khawateen-july-2023		
?????? ??5 ?????? ???????	Ameer-e-Ahl-e-Sunnat	17	https://data2.dawateislami.net/Data/Books/Read/ur/2023/3237/bt3237.jpg	https://data2.dawateislami.net/Data/Books/Download/ur/pdf/2023/3237-1.pdf?fn=gunahon-ke-5-dunyawi-nuqsanat		
??????? ??? ?? 130 ???????	Al Madina-tul-Ilmiyah	14	https://data2.dawateislami.net/Data/Books/Read/ur/2023/3236/bt3236.jpg	https://data2.dawateislami.net/Data/Books/Download/ur/pdf/2023/3236-1.pdf?fn=ameer-e-ahl-e-sunnat-ke-130-irshadat		
??? ??? ? ?????	Al Madina-tul-Ilmiyah	34	https://data2.dawateislami.net/Data/Books/Read/ur/2023/3235/bt3235.jpg	https://data2.dawateislami.net/Data/Books/Download/ur/pdf/2023/3235-1.pdf?fn=yaad-e-makkah-o-madina		
?????? ???? ????? ???? ???? ???? ????? ????	Al Madina-tul-Ilmiyah	17	https://data2.dawateislami.net/Data/Books/Read/ur/2023/3233/bt3233.jpg	https://data2.dawateislami.net/Data/Books/Download/ur/pdf/2023/3233-1.pdf?fn=karamat-e-hazrat-maroof-karkhi		
????? ??? ??? ??? ???? ???? ???? ????	Al Madina-tul-Ilmiyah	21	https://data2.dawateislami.net/Data/Books/Read/ur/2023/3232/bt3232.jpg	https://data2.dawateislami.net/Data/Books/Download/ur/pdf/2023/3232-1.pdf?fn=faizan-e-shaikh-abu-bakr-shibli		
??????? ??? ?? ???? ?? 1980?	Al Madina-tul-Ilmiyah	17	https://data2.dawateislami.net/Data/Books/Read/ur/2023/3231/bt3231.jpg	https://data2.dawateislami.net/Data/Books/Download/ur/pdf/2023/3231-1.pdf?fn=ameer-e-ahle-sunnat-ka-pehla-hajj-1980		
???? ????	Al Madina-tul-Ilmiyah	122	https://data2.dawateislami.net/Data/Books/Read/ur/2023/3229/bt3229.jpg	https://data2.dawateislami.net/Data/Books/Download/ur/pdf/2023/3229-1.pdf?fn=riaz-e-naeem		
?????? ????? ????? ???????? ????? ????????? (?? 72 ??????)	Al Madina-tul-Ilmiyah	96	https://data2.dawateislami.net/Data/Books/Read/ur/2023/3226/bt3226.jpg	https://data2.dawateislami.net/Data/Books/Download/ur/pdf/2023/3226-1.pdf?fn=faizan-e-rabia-basri		
???? ?? ?????	Ameer-e-Ahl-e-Sunnat	25	https://data2.dawateislami.net/Data/Books/Read/ur/2023/3225/bt3225.jpg	https://data2.dawateislami.net/Data/Books/Download/ur/pdf/2023/3225-1.pdf?fn=jumma-ke-fazail		
??? ?? ???	Al Madina-tul-Ilmiyah	64	https://data2.dawateislami.net/Data/Books/Read/ur/2023/3224/bt3224.jpg	https://data2.dawateislami.net/Data/Books/Download/ur/pdf/2023/3224-1.pdf?fn=maa-ki-dua		
??? ??? ?? ????? ??????	Al Madina-tul-Ilmiyah	21	https://data2.dawateislami.net/Data/Books/Read/ur/2023/3223/bt3223.jpg	https://data2.dawateislami.net/Data/Books/Download/ur/pdf/2023/3223-1.pdf?fn=maa-baap-ke-mutalliq-waqiaat		
??????? ????? ????? ???- 2023	Al Madina-tul-Ilmiyah	66	https://data2.dawateislami.net/Data/Books/Read/ur/2023/3222/bt3222.jpg	https://data2.dawateislami.net/Data/Books/Download/ur/pdf/2023/3222-1.pdf?fn=mahnama-faizan-e-madina-june-2023		
??????? ?????? (??? ??????) ???-2023	Al Madina-tul-Ilmiyah	42	https://data2.dawateislami.net/Data/Books/Read/ur/2023/3220/bt3220.jpg	https://data2.dawateislami.net/Data/Books/Download/ur/pdf/2023/3220-1.pdf?fn=mahanama-khawateen-june-2023		
???? ??? ?? ?? ????? ?????	Majlis-e-Ifta	6	https://data2.dawateislami.net/Data/Books/Read/ur/2023/3219/bt3219.jpg	https://data2.dawateislami.net/Data/Books/Download/ur/pdf/2023/3219-1.pdf?fn=partnership-aur-is-ke-zaroori-ahkam		
?????? ??? ?? ?? ????? ?????	Majlis-e-Ifta	4	https://data2.dawateislami.net/Data/Books/Read/ur/2023/3218/bt3218.jpg	https://data2.dawateislami.net/Data/Books/Download/ur/pdf/2023/3218-1.pdf?fn=mudaraba-aur-is-ke-zaroori-ahkam		
?????? ??? ?? ?? ????? ?????	Majlis-e-Ifta	6	https://data2.dawateislami.net/Data/Books/Read/ur/2023/3217/bt3217.jpg	https://data2.dawateislami.net/Data/Books/Download/ur/pdf/2023/3217-1.pdf?fn=brokerage-aur-is-ke-zaroori-ahkam		
??? ?? ??? ?? ??????	Ameer-e-Ahl-e-Sunnat	21	https://data2.dawateislami.net/Data/Books/Read/ur/2023/3216/bt3216.jpg	https://data2.dawateislami.net/Data/Books/Download/ur/pdf/2023/3216-1.pdf?fn=kisi-ke-aeib-mat-dhondo		
???? ?? ?????	Ameer-e-Ahl-e-Sunnat	122	https://data2.dawateislami.net/Data/Books/Read/ur/2023/71/bt71.jpg	https://data2.dawateislami.net/Data/Books/Download/ur/pdf/2023/71-1.pdf?fn=namaz-ka-tariqa		
???? ??? ?? ?????	Ameer-e-Ahl-e-Sunnat	17	https://data2.dawateislami.net/Data/Books/Read/ur/2023/3214/bt3214.jpg	https://data2.dawateislami.net/Data/Books/Download/ur/pdf/2023/3214-1.pdf?fn=namaz-e-fajar-ke-fazail		
??????? ??? ?? 150 ???????	Al Madina-tul-Ilmiyah	17	https://data2.dawateislami.net/Data/Books/Read/ur/2023/3213/bt3213.jpg	https://data2.dawateislami.net/Data/Books/Download/ur/pdf/2023/3213-1.pdf?fn=ameer-e-ahl-e-sunnat-ke-150-irshadat		
??? ????? ?? ???? ??? ????? ???????	Ameer-e-Ahl-e-Sunnat	21	https://data2.dawateislami.net/Data/Books/Read/ur/2023/3211/bt3211.jpg	https://data2.dawateislami.net/Data/Books/Download/ur/pdf/2023/3211-1.pdf?fn=loh-e-mahfooz		
???? ??? ??? ?? ????? ?? ???? ??? ???? ????	Al Madina-tul-Ilmiyah	14	https://data2.dawateislami.net/Data/Books/Read/ur/2023/3210/bt3210.jpg	https://data2.dawateislami.net/Data/Books/Download/ur/pdf/2023/3210-1.pdf?fn=khushboo-ke-baray-mein-sawal-jawab		
???? ??? ??? ?? ????? ??? ?? ???? ??? ???? ????	Al Madina-tul-Ilmiyah	17	https://data2.dawateislami.net/Data/Books/Read/ur/2023/3209/bt3209.jpg	https://data2.dawateislami.net/Data/Books/Download/ur/pdf/2023/3209-1.pdf?fn=quran-pak-ke-baray-mein-sawal-jawab	https://data2.dawateislami.net/download/islam/ur/mp3/2023/129470.mp3	https://data2.dawateislami.net/download/islam/ur/mp3/2023/129470.mp3?fn=%D8%A7%D9%85%DB%8C%D8%B1%20%D8%A7%DB%81%D9%84%20%D8%B3%D9%86%D8%AA%20%D8%B3%DB%92%20%D9%82%D8%B1%D8%A7%D9%93%D9%86%20%D9%BE%D8%A7%DA%A9%20%DA%A9%DB%92%20%D8%A8%D8%A7%D8%B1%DB%92%20%D9%85%DB%8C%DA%BA%20%D8%B3%D9%88%D8%A7%D9%84%20%D8%AC%D9%88%D8%A7%D8%A8.mp3
??????? ????? ????? ???- 2023	Al Madina-tul-Ilmiyah	66	https://data2.dawateislami.net/Data/Books/Read/ur/2023/3207/bt3207.jpg	https://data2.dawateislami.net/Data/Books/Download/ur/pdf/2023/3207-1.pdf?fn=mahnama-faizan-e-madina-may-2023		
??????? ?????? (??? ??????) ???-2023	Al Madina-tul-Ilmiyah	42	https://data2.dawateislami.net/Data/Books/Read/ur/2023/3205/bt3205.jpg	https://data2.dawateislami.net/Data/Books/Download/ur/pdf/2023/3205-1.pdf?fn=mahanama-khawateen-may-2023		
??? ????? ?? ???	Ameer-e-Ahl-e-Sunnat	21	https://data2.dawateislami.net/Data/Books/Read/ur/2023/3203/bt3203.jpg	https://data2.dawateislami.net/Data/Books/Download/ur/pdf/2023/3203-1.pdf?fn=neik-bandon-ki-shan		
?????? ?????? ?? ?????	Ameer-e-Ahl-e-Sunnat	17	https://data2.dawateislami.net/Data/Books/Read/ur/2023/3200/bt3200.jpg	https://data2.dawateislami.net/Data/Books/Download/ur/pdf/2023/3200-1.pdf?fn=panchon-namazon-ke-fazail		
???? ??? ??? ?? ??????  ?? ???? ??? ???? ????	Al Madina-tul-Ilmiyah	17	https://data2.dawateislami.net/Data/Books/Read/ur/2023/3195/bt3195.jpg	https://data2.dawateislami.net/Data/Books/Download/ur/pdf/2023/3195-1.pdf?fn=walidain-ke-baray-mein-sawal-jawab		
??????? ????? ????? ?????- 2023	Al Madina-tul-Ilmiyah	66	https://data2.dawateislami.net/Data/Books/Read/ur/2023/3194/bt3194.jpg	https://data2.dawateislami.net/Data/Books/Download/ur/pdf/2023/3194-1.pdf?fn=mahnama-faizan-e-madina-april-2023		
???? ?? ??????	Ameer-e-Ahl-e-Sunnat	17	https://data2.dawateislami.net/Data/Books/Read/ur/2023/3193/bt3193.jpg	https://data2.dawateislami.net/Data/Books/Download/ur/pdf/2023/3193-1.pdf?fn=masjid-ka-ehtiram		
??????? ?????? (??? ??????) ?????-2023	Al Madina-tul-Ilmiyah	42	https://data2.dawateislami.net/Data/Books/Read/ur/2023/3190/bt3190.jpg	https://data2.dawateislami.net/Data/Books/Download/ur/pdf/2023/3190-1.pdf?fn=mahanama-khawateen-april-2023		
????? ???? ??? ??? ???????? ????? ????????	Al Madina-tul-Ilmiyah	21	https://data2.dawateislami.net/Data/Books/Read/ur/2023/3188/bt3188.jpg	https://data2.dawateislami.net/Data/Books/Download/ur/pdf/2023/3188-1.pdf?fn=faizan-e-imam-ali-raza		
??????? ???????	Al Madina-tul-Ilmiyah	4	https://data2.dawateislami.net/Data/Books/Read/ur/2023/3187/bt3187.jpg	https://data2.dawateislami.net/Data/Books/Download/ur/pdf/2023/3187-1.pdf?fn=al-madina-tul-ilmia		
??????? ?????? ?? 17 ???? ??????	Ameer-e-Ahl-e-Sunnat	17	https://data2.dawateislami.net/Data/Books/Read/ur/2023/3185/bt3185.jpg	https://data2.dawateislami.net/Data/Books/Download/ur/pdf/2023/3185-1.pdf?fn=ijtimai-itikaf-ki-17-madani-baharain		
???? ??? ??? ?? ??? ?????? ?? ???? ??? ???? ????	Al Madina-tul-Ilmiyah	14	https://data2.dawateislami.net/Data/Books/Read/ur/2023/3184/bt3184.jpg	https://data2.dawateislami.net/Data/Books/Download/ur/pdf/2023/3184-1.pdf?fn=qaza-namazo-ke-baray-mein-sawal-jawab		
??????? ????? ????? ????- 2023	Al Madina-tul-Ilmiyah	66	https://data2.dawateislami.net/Data/Books/Read/ur/2023/3179/bt3179.jpg	https://data2.dawateislami.net/Data/Books/Download/ur/pdf/2023/3179-1.pdf?fn=mahnama-faizan-e-madina-march-2023		
??????? ?????? (??? ??????) ????-2023	Al Madina-tul-Ilmiyah	42	https://data2.dawateislami.net/Data/Books/Read/ur/2023/3176/bt3176.jpg	https://data2.dawateislami.net/Data/Books/Download/ur/pdf/2023/3176-1.pdf?fn=mahanama-khawateen-march-2023		
??? ?????	Al Madina-tul-Ilmiyah	30	https://data2.dawateislami.net/Data/Books/Read/ur/2023/3174/bt3174.jpg	https://data2.dawateislami.net/Data/Books/Download/ur/pdf/2023/3174-1.pdf?fn=yaad-e-ramzan		
????? ????? ?? ??? ????? ????? ?????	Mufti Muhammad Qasim Attari	38	https://data2.dawateislami.net/Data/Books/Read/ur/2023/3171/bt3171.jpg	https://data2.dawateislami.net/Data/Books/Download/ur/pdf/2023/3171-1.pdf?fn=waqia-meraj-ki-chand-iman-afroz-baatein		
???????????	Al Madina-tul-Ilmiyah	124	https://data2.dawateislami.net/Data/Books/Read/ur/2023/3170/bt3170.jpg	https://data2.dawateislami.net/Data/Books/Download/ur/pdf/2023/3170-1.pdf?fn=jawahir-ul-mantiq		
???? ??? ??? ?? ???? ?? ????? ??? ?? ????? 2022	Al Madina-tul-Ilmiyah	39	https://data2.dawateislami.net/Data/Books/Read/ur/2023/3166/bt3166.jpg	https://data2.dawateislami.net/Data/Books/Download/ur/pdf/2023/3166-1.pdf?fn=umrah-maa-madinay-pak-ki-haazri		
????? ??? ? ?? ???? ???????? ????	Al Madina-tul-Ilmiyah	17	https://data2.dawateislami.net/Data/Books/Read/ur/2023/3164/bt3164.jpg	https://data2.dawateislami.net/Data/Books/Download/ur/pdf/2023/3164-1.pdf?fn=pyare-nabi-ki-maaf-kar-dene-ki-aadat		
???? ?? ??????	Ameer-e-Ahl-e-Sunnat	17	https://data2.dawateislami.net/Data/Books/Read/ur/2023/3162/bt3162.jpg	https://data2.dawateislami.net/Data/Books/Download/ur/pdf/2023/3162-1.pdf?fn=namaz-ki-barkatain		
??????? ?????? (??? ??????) ?????-2023	Al Madina-tul-Ilmiyah	42	https://data2.dawateislami.net/Data/Books/Read/ur/2023/3156/bt3156.jpg	https://data2.dawateislami.net/Data/Books/Download/ur/pdf/2023/3156-1.pdf?fn=mahanama-khawateen-feb-2023		
??? ??? ???? ?? ????? (?????)	Al Madina-tul-Ilmiyah	20	https://data2.dawateislami.net/Data/Books/Read/ur/2023/3137/bt3137.jpg	https://data2.dawateislami.net/Data/Books/Download/ur/pdf/2023/3137-1.pdf?fn=safar-mein-namaz-kay-ahkam		
??? ?? ?????	Mufti Muhammad Qasim Attari	13	https://data2.dawateislami.net/Data/Books/Read/ur/2023/3150/bt3150.jpg	https://data2.dawateislami.net/Data/Books/Download/ur/pdf/2023/3150-1.pdf?fn=waqt-ki-ahmiyat		
??? ?? ???? ?????	Mufti Muhammad Qasim Attari	236	https://data2.dawateislami.net/Data/Books/Read/ur/2023/3148/bt3148.jpg	https://data2.dawateislami.net/Data/Books/Download/ur/pdf/2023/3148-1.pdf?fn=waqf-ke-sharae-masail		
?????? ?? ?????	Mufti Muhammad Qasim Attari	364	https://data2.dawateislami.net/Data/Books/Read/ur/2023/3147/bt3147.jpg	https://data2.dawateislami.net/Data/Books/Download/ur/pdf/2023/3147-1.pdf?fn=rehmaton-ki-barsat		
???? ????? ??? ???? ??	Mufti Muhammad Qasim Attari	4	https://data2.dawateislami.net/Data/Books/Read/ur/2023/3146/bt3146.jpg	https://data2.dawateislami.net/Data/Books/Download/ur/pdf/2023/3146-1.pdf?fn=namaz-parheay-magar-samjh-kar		
???? ???? ?? ???? ?? ????? ????? ??? ???? ???? ????	Mufti Muhammad Qasim Attari	75	https://data2.dawateislami.net/Data/Books/Read/ur/2023/3145/bt3145.jpg	https://data2.dawateislami.net/Data/Books/Download/ur/pdf/2023/3145-1.pdf?fn=ishq-e-rasool-ma-ummati-par-huqoq-e-mustafa		
?????? ?????	Mufti Muhammad Qasim Attari	27	https://data2.dawateislami.net/Data/Books/Read/ur/2023/3142/bt3142.jpg	https://data2.dawateislami.net/Data/Books/Download/ur/pdf/2023/3142-1.pdf?fn=faizan-e-islam		
?????? ??? ?? ??? ??????	Mufti Muhammad Qasim Attari	27	https://data2.dawateislami.net/Data/Books/Read/ur/2023/3141/bt3141.jpg	https://data2.dawateislami.net/Data/Books/Download/ur/pdf/2023/3141-1.pdf?fn=buzurgan-e-deen-ka-shoq-e-mutalla		
?????? ????	Mufti Muhammad Qasim Attari	201	https://data2.dawateislami.net/Data/Books/Read/ur/2023/3140/bt3140.jpg	https://data2.dawateislami.net/Data/Books/Download/ur/pdf/2023/3140-1.pdf?fn=aadab-e-fatwa		
60 ???? ?????	Mufti Muhammad Qasim Attari	266	https://data2.dawateislami.net/Data/Books/Read/ur/2023/3139/bt3139.jpg	https://data2.dawateislami.net/Data/Books/Download/ur/pdf/2023/3139-1.pdf?fn=60-dars-e-quran		
???? ??? ??? ?? ???? ?? ???? ??? ???? ????	Al Madina-tul-Ilmiyah	17	https://data2.dawateislami.net/Data/Books/Read/ur/2023/3138/bt3138.jpg	https://data2.dawateislami.net/Data/Books/Download/ur/pdf/2023/3138-1.pdf?fn=zakat-kay-baray-mein-sawal-jawab		
??????? ?? ?? ?? ??? ????	Ameer-e-Ahl-e-Sunnat	21	https://data2.dawateislami.net/Data/Books/Read/ur/2023/3135/bt3135.jpg	https://data2.dawateislami.net/Data/Books/Download/ur/pdf/2023/3135-1.pdf?fn=insaniyat-ki-sab-say-bari-khidmat		
????? ?? ??? ??? ???	Majlis-e-Ifta	30	https://data2.dawateislami.net/Data/Books/Read/ur/2023/3132/bt3132.jpg	https://data2.dawateislami.net/Data/Books/Download/ur/pdf/2023/3132-1.pdf?fn=iman-ka-beej-aur-phal		
???? ?? ?????? ????? ???????	Al Madina-tul-Ilmiyah	30	https://data2.dawateislami.net/Data/Books/Read/ur/2023/3131/bt3131.jpg	https://data2.dawateislami.net/Data/Books/Download/ur/pdf/2023/3131-1.pdf?fn=bachon-ko-islami-aqeeday-sikhaiye		
??????? ????? ????? ?????- 2023	Al Madina-tul-Ilmiyah	66	https://data2.dawateislami.net/Data/Books/Read/ur/2023/3129/bt3129.jpg	https://data2.dawateislami.net/Data/Books/Download/ur/pdf/2023/3129-1.pdf?fn=mahnama-faizan-e-madina-feb-2023		
??????? ????? ????? ?????- 2023	Al Madina-tul-Ilmiyah	66	https://data2.dawateislami.net/Data/Books/Read/ur/2023/3127/bt3127.jpg	https://data2.dawateislami.net/Data/Books/Download/ur/pdf/2023/3127-1.pdf?fn=mahnama-faizan-e-madina-jan-2023		
??????? ?????? (??? ??????) ?????-2023	Al Madina-tul-Ilmiyah	42	https://data2.dawateislami.net/Data/Books/Read/ur/2022/3126/bt3126.jpg	https://data2.dawateislami.net/Data/Books/Download/ur/pdf/2022/3126-1.pdf?fn=mahanama-khawateen-jan-2023		
????? ???? ????? ???? ???? ???? ????	Al Madina-tul-Ilmiyah	21	https://data2.dawateislami.net/Data/Books/Read/ur/2022/3125/bt3125.jpg	https://data2.dawateislami.net/Data/Books/Download/ur/pdf/2022/3125-1.pdf?fn=faizan-e-imam-musa-kazim		
???? ???? ?????	Ameer-e-Ahl-e-Sunnat	17	https://data2.dawateislami.net/Data/Books/Read/ur/2022/3124/bt3124.jpg	https://data2.dawateislami.net/Data/Books/Download/ur/pdf/2022/3124-1.pdf?fn=afzal-tareen-amaal		
??? ????? ?? ?????	Ameer-e-Ahl-e-Sunnat	21	https://data2.dawateislami.net/Data/Books/Read/ur/2022/3121/bt3121.jpg	https://data2.dawateislami.net/Data/Books/Download/ur/pdf/2022/3121-1.pdf?fn=nafil-rozon-kay-fazail		
????? ???? ???? ????? ????? ????? ?? ????? ???????? ?? ????? ??????	Al Madina-tul-Ilmiyah	26	https://data2.dawateislami.net/Data/Books/Read/ur/2022/3117/bt3117.jpg	https://data2.dawateislami.net/Data/Books/Download/ur/pdf/2022/3117-1.pdf?fn=research-library-ka-taruf-o-khidmat		
??????? ??? ?? 126 ???????	Al Madina-tul-Ilmiyah	14	https://data2.dawateislami.net/Data/Books/Read/ur/2022/3115/bt3115.jpg	https://data2.dawateislami.net/Data/Books/Download/ur/pdf/2022/3115-1.pdf?fn=ameer-e-ahl-e-sunnat-kay-126-irshadat		
???? ?????? ?? 17 ???? ????	Ameer-e-Ahl-e-Sunnat	17	https://data2.dawateislami.net/Data/Books/Read/ur/2022/3109/bt3109.jpg	https://data2.dawateislami.net/Data/Books/Download/ur/pdf/2022/3109-1.pdf?fn=dua-mangne-ke-17-madani-phool		
??? ?? ????? ?? ?????	Al Madina-tul-Ilmiyah	17	https://data2.dawateislami.net/Data/Books/Read/ur/2022/3108/bt3108.jpg	https://data2.dawateislami.net/Data/Books/Download/ur/pdf/2022/3108-1.pdf?fn=nazar-ki-hifazat-ki-fazilat		
????? ???? ???????? ????? ???????? ???????? ?? ????? ?????	Majlis-e-Ifta	4	https://data2.dawateislami.net/Data/Books/Read/ur/2022/3107/bt3107.jpg	https://data2.dawateislami.net/Data/Books/Download/ur/pdf/2022/3107-1.pdf?fn=aala-hazrat-ki-aala-baatein		
??????? ?????? (??? ??????) ?????-2022	Al Madina-tul-Ilmiyah	42	https://data2.dawateislami.net/Data/Books/Read/ur/2022/3106/bt3106.jpg	https://data2.dawateislami.net/Data/Books/Download/ur/pdf/2022/3106-1.pdf?fn=mahanama-khawateen-december-2022		
???? ??? ??? ?? ???? ?? ???? ??? ???? ????	Al Madina-tul-Ilmiyah	17	https://data2.dawateislami.net/Data/Books/Read/ur/2022/3102/bt3102.jpg	https://data2.dawateislami.net/Data/Books/Download/ur/pdf/2022/3102-1.pdf?fn=jinnat-kay-baray-mein-sawal-jawab		
?????? ???????	Al Madina-tul-Ilmiyah	17	https://data2.dawateislami.net/Data/Books/Read/ur/2022/3101/bt3101.jpg	https://data2.dawateislami.net/Data/Books/Download/ur/pdf/2022/3101-1.pdf?fn=bimari-kay-fazail		
???? ?? ???? ?? ??? ????	Al Madina-tul-Ilmiyah	16	https://data2.dawateislami.net/Data/Books/Read/ur/2022/3100/bt3100.jpg	https://data2.dawateislami.net/Data/Books/Download/ur/pdf/2022/3100-1.pdf?fn=neki-ki-dawat-kay-aham-usool		
????? ???? ??????	Mufti Muhammad Qasim Attari	268	https://data2.dawateislami.net/Data/Books/Read/ur/2022/3099/bt3099.jpg	https://data2.dawateislami.net/Data/Books/Download/ur/pdf/2022/3099-1.pdf?fn=surah-nisa		
????? ???? ??????? ???????	Mufti Muhammad Qasim Attari	114	https://data2.dawateislami.net/Data/Books/Read/ur/2022/3098/bt3098.jpg	https://data2.dawateislami.net/Data/Books/Download/ur/pdf/2022/3098-1.pdf?fn=surat-hujraat-hadeed		
????? ???? ??? ?????	Mufti Muhammad Qasim Attari	244	https://data2.dawateislami.net/Data/Books/Read/ur/2022/3097/bt3097.jpg	https://data2.dawateislami.net/Data/Books/Download/ur/pdf/2022/3097-1.pdf?fn=surat-aal-e-imran		
????? ?????? ????? (????? ?????)	Al Madina-tul-Ilmiyah	288	https://data2.dawateislami.net/Data/Books/Read/ur/2022/3096/bt3096.jpg	https://data2.dawateislami.net/Data/Books/Download/ur/pdf/2022/3096-1.pdf?fn=ihya-ul-uloom-mutarjam		
???? ?????	Al Madina-tul-Ilmiyah	100	https://data2.dawateislami.net/Data/Books/Read/ur/2022/3095/bt3095.jpg	https://data2.dawateislami.net/Data/Books/Download/ur/pdf/2022/3095-1.pdf?fn=asaas-us-nahw		
???? ?????	Al Madina-tul-Ilmiyah	100	https://data2.dawateislami.net/Data/Books/Read/ur/2022/3094/bt3094.jpg	https://data2.dawateislami.net/Data/Books/Download/ur/pdf/2022/3094-1.pdf?fn=asaas-ul-sarf		
??????? ????? ????? ?????- 2022	Al Madina-tul-Ilmiyah	66	https://data2.dawateislami.net/Data/Books/Read/ur/2022/3090/bt3090.jpg	https://data2.dawateislami.net/Data/Books/Download/ur/pdf/2022/3090-1.pdf?fn=mahnama-faizan-e-madina-dec-2022		
????? ?? ???? ???? (??? ????)	Al Madina-tul-Ilmiyah	312	https://data2.dawateislami.net/Data/Books/Read/ur/2022/3089/bt3089.jpg	https://data2.dawateislami.net/Data/Books/Download/ur/pdf/2022/3089-1.pdf?fn=islah-kay-madani-phool-part-2		
??????? ?????? (??? ??????) ?????-2022	Al Madina-tul-Ilmiyah	42	https://data2.dawateislami.net/Data/Books/Read/ur/2022/3088/bt3088.jpg	https://data2.dawateislami.net/Data/Books/Download/ur/pdf/2022/3088-1.pdf?fn=mahanama-khawateen-november-2022		
???? ????? ?? ??????? ???? ???? ?????? ????	Ameer-e-Ahl-e-Sunnat	17	https://data2.dawateislami.net/Data/Books/Read/ur/2022/3087/bt3087.jpg	https://data2.dawateislami.net/Data/Books/Download/ur/pdf/2022/3087-1.pdf?fn=namaz-parhne-kay-bawajood-gunnah		
??? ??? ?? ?????	Al Madina-tul-Ilmiyah	14	https://data2.dawateislami.net/Data/Books/Read/ur/2022/3086/bt3086.jpg	https://data2.dawateislami.net/Data/Books/Download/ur/pdf/2022/3086-1.pdf?fn=ilm-e-deen-kay-fazail		
??????? ???? ????? ?????	Rukn e Shura Abu Majid Muhammad Shahid Attari	269	https://data2.dawateislami.net/Data/Books/Read/ur/2022/3084/bt3084.jpg	https://data2.dawateislami.net/Data/Books/Download/ur/pdf/2022/3084-1.pdf?fn=mahnama-moin-uddin-lahore		
?? ?? ????? ??? ??? ???? ?????? ???? ?????? ????	Ameer-e-Ahl-e-Sunnat	44	https://data2.dawateislami.net/Data/Books/Read/ur/2022/3083/bt3083.jpg	https://data2.dawateislami.net/Data/Books/Download/ur/pdf/2022/3083-1.pdf?fn=sab-say-aakhri-nabi	https://data2.dawateislami.net/download/islam/ur/mp3/2022/118522.mp3	https://data2.dawateislami.net/download/islam/ur/mp3/2022/118522.mp3?fn=%D8%B3%D8%A8%20%D8%B3%DB%92%20%D8%A7%D9%93%D8%AE%D8%B1%DB%8C%20%D9%86%D8%A8%DB%8C%20%D8%B5%D9%84%DB%8C%20%D8%A7%D9%84%D9%84%DB%81%20%D8%AA%D8%B9%D8%A7%D9%84%D9%B0%DB%8C%20%D8%B9%D9%84%DB%8C%DB%81%20%D9%88%D8%A7%D9%B0%D9%84%DB%81%D9%96%20%D9%88%D8%B3%D9%84%D9%85.mp3
???? ?? ???????	Ameer-e-Ahl-e-Sunnat	17	https://data2.dawateislami.net/Data/Books/Read/ur/2022/3081/bt3081.jpg	https://data2.dawateislami.net/Data/Books/Download/ur/pdf/2022/3081-1.pdf?fn=roti-ka-ihtiram		
??? ????? ?? 18????? ??? ?????	Ameer-e-Ahl-e-Sunnat	17	https://data2.dawateislami.net/Data/Books/Read/ur/2022/3080/bt3080.jpg	https://data2.dawateislami.net/Data/Books/Download/ur/pdf/2022/3080-1.pdf?fn=naam-rakhne-ki-18-sunnatain-aur-adaab		
???? ?? ?????	Al Madina-tul-Ilmiyah	25	https://data2.dawateislami.net/Data/Books/Read/ur/2022/3078/bt3078.jpg	https://data2.dawateislami.net/Data/Books/Download/ur/pdf/2022/3078-1.pdf?fn=gunnah-ki-pehchaan		
??????? ????? ????? ?????- 2022	Al Madina-tul-Ilmiyah	66	https://data2.dawateislami.net/Data/Books/Read/ur/2022/3075/bt3075.jpg	https://data2.dawateislami.net/Data/Books/Download/ur/pdf/2022/3075-1.pdf?fn=mahnama-faizan-e-madina-nov-2022		
????? ?????? ?? ????	Al Madina-tul-Ilmiyah	44	https://data2.dawateislami.net/Data/Books/Read/ur/2022/3073/bt3073.jpg	https://data2.dawateislami.net/Data/Books/Download/ur/pdf/2022/3073-1.pdf?fn=marhoom-waldain-kay-huqooq		
?????? ????	Al Madina-tul-Ilmiyah	38	https://data2.dawateislami.net/Data/Books/Read/ur/2022/3072/bt3072.jpg	https://data2.dawateislami.net/Data/Books/Download/ur/pdf/2022/3072-1.pdf?fn=arbaeen-e-hasani		
??????? ?????? (??? ??????) ??????-2022	Al Madina-tul-Ilmiyah	42	https://data2.dawateislami.net/Data/Books/Read/ur/2022/3071/bt3071.jpg	https://data2.dawateislami.net/Data/Books/Download/ur/pdf/2022/3071-1.pdf?fn=mahanama-khawateen-october-2022		
????? ???? ?? ????? ??????	Ameer-e-Ahl-e-Sunnat	14	https://data2.dawateislami.net/Data/Books/Read/ur/2022/3070/bt3070.jpg	https://data2.dawateislami.net/Data/Books/Download/ur/pdf/2022/3070-1.pdf?fn=hooren-afzal-ya-jannati-auratein		
????? ???? ???? ?? ???? ???  ?? ???? ??? ???? ????	Al Madina-tul-Ilmiyah	17	https://data2.dawateislami.net/Data/Books/Read/ur/2022/3069/bt3069.jpg	https://data2.dawateislami.net/Data/Books/Download/ur/pdf/2022/3069-1.pdf?fn=ghous-e-pak-kay-baray-mein-sawal-jawab		
???? ???? ?? ???? ?????	Al Madina-tul-Ilmiyah	17	https://data2.dawateislami.net/Data/Books/Read/ur/2022/3066/bt3066.jpg	https://data2.dawateislami.net/Data/Books/Download/ur/pdf/2022/3066-1.pdf?fn=achay-miyan-ki-achi-baatein		
???? ?? ?????	Mufti Muhammad Qasim Attari	24	https://data2.dawateislami.net/Data/Books/Read/ur/2022/3064/bt3064.jpg	https://data2.dawateislami.net/Data/Books/Download/ur/pdf/2022/3064-1.pdf?fn=gunnah-ki-pehchan		
????? ????	Khalifa e Ameer e Ahle Sunnat Maulana Abu Usaid Haji Ubaid Raza Attari Madani	4	https://data2.dawateislami.net/Data/Books/Read/ur/2022/3062/bt3062.jpg	https://data2.dawateislami.net/Data/Books/Download/ur/pdf/2022/3062-1.pdf?fn=bawafa-shohar	https://data2.dawateislami.net/download/islam/ur/mp3/2022/116823.mp3	https://data2.dawateislami.net/download/islam/ur/mp3/2022/116823.mp3?fn=%D8%A8%D8%A7%D9%88%D9%81%D8%A7%20%D8%B4%D9%88%DB%81%D8%B1.mp3
???? ?? ??? ?? ??? ??????	Ameer-e-Ahl-e-Sunnat	17	https://data2.dawateislami.net/Data/Books/Read/ur/2022/3060/bt3060.jpg	https://data2.dawateislami.net/Data/Books/Download/ur/pdf/2022/3060-1.pdf?fn=namaz-say-madad-ki-3-hikayat		
??????? ????? ????? ??????- 2022	Al Madina-tul-Ilmiyah	66	https://data2.dawateislami.net/Data/Books/Read/ur/2022/3059/bt3059.jpg	https://data2.dawateislami.net/Data/Books/Download/ur/pdf/2022/3059-1.pdf?fn=mahnama-faizan-e-madina-oct-2022		
????? ???? ???? ??? ???? ?????? ???? ?????? ????	Al Madina-tul-Ilmiyah	17	https://data2.dawateislami.net/Data/Books/Read/ur/2022/3058/bt3058.jpg	https://data2.dawateislami.net/Data/Books/Download/ur/pdf/2022/3058-1.pdf?fn=mukhtasar-seerat-e-rasool		
???? ????? ?? 153 ??????	Al Madina-tul-Ilmiyah	301	https://data2.dawateislami.net/Data/Books/Read/ur/2022/3056/bt3056.jpg	https://data2.dawateislami.net/Data/Books/Download/ur/pdf/2022/3056-1.pdf?fn=rabi-ul-awwal-kay-mazameen		
????? ???? ?? ???? ?????? ?? ???? ??? ??? ????	Mufti Muhammad Qasim Attari	61	https://data2.dawateislami.net/Data/Books/Read/ur/2022/3053/bt3053.jpg	https://data2.dawateislami.net/Data/Books/Download/ur/pdf/2022/3053-1.pdf?fn=sahaba-e-karam-par-durood-bhejne		
????? ?? ??????	Al Madina-tul-Ilmiyah	14	https://data2.dawateislami.net/Data/Books/Read/ur/2022/3052/bt3052.jpg	https://data2.dawateislami.net/Data/Books/Download/ur/pdf/2022/3052-1.pdf?fn=madinay-ki-barkatain		
??????? ?????? (??? ??????) ?????-2022	Al Madina-tul-Ilmiyah	42	https://data2.dawateislami.net/Data/Books/Read/ur/2022/3051/bt3051.jpg	https://data2.dawateislami.net/Data/Books/Download/ur/pdf/2022/3051-1.pdf?fn=mahanama-khawateen-september-2022		
????? ?????? ????	Al Madina-tul-Ilmiyah	612	https://data2.dawateislami.net/Data/Books/Read/ur/2022/3048/bt3048.jpg	https://data2.dawateislami.net/Data/Books/Download/ur/pdf/2022/3048-1.pdf?fn=faizan-e-bayanat-e-attar-jild-1		
??? ??? ??? ???? ?? ?????	Ameer-e-Ahl-e-Sunnat	21	https://data2.dawateislami.net/Data/Books/Read/ur/2022/3046/bt3046.jpg	https://data2.dawateislami.net/Data/Books/Download/ur/pdf/2022/3046-1.pdf?fn=khof-e-khuda-main-ronay-ki-fazilat		
??????? ??? ?? 163 ???????	Al Madina-tul-Ilmiyah	17	https://data2.dawateislami.net/Data/Books/Read/ur/2022/3045/bt3045.jpg	https://data2.dawateislami.net/Data/Books/Download/ur/pdf/2022/3045-1.pdf?fn=ameer-e-ahle-sunnat-ke-163-irshadat		
?????? ????? ?????? (?????? ?????? ?????-2022)	Al Madina-tul-Ilmiyah	38	https://data2.dawateislami.net/Data/Books/Read/ur/2022/3043/bt3043.jpg	https://data2.dawateislami.net/Data/Books/Download/ur/pdf/2022/3043-1.pdf?fn=faizan-dawat-e-islami-special-edition-sep-2022		
??????? ????? ????? ?????- 2022	Al Madina-tul-Ilmiyah	66	https://data2.dawateislami.net/Data/Books/Read/ur/2022/3039/bt3039.jpg	https://data2.dawateislami.net/Data/Books/Download/ur/pdf/2022/3039-1.pdf?fn=mahnama-faizan-e-madina-sep-2022		
?????? ?????	Al Madina-tul-Ilmiyah	38	https://data2.dawateislami.net/Data/Books/Read/ur/2022/3038/bt3038.jpg	https://data2.dawateislami.net/Data/Books/Download/ur/pdf/2022/3038-1.pdf?fn=arbaeen-e-hasnain		
?????? ??????	Al Madina-tul-Ilmiyah	37	https://data2.dawateislami.net/Data/Books/Read/ur/2022/3037/bt3037.jpg	https://data2.dawateislami.net/Data/Books/Download/ur/pdf/2022/3037-1.pdf?fn=arbaeen-e-farooqi		
?????? ??????	Al Madina-tul-Ilmiyah	30	https://data2.dawateislami.net/Data/Books/Read/ur/2022/3036/bt3036.jpg	https://data2.dawateislami.net/Data/Books/Download/ur/pdf/2022/3036-1.pdf?fn=arbaeen-e-usmani		
?????? ??? ?? ?????	Al Madina-tul-Ilmiyah	17	https://data2.dawateislami.net/Data/Books/Read/ur/2022/3035/bt3035.jpg	https://data2.dawateislami.net/Data/Books/Download/ur/pdf/2022/3035-1.pdf?fn=buzurgan-e-deen-ki-baatein		
??????? ?????? (??? ??????) ????-2022	Al Madina-tul-Ilmiyah	42	https://data2.dawateislami.net/Data/Books/Read/ur/2022/3033/bt3033.jpg	https://data2.dawateislami.net/Data/Books/Download/ur/pdf/2022/3033-1.pdf?fn=mahanama-khawateen-august-2022		
????? ???? ???? ?? ???? ????? ?? ??????	Al Madina-tul-Ilmiyah	21	https://data2.dawateislami.net/Data/Books/Read/ur/2022/3032/bt3032.jpg	https://data2.dawateislami.net/Data/Books/Download/ur/pdf/2022/3032-1.pdf?fn=safar-e-madina-kay-waqiyat		
??????? ???? ??? ???????? ???? ???? ????	Al Madina-tul-Ilmiyah	14	https://data2.dawateislami.net/Data/Books/Read/ur/2022/3030/bt3030.jpg	https://data2.dawateislami.net/Data/Books/Download/ur/pdf/2022/3030-1.pdf?fn=irshadat-e-imam-zain-ul-abideen		
????? ???? ???? ?? ???? ?? ???? ??? ???? ????	Al Madina-tul-Ilmiyah	14	https://data2.dawateislami.net/Data/Books/Read/ur/2022/3026/bt3026.jpg	https://data2.dawateislami.net/Data/Books/Download/ur/pdf/2022/3026-1.pdf?fn=muharram-kay-baray-mein-sawal-jawab		
???????? ???????? ?? 52 ??????	Al Madina-tul-Ilmiyah	82	https://data2.dawateislami.net/Data/Books/Read/ur/2022/3024/bt3024.jpg	https://data2.dawateislami.net/Data/Books/Download/ur/pdf/2022/3024-1.pdf?fn=muharram-ul-haram-ke-52-mazameen		
?????? ??? ?????????? ????? ????? ????? ???? ?? ????? ??? ???????? ???? ?? ???? ????? ????? ????	Al Madina-tul-Ilmiyah	21	https://data2.dawateislami.net/Data/Books/Read/ur/2022/3023/bt3023.jpg	https://data2.dawateislami.net/Data/Books/Download/ur/pdf/2022/3023-1.pdf?fn=faizan-e-shaikh-abdul-wahid-tameemi		
????? ?? ?????	Al Madina-tul-Ilmiyah	160	https://data2.dawateislami.net/Data/Books/Read/ur/2022/3022/bt3022.jpg	https://data2.dawateislami.net/Data/Books/Download/ur/pdf/2022/3022-1.pdf?fn=guftagu-kay-adaab		
????? ??? ?????? ?? ?????	Al Madina-tul-Ilmiyah	30	https://data2.dawateislami.net/Data/Books/Read/ur/2022/3021/bt3021.jpg	https://data2.dawateislami.net/Data/Books/Download/ur/pdf/2022/3021-1.pdf?fn=kamanay-aur-mangnay-kay-ahkam		
??????? ?????? (??? ??????) ??????-2022	Al Madina-tul-Ilmiyah	42	https://data2.dawateislami.net/Data/Books/Read/ur/2022/3020/bt3020.jpg	https://data2.dawateislami.net/Data/Books/Download/ur/pdf/2022/3020-1.pdf?fn=mahanama-khawateen-july-2022		
????? ????? ????	Al Madina-tul-Ilmiyah	4	https://data2.dawateislami.net/Data/Books/Read/ur/2022/3019/bt3019.jpg	https://data2.dawateislami.net/Data/Books/Download/ur/pdf/2022/3019-1.pdf?fn=inam-yafta-banday		
??????? ????? ????? ????- 2022	Al Madina-tul-Ilmiyah	66	https://data2.dawateislami.net/Data/Books/Read/ur/2022/3018/bt3018.jpg	https://data2.dawateislami.net/Data/Books/Download/ur/pdf/2022/3018-1.pdf?fn=mahnama-faizan-e-madina-aug-2022		
???????? ??????	Ameer-e-Ahl-e-Sunnat	21	https://data2.dawateislami.net/Data/Books/Read/ur/2022/3017/bt3017.jpg	https://data2.dawateislami.net/Data/Books/Download/ur/pdf/2022/3017-1.pdf?fn=maloomati-pamphlets		
???????????? ???????? ??78 ??????	Al Madina-tul-Ilmiyah	122	https://data2.dawateislami.net/Data/Books/Read/ur/2022/3016/bt3016.jpg	https://data2.dawateislami.net/Data/Books/Download/ur/pdf/2022/3016-1.pdf?fn=zul-hijjah-tul-haram-kay-78-mazameen		
?????? ???? ???? ????? ????? ????	Al Madina-tul-Ilmiyah	18	https://data2.dawateislami.net/Data/Books/Read/ur/2022/3015/bt3015.jpg	https://data2.dawateislami.net/Data/Books/Download/ur/pdf/2022/3015-1.pdf?fn=faizan-e-imam-baqir		
??????? ????? ????? ??????- 2022	Al Madina-tul-Ilmiyah	66	https://data2.dawateislami.net/Data/Books/Read/ur/2022/3012/bt3012.jpg	https://data2.dawateislami.net/Data/Books/Download/ur/pdf/2022/3012-1.pdf?fn=mahnama-faizan-e-madina-july-2022		
?????? ???????	Ameer-e-Ahl-e-Sunnat	17	https://data2.dawateislami.net/Data/Books/Read/ur/2022/3011/bt3011.jpg	https://data2.dawateislami.net/Data/Books/Download/ur/pdf/2022/3011-1.pdf?fn=fazail-e-istighfar		
????? ????? ???? ???	Ameer-e-Ahl-e-Sunnat	14	https://data2.dawateislami.net/Data/Books/Read/ur/2022/3010/bt3010.jpg	https://data2.dawateislami.net/Data/Books/Download/ur/pdf/2022/3010-1.pdf?fn=konsi-duniya-buri-hai		
??????? ?????? (??? ??????) ???-2022	Al Madina-tul-Ilmiyah	44	https://data2.dawateislami.net/Data/Books/Read/ur/2022/3009/bt3009.jpg	https://data2.dawateislami.net/Data/Books/Download/ur/pdf/2022/3009-1.pdf?fn=mahanama-khawateen-june-2022		
??? ?? ??????	Al Madina-tul-Ilmiyah	21	https://data2.dawateislami.net/Data/Books/Read/ur/2022/3008/bt3008.jpg	https://data2.dawateislami.net/Data/Books/Download/ur/pdf/2022/3008-1.pdf?fn=ilm-ki-barkatein		
???? ?? ?????	Al Madina-tul-Ilmiyah	10	https://data2.dawateislami.net/Data/Books/Read/ur/2022/3007/bt3007.jpg	https://data2.dawateislami.net/Data/Books/Download/ur/pdf/2022/3007-1.pdf?fn=tawakkal-kay-fazail		
????? ???? ???? ?? ??? ?????? ??? ???? ????	Ameer-e-Ahl-e-Sunnat	21	https://data2.dawateislami.net/Data/Books/Read/ur/2022/3006/bt3006.jpg	https://data2.dawateislami.net/Data/Books/Download/ur/pdf/2022/3006-1.pdf?fn=wuzu-kay-baray-mein-sawal-jawab		
????? ?? ?????	Al Madina-tul-Ilmiyah	23	https://data2.dawateislami.net/Data/Books/Read/ur/2022/3005/bt3005.jpg	https://data2.dawateislami.net/Data/Books/Download/ur/pdf/2022/3005-1.pdf?fn=sahaba-ki-baatein		
??????? ????? ????? ???- 2022	Al Madina-tul-Ilmiyah	66	https://data2.dawateislami.net/Data/Books/Read/ur/2022/3004/bt3004.jpg	https://data2.dawateislami.net/Data/Books/Download/ur/pdf/2022/3004-1.pdf?fn=mahnama-faizan-e-madina-june-2022		
126 ????? ??? ????	Ameer-e-Ahl-e-Sunnat	17	https://data2.dawateislami.net/Data/Books/Read/ur/2022/3003/bt3003.jpg	https://data2.dawateislami.net/Data/Books/Download/ur/pdf/2022/3003-1.pdf?fn=126-sunnatain-aur-adaab		
??????? ?????? (??? ??????) ???-2022	Al Madina-tul-Ilmiyah	44	https://data2.dawateislami.net/Data/Books/Read/ur/2022/3002/bt3002.jpg	https://data2.dawateislami.net/Data/Books/Download/ur/pdf/2022/3002-1.pdf?fn=mahanama-khawateen-may-2022		
?????? ?????	Al Madina-tul-Ilmiyah	40	https://data2.dawateislami.net/Data/Books/Read/ur/2022/3000/bt3000.jpg	https://data2.dawateislami.net/Data/Books/Download/ur/pdf/2022/3000-1.pdf?fn=arbaeen-e-haideri		
????? ???? ???? ?? ???? ?? ???? ??? ???? ????	Ameer-e-Ahl-e-Sunnat	19	https://data2.dawateislami.net/Data/Books/Read/ur/2022/2999/bt2999.jpg	https://data2.dawateislami.net/Data/Books/Download/ur/pdf/2022/2999-1.pdf?fn=jannat-kay-baray-mein-sawal-jawab		
??????? ??? ????? ?? ???? ?? ???? ???	Majlis-e-Ifta	49	https://data2.dawateislami.net/Data/Books/Read/ur/2022/2998/bt2998.jpg	https://data2.dawateislami.net/Data/Books/Download/ur/pdf/2022/2998-1.pdf?fn=unglion-aur-daarhi-ke-khilal-ka-sharai-hukum		
?????? ????? ? ??????	Al Madina-tul-Ilmiyah	116	https://data2.dawateislami.net/Data/Books/Read/ur/2022/2997/bt2997.jpg	https://data2.dawateislami.net/Data/Books/Download/ur/pdf/2022/2997-1.pdf?fn=islami-aqaid-o-masail		
???? ????? ?? ??????	Ameer-e-Ahl-e-Sunnat	19	https://data2.dawateislami.net/Data/Books/Read/ur/2022/2995/bt2995.jpg	https://data2.dawateislami.net/Data/Books/Download/ur/pdf/2022/2995-1.pdf?fn=namaz-parhne-ke-sawabat		
?????? ???? ????? ??? ??	Ameer-e-Ahl-e-Sunnat	35	https://data2.dawateislami.net/Data/Books/Read/ur/2022/2993/bt2993.jpg	https://data2.dawateislami.net/Data/Books/Download/ur/pdf/2022/2993-1.pdf?fn=gharelu-masjid-banana-sunnat-hai		
"??? ??????? ?? ????? ???????? ?? ????? ????? ???????"	Mufti Muhammad Qasim Attari	1148	https://data2.dawateislami.net/Data/Books/Read/ur/2022/2517/bt2517.jpg	https://data2.dawateislami.net/Data/Books/Download/ur/pdf/2022/2517-1.pdf?fn=kanzul-irfan		
????? ?? ??????	Al Madina-tul-Ilmiyah	23	https://data2.dawateislami.net/Data/Books/Read/ur/2022/2992/bt2992.jpg	https://data2.dawateislami.net/Data/Books/Download/ur/pdf/2022/2992-1.pdf?fn=ayadat-ke-waqiyat		
??????? ????? ????? ???- 2022	Al Madina-tul-Ilmiyah	68	https://data2.dawateislami.net/Data/Books/Read/ur/2022/2988/bt2988.jpg	https://data2.dawateislami.net/Data/Books/Download/ur/pdf/2022/2988-1.pdf?fn=mahnama-faizan-e-madina-may-2022		
????? ???? ???? ?? ?????	Al Madina-tul-Ilmiyah	16	https://data2.dawateislami.net/Data/Books/Read/ur/2022/2987/bt2987.jpg	https://data2.dawateislami.net/Data/Books/Download/ur/pdf/2022/2987-1.pdf?fn=ameer-e-ahl-e-sunnat-ki-baatein		
??????? ?????? (??? ??????) ?????-2022	Ameer-e-Ahl-e-Sunnat	44	https://data2.dawateislami.net/Data/Books/Read/ur/2022/2985/bt2985.jpg	https://data2.dawateislami.net/Data/Books/Download/ur/pdf/2022/2985-1.pdf?fn=mahanama-khawateen-april-2022		
??? ??? ?? ???? ??? ???????	Ameer-e-Ahl-e-Sunnat	27	https://data2.dawateislami.net/Data/Books/Read/ur/2022/2984/bt2984.jpg	https://data2.dawateislami.net/Data/Books/Download/ur/pdf/2022/2984-1.pdf?fn=shab-e-qadar-kay-baray-main-maloomat		
????? ??????? ?? 106 ??????	Al Madina-tul-Ilmiyah	164	https://data2.dawateislami.net/Data/Books/Read/ur/2022/2983/bt2983.jpg	https://data2.dawateislami.net/Data/Books/Download/ur/pdf/2022/2983-1.pdf?fn=ramzan-ul-mubarak-kay-106-mazameen		
????? ???? ???? ?? ??????? ?? ???? ??? ???? ????	Al Madina-tul-Ilmiyah	16	https://data2.dawateislami.net/Data/Books/Read/ur/2022/2982/bt2982.jpg	https://data2.dawateislami.net/Data/Books/Download/ur/pdf/2022/2982-1.pdf?fn=namaz-e-witr-ke-bare-main-sawal		
?????? ????? ??? ????? ??? ??? ????? ???? ???? ????	Rukn e Shura Abu Majid Muhammad Shahid Attari	30	https://data2.dawateislami.net/Data/Books/Read/ur/2022/2981/bt2981.jpg	https://data2.dawateislami.net/Data/Books/Download/ur/pdf/2022/2981-1.pdf?fn=syed-mubarak-ali-shah-alwari		
????? ?? ????? ??  ????? ??? ????? ?????? ?? ?????	Majlis-e-Ifta	17	https://data2.dawateislami.net/Data/Books/Read/ur/2022/2978/bt2978.jpg	https://data2.dawateislami.net/Data/Books/Download/ur/pdf/2022/2978-1.pdf?fn=miswak-ki-fazilat-ki-pehchan		
????? ?? ??????	Majlis-e-Ifta	13	https://data2.dawateislami.net/Data/Books/Read/ur/2022/2977/bt2977.jpg	https://data2.dawateislami.net/Data/Books/Download/ur/pdf/2022/2977-1.pdf?fn=ramzan-ke-fatawa		
????? ?? ???	Ameer-e-Ahl-e-Sunnat	2	https://data2.dawateislami.net/Data/Books/Read/ur/2022/2976/bt2976.jpg	https://data2.dawateislami.net/Data/Books/Download/ur/pdf/2022/2976-1.pdf?fn=ramzan-ki-shan	https://data2.dawateislami.net/download/islam/ur/mp3/2022/107767.mp3	https://data2.dawateislami.net/download/islam/ur/mp3/2022/107767.mp3?fn=%D8%B1%D9%85%D8%B6%D8%A7%D9%86%20%DA%A9%DB%8C%20%D8%B4%D8%A7%D9%86.mp3
?? ????? ????	Mufti Muhammad Qasim Attari	620	https://data2.dawateislami.net/Data/Books/Read/ur/2022/2975/bt2975.jpg	https://data2.dawateislami.net/Data/Books/Download/ur/pdf/2022/2975-1.pdf?fn=ae-iman-walo		
?????? ?? ????? ??? ????? ??????	Mufti Muhammad Qasim Attari	25	https://data2.dawateislami.net/Data/Books/Read/ur/2022/2974/bt2974.jpg	https://data2.dawateislami.net/Data/Books/Download/ur/pdf/2022/2974-1.pdf?fn=surton-ka-taruf		
???? ??? ???? ????? ?? ????? ??? ???? ?????	Majlis-e-Ifta	80	https://data2.dawateislami.net/Data/Books/Read/ur/2022/2973/bt2973.jpg	https://data2.dawateislami.net/Data/Books/Download/ur/pdf/2022/2973-1.pdf?fn=misli-aur-qimi-ashiya-ki-pehchan-aur-sharai-ahkam		
??????? ????? ????? ?????- 2022	Al Madina-tul-Ilmiyah	68	https://data2.dawateislami.net/Data/Books/Read/ur/2022/2972/bt2972.jpg	https://data2.dawateislami.net/Data/Books/Download/ur/pdf/2022/2972-1.pdf?fn=mahnama-faizan-e-madina-april-2022		
??????? ?? ?????	Ameer-e-Ahl-e-Sunnat	23	https://data2.dawateislami.net/Data/Books/Read/ur/2022/2971/bt2971.jpg	https://data2.dawateislami.net/Data/Books/Download/ur/pdf/2022/2971-1.pdf?fn=samjhane-ka-tariqa		
??????? ??? ??	Ameer-e-Ahl-e-Sunnat	19	https://data2.dawateislami.net/Data/Books/Read/ur/2022/2970/bt2970.jpg	https://data2.dawateislami.net/Data/Books/Download/ur/pdf/2022/2970-1.pdf?fn=muskurana-sunnat-hai		
??????? ?????? (??? ??????) ????-2022	Al Madina-tul-Ilmiyah	44	https://data2.dawateislami.net/Data/Books/Read/ur/2022/2969/bt2969.jpg	https://data2.dawateislami.net/Data/Books/Download/ur/pdf/2022/2969-1.pdf?fn=mahanama-khawateen-mar-2022		
?????? ???? ?? ???????	Ameer-e-Ahl-e-Sunnat	19	https://data2.dawateislami.net/Data/Books/Read/ur/2022/2967/bt2967.jpg	https://data2.dawateislami.net/Data/Books/Download/ur/pdf/2022/2967-1.pdf?fn=tandrust-rehne-ke-formula		
???? ???? ?? ???	Ameer-e-Ahl-e-Sunnat	23	https://data2.dawateislami.net/Data/Books/Read/ur/2022/2965/bt2965.jpg	https://data2.dawateislami.net/Data/Books/Download/ur/pdf/2022/2965-1.pdf?fn=mareez-tabib-ban-gaya		
??????? ????? ????? ????- 2022	Al Madina-tul-Ilmiyah	68	https://data2.dawateislami.net/Data/Books/Read/ur/2022/2964/bt2964.jpg	https://data2.dawateislami.net/Data/Books/Download/ur/pdf/2022/2964-1.pdf?fn=mahnama-faizan-e-madina-march-2022		
?? ? ???? ?????? ????? ?? ????? ???	Majlis-e-Ifta	124	https://data2.dawateislami.net/Data/Books/Read/ur/2022/2963/bt2963.jpg	https://data2.dawateislami.net/Data/Books/Download/ur/pdf/2022/2963-1.pdf?fn=shak-o-yaqeen-qawaid-e-fiqhiya-ki-roshni-mein		
?????? ?? ????? ?????	Majlis-e-Ifta	180	https://data2.dawateislami.net/Data/Books/Read/ur/2022/2962/bt2962.jpg	https://data2.dawateislami.net/Data/Books/Download/ur/pdf/2022/2962-1.pdf?fn=khawateen-ke-makhsoos-masail		
???? ?? ???? ?????	Majlis-e-Ifta	220	https://data2.dawateislami.net/Data/Books/Read/ur/2022/2961/bt2961.jpg	https://data2.dawateislami.net/Data/Books/Download/ur/pdf/2022/2961-1.pdf?fn=zeenat-ke-sharai-ahkam		
???? ?? ??????	Al Madina-tul-Ilmiyah	21	https://data2.dawateislami.net/Data/Books/Read/ur/2022/2957/bt2957.jpg	https://data2.dawateislami.net/Data/Books/Download/ur/pdf/2022/2957-1.pdf?fn=jungle-ka-badshah		
?????? ???? ?? ??? ???????? ????? ????????	Al Madina-tul-Ilmiyah	19	https://data2.dawateislami.net/Data/Books/Read/ur/2022/2956/bt2956.jpg	https://data2.dawateislami.net/Data/Books/Download/ur/pdf/2022/2956-1.pdf?fn=faizan-e-imam-shafi		
??? ?????? ??? ????? ?????? ?? 72 ??????	Al Madina-tul-Ilmiyah	129	https://data2.dawateislami.net/Data/Books/Read/ur/2022/2955/bt2955.jpg	https://data2.dawateislami.net/Data/Books/Download/ur/pdf/2022/2955-1.pdf?fn=rajab-aur-shaban-kay-72-mazameen		
??????? ?????? (??? ??????) ?????-2022	Al Madina-tul-Ilmiyah	44	https://data2.dawateislami.net/Data/Books/Read/ur/2022/2954/bt2954.jpg	https://data2.dawateislami.net/Data/Books/Download/ur/pdf/2022/2954-1.pdf?fn=mahanama-khawateen-feb-2022		
????? ???? ???? ?? ????? ?? ???? ??? ???? ????	Al Madina-tul-Ilmiyah	19	https://data2.dawateislami.net/Data/Books/Read/ur/2022/2953/bt2953.jpg	https://data2.dawateislami.net/Data/Books/Download/ur/pdf/2022/2953-1.pdf?fn=shayari-kay-baray-main-sawal-jawab		
?????? ?????	Al Madina-tul-Ilmiyah	25	https://data2.dawateislami.net/Data/Books/Read/ur/2022/2940/bt2940.jpg	https://data2.dawateislami.net/Data/Books/Download/ur/pdf/2022/2940-1.pdf?fn=arbaeen-e-siddique		
??? ??? ?? ???? ???? ??? ???	Ameer-e-Ahl-e-Sunnat	25	https://data2.dawateislami.net/Data/Books/Read/ur/2022/2938/bt2938.jpg	https://data2.dawateislami.net/Data/Books/Download/ur/pdf/2022/2938-1.pdf?fn=gunahon-ki-aadat-kaisay-khatam-ho		
?????? ???? ???? ???? ???????? ????? ???????? ????????	Ameer-e-Ahl-e-Sunnat	23	https://data2.dawateislami.net/Data/Books/Read/ur/2022/2937/bt2937.jpg	https://data2.dawateislami.net/Data/Books/Download/ur/pdf/2022/2937-1.pdf?fn=faizan-e-imam-jafar-sadiq		
??? ???? ??? ???? ???? ???? ????? ???	Ameer-e-Ahl-e-Sunnat	22	https://data2.dawateislami.net/Data/Books/Read/ur/2022/2935/bt2935.jpg	https://data2.dawateislami.net/Data/Books/Download/ur/pdf/2022/2935-1.pdf?fn=kya-sadqa-main-kali-murgi-dena-zaroori-hai		
????? ???? ???? ?? ???? ???? ?? ???? ??? ???? ????	Al Madina-tul-Ilmiyah	19	https://data2.dawateislami.net/Data/Books/Read/ur/2022/2934/bt2934.jpg	https://data2.dawateislami.net/Data/Books/Download/ur/pdf/2022/2934-1.pdf?fn=miyan-bivi-kay-baray-main-sawal-jawab		
??? ?? ????	Ameer-e-Ahl-e-Sunnat	19	https://data2.dawateislami.net/Data/Books/Read/ur/2022/2933/bt2933.jpg	https://data2.dawateislami.net/Data/Books/Download/ur/pdf/2022/2933-1.pdf?fn=arsh-ka-saya		
????? ?????? (??? ???)	Al Madina-tul-Ilmiyah	290	https://data2.dawateislami.net/Data/Books/Read/ur/2022/2932/bt2932.jpg	https://data2.dawateislami.net/Data/Books/Download/ur/pdf/2022/2932-1.pdf?fn=quran-sikhiye-hissa-1		
????? ??? ???? ?? 35 ??????	Al Madina-tul-Ilmiyah	58	https://data2.dawateislami.net/Data/Books/Read/ur/2022/2930/bt2930.jpg	https://data2.dawateislami.net/Data/Books/Download/ur/pdf/2022/2930-1.pdf?fn=jamadi-ul-aakhir-kay-mazameen		
??? ??? ?? ??? ?? ???? ???? ?????	Ameer-e-Ahl-e-Sunnat	23	https://data2.dawateislami.net/Data/Books/Read/ur/2022/2929/bt2929.jpg	https://data2.dawateislami.net/Data/Books/Download/ur/pdf/2022/2929-1.pdf?fn=raat-der-tak-ghar-say-bahar-rehna-kaisa		
??????? ?????? (??? ??????) ?????-2022	Al Madina-tul-Ilmiyah	42	https://data2.dawateislami.net/Data/Books/Read/ur/2022/2928/bt2928.jpg	https://data2.dawateislami.net/Data/Books/Download/ur/pdf/2022/2928-1.pdf?fn=mahanama-khawateen-jan-2022		
????? ???? ???? ??? ???? ???	Al Madina-tul-Ilmiyah	19	https://data2.dawateislami.net/Data/Books/Read/ur/2022/2927/bt2927.jpg	https://data2.dawateislami.net/Data/Books/Download/ur/pdf/2022/2927-1.pdf?fn=farameen-e-siddiq-e-akbar		
??????? ????? ????? ?????- 2022	Al Madina-tul-Ilmiyah	68	https://data2.dawateislami.net/Data/Books/Read/ur/2021/2926/bt2926.jpg	https://data2.dawateislami.net/Data/Books/Download/ur/pdf/2021/2926-1.pdf?fn=mahnama-faizan-e-madina-feb-2022		
????? ?? ????? ??????? ?? ?????	Ameer-e-Ahl-e-Sunnat	23	https://data2.dawateislami.net/Data/Books/Read/ur/2021/2924/bt2924.jpg	https://data2.dawateislami.net/Data/Books/Download/ur/pdf/2021/2924-1.pdf?fn=logo-ko-faida-pohanchanay-kay-fazail		
?????? ?????? ???? ???? ??? ???? ????? ???????? ????? ???????? ????????	Rukn e Shura Abu Majid Muhammad Shahid Attari	22	https://data2.dawateislami.net/Data/Books/Read/ur/2021/2923/bt2923.jpg	https://data2.dawateislami.net/Data/Books/Download/ur/pdf/2021/2923-1.pdf?fn=tazkira-e-maulana-mufti-muhammad-abdullah-tonki		
???? ?????? ?? ????? ????? ?????	Ameer-e-Ahl-e-Sunnat	23	https://data2.dawateislami.net/Data/Books/Read/ur/2021/2921/bt2921.jpg	https://data2.dawateislami.net/Data/Books/Download/ur/pdf/2021/2921-1.pdf?fn=keeray-makaron-ko-jala-kar-marna-kaisa		
??? ?? ????? ????? ??? ???? ?? ?????	Ameer-e-Ahl-e-Sunnat	27	https://data2.dawateislami.net/Data/Books/Read/ur/2021/2920/bt2920.jpg	https://data2.dawateislami.net/Data/Books/Download/ur/pdf/2021/2920-1.pdf?fn=ghar-say-larai-jhagra-khatam-karnay-ka-tariqa		
???? ?? ?????? ?? ??????	Ameer-e-Ahl-e-Sunnat	18	https://data2.dawateislami.net/Data/Books/Read/ur/2021/2906/bt2906.jpg	https://data2.dawateislami.net/Data/Books/Download/ur/pdf/2021/2906-1.pdf?fn=tauba-ki-qabooliyat-ki-alamat		
?????? ????? ??? ??????????? ???? ???????? ????? ???????? ????????	Rukn e Shura Abu Majid Muhammad Shahid Attari	27	https://data2.dawateislami.net/Data/Books/Read/ur/2021/2905/bt2905.jpg	https://data2.dawateislami.net/Data/Books/Download/ur/pdf/2021/2905-1.pdf?fn=tazkira-e-allama-abdul-ghafoor-qadri-rizvi		
?????? ?????? ??? ???? ????  ???????? ????? ???????? ????????	Rukn e Shura Abu Majid Muhammad Shahid Attari	29	https://data2.dawateislami.net/Data/Books/Read/ur/2021/2904/bt2904.jpg	https://data2.dawateislami.net/Data/Books/Download/ur/pdf/2021/2904-1.pdf?fn=tazkira-e-moulana-abdul-wahid-rizvi		
??????? ????? ????? ?????- 2022	Al Madina-tul-Ilmiyah	67	https://data2.dawateislami.net/Data/Books/Read/ur/2021/2895/bt2895.jpg	https://data2.dawateislami.net/Data/Books/Download/ur/pdf/2021/2895-1.pdf?fn=mahnama-faizan-e-madina-jan-2022		
??????????? ?????? ?????-2021?	Al Madina-tul-Ilmiyah	44	https://data2.dawateislami.net/Data/Books/Read/ur/2021/2888/bt2888.jpg	https://data2.dawateislami.net/Data/Books/Download/ur/pdf/2021/2888-1.pdf?fn=mahnama-khawateen-dec-2021		
????? ?? ?????	Al Madina-tul-Ilmiyah	23	https://data2.dawateislami.net/Data/Books/Read/ur/2021/2887/bt2887.jpg	https://data2.dawateislami.net/Data/Books/Download/ur/pdf/2021/2887-1.pdf?fn=bukhar-kay-baray-main-maloomat		
????? ???? ???????? ????????? ?? ???? ??? ????? ???????	Al Madina-tul-Ilmiyah	19	https://data2.dawateislami.net/Data/Books/Read/ur/2021/2886/bt2886.jpg	https://data2.dawateislami.net/Data/Books/Download/ur/pdf/2021/2886-1.pdf?fn=hazrat-adam		
?????????? ????	Ameer-e-Ahl-e-Sunnat	23	https://data2.dawateislami.net/Data/Books/Read/ur/2021/2885/bt2885.jpg	https://data2.dawateislami.net/Data/Books/Download/ur/pdf/2021/2885-1.pdf?fn=2-gudriyon-wala		
??? ??? ?????? ??? ???? ??? ???? ?? ??????	Ameer-e-Ahl-e-Sunnat	31	https://data2.dawateislami.net/Data/Books/Read/ur/2021/2884/bt2884.jpg	https://data2.dawateislami.net/Data/Books/Download/ur/pdf/2021/2884-1.pdf?fn=safar-main-khushaal		
????? ???? ???? ????? ????? ?? ???? ??? ???? ????	Al Madina-tul-Ilmiyah	19	https://data2.dawateislami.net/Data/Books/Read/ur/2021/2883/bt2883.jpg	https://data2.dawateislami.net/Data/Books/Download/ur/pdf/2021/2883-1.pdf?fn=name-rakhnay-kay-baray-main-suwalat		
?????? ???? ??? ???? ?? ???? ?????? ????? ???????? ?????????	Al Madina-tul-Ilmiyah	19	https://data2.dawateislami.net/Data/Books/Read/ur/2021/2882/bt2882.jpg	https://data2.dawateislami.net/Data/Books/Download/ur/pdf/2021/2882-1.pdf?fn=hazrat-abdullah-bin-zubair		
???? ???? ?? ?????	Ameer-e-Ahl-e-Sunnat	19	https://data2.dawateislami.net/Data/Books/Read/ur/2021/2881/bt2881.jpg	https://data2.dawateislami.net/Data/Books/Download/ur/pdf/2021/2881-1.pdf?fn=safaid-murgh-kay-fawaid		
??????? ? ?????? ?? ????? ?????	Al Madina-tul-Ilmiyah	436	https://data2.dawateislami.net/Data/Books/Read/ur/2021/2880/bt2880.jpg	https://data2.dawateislami.net/Data/Books/Download/ur/pdf/2021/2880-1.pdf?fn=sahabiyat-wa-salihat-ke-aala-ausaf		
??? ?? ??? ????? ???	Ameer-e-Ahl-e-Sunnat	23	https://data2.dawateislami.net/Data/Books/Read/ur/2021/2877/bt2877.jpg	https://data2.dawateislami.net/Data/Books/Download/ur/pdf/2021/2877-1.pdf?fn=haya-say-kya-murad-hai		
?????? ???? ???? ????? ???????? ????? ???????? ????????	Rukn e Shura Abu Majid Muhammad Shahid Attari	27	https://data2.dawateislami.net/Data/Books/Read/ur/2021/2876/bt2876.jpg	https://data2.dawateislami.net/Data/Books/Download/ur/pdf/2021/2876-1.pdf?fn=tazkirah-e-miya-sahab-alwari		
????? ?????? ???????? ??? ???????? ????? ???????? ????????	Rukn e Shura Abu Majid Muhammad Shahid Attari	14	https://data2.dawateislami.net/Data/Books/Read/ur/2021/2875/bt2875.jpg	https://data2.dawateislami.net/Data/Books/Download/ur/pdf/2021/2875-1.pdf?fn=tazkirah-maulana-sardar-ali-khan		
????? ???? ????? ??? ??? ???????? ????? ???????? ????????	Rukn e Shura Abu Majid Muhammad Shahid Attari	30	https://data2.dawateislami.net/Data/Books/Read/ur/2021/2874/bt2874.jpg	https://data2.dawateislami.net/Data/Books/Download/ur/pdf/2021/2874-1.pdf?fn=tazkirah-mufti-ejaz-wali-khan		
???? ???? ??? ??? ??? ??? ????????	Rukn e Shura Abu Majid Muhammad Shahid Attari	43	https://data2.dawateislami.net/Data/Books/Read/ur/2021/2873/bt2873.jpg	https://data2.dawateislami.net/Data/Books/Download/ur/pdf/2021/2873-1.pdf?fn=mufti-taqaddus-ali-khan		
 ?????? ?????? ???? ???? ???????? ????? ???????? ????????	Rukn e Shura Abu Majid Muhammad Shahid Attari	11	https://data2.dawateislami.net/Data/Books/Read/ur/2021/2872/bt2872.jpg	https://data2.dawateislami.net/Data/Books/Download/ur/pdf/2021/2872-1.pdf?fn=tazkirah-e-dada-ji-miya-sahab		
????? ??? ???? ????? ?????	Ameer-e-Ahl-e-Sunnat	25	https://data2.dawateislami.net/Data/Books/Read/ur/2021/2871/bt2871.jpg	https://data2.dawateislami.net/Data/Books/Download/ur/pdf/2021/2871-1.pdf?fn=aajizi-main-jhoot-bolna-kaisa		
??????? ????? ????? ????? 2021	Al Madina-tul-Ilmiyah	68	https://data2.dawateislami.net/Data/Books/Read/ur/2021/2870/bt2870.jpg	https://data2.dawateislami.net/Data/Books/Download/ur/pdf/2021/2870-1.pdf?fn=mahnama-faizan-e-madina-dec-2021		
????? ?? ???? ???????	Ameer-e-Ahl-e-Sunnat	19	https://data2.dawateislami.net/Data/Books/Read/ur/2021/2868/bt2868.jpg	https://data2.dawateislami.net/Data/Books/Download/ur/pdf/2021/2868-1.pdf?fn=khana-kahanay-ki-5-sunnat		
????? ???? ???? ?? ????? ???? ?? ???? ??? ???? ????	Al Madina-tul-Ilmiyah	19	https://data2.dawateislami.net/Data/Books/Read/ur/2021/2867/bt2867.jpg	https://data2.dawateislami.net/Data/Books/Download/ur/pdf/2021/2867-1.pdf?fn=asaan-shadi-ke-baray-me-suwal-jawab		
??? ???????? ????? ??? ???	Ameer-e-Ahl-e-Sunnat	21	https://data2.dawateislami.net/Data/Books/Read/ur/2021/2866/bt2866.jpg	https://data2.dawateislami.net/Data/Books/Download/ur/pdf/2021/2866-1.pdf?fn=kia-strawberry-jahannami-phal-hai		
?? ?? ????????? ?? ?????	Ameer-e-Ahl-e-Sunnat	27	https://data2.dawateislami.net/Data/Books/Read/ur/2021/2865/bt2865.jpg	https://data2.dawateislami.net/Data/Books/Download/ur/pdf/2021/2865-1.pdf?fn=tauba-o-istighfar-kay-fazail		
????? ??????? ??????? ?? ????	Ameer-e-Ahl-e-Sunnat	25	https://data2.dawateislami.net/Data/Books/Read/ur/2021/2864/bt2864.jpg	https://data2.dawateislami.net/Data/Books/Download/ur/pdf/2021/2864-1.pdf?fn=jhooti-afwahain-phelanay-ka-azaab		
??? ???? ?????? ?? ?????	Ameer-e-Ahl-e-Sunnat	23	https://data2.dawateislami.net/Data/Books/Read/ur/2021/2863/bt2863.jpg	https://data2.dawateislami.net/Data/Books/Download/ur/pdf/2021/2863-1.pdf?fn=chand-lafzi-ghaltion-ki-islaah		
???? ?????? ?? 58 ??????	Al Madina-tul-Ilmiyah	98	https://data2.dawateislami.net/Data/Books/Read/ur/2021/2859/bt2859.jpg	https://data2.dawateislami.net/Data/Books/Download/ur/pdf/2021/2859-1.pdf?fn=rabi-ul-akhir-kay-mazameen		
??????? ?????? (??? ??????) ?????-2021	Al Madina-tul-Ilmiyah	44	https://data2.dawateislami.net/Data/Books/Read/ur/2021/2857/bt2857.jpg	https://data2.dawateislami.net/Data/Books/Download/ur/pdf/2021/2857-1.pdf?fn=mahnama-khawateen-web-edition		
????? ??? ?? ?? ????? ???? ???? ??? ?? ???	Ameer-e-Ahl-e-Sunnat	22	https://data2.dawateislami.net/Data/Books/Read/ur/2021/2856/bt2856.jpg	https://data2.dawateislami.net/Data/Books/Download/ur/pdf/2021/2856-1.pdf?fn=rishton-mein-sab-say-ziyada-nazuk-rishta-konsa-hai		
??????? ????? ??? ????? ?? ???? ??????	Ameer-e-Ahl-e-Sunnat	37	https://data2.dawateislami.net/Data/Books/Read/ur/2021/2853/bt2853.jpg	https://data2.dawateislami.net/Data/Books/Download/ur/pdf/2021/2853-1.pdf?fn=insani-zindagi-main-awaz-ka-aham-kirdaar		
??? ????? ??? ?????? ???? ????	Ameer-e-Ahl-e-Sunnat	16	https://data2.dawateislami.net/Data/Books/Read/ur/2021/2852/bt2852.jpg	https://data2.dawateislami.net/Data/Books/Download/ur/pdf/2021/2852-1.pdf?fn=kya-janwar-bhi-ba-adab-hotay-hain		
???? ??? ????? ??????? ????	Ameer-e-Ahl-e-Sunnat	19	https://data2.dawateislami.net/Data/Books/Read/ur/2021/2851/bt2851.jpg	https://data2.dawateislami.net/Data/Books/Download/ur/pdf/2021/2851-1.pdf?fn=imam-abu-hanifa-ka-husne-sulook		
??? ??????? ???? ????	Ameer-e-Ahl-e-Sunnat	23	https://data2.dawateislami.net/Data/Books/Read/ur/2021/2850/bt2850.jpg	https://data2.dawateislami.net/Data/Books/Download/ur/pdf/2021/2850-1.pdf?fn=aib-chupao-jannat-pao		
?????? ?????? ????????? ????	Al Madina-tul-Ilmiyah	19	https://data2.dawateislami.net/Data/Books/Read/ur/2021/2849/bt2849.jpg	https://data2.dawateislami.net/Data/Books/Download/ur/pdf/2021/2849-1.pdf?fn=lakhon-nekiyan-aur-lakhon-gunah		
???? ?? ???? ?? ????? ???? ????? ?????	Ameer-e-Ahl-e-Sunnat	17	https://data2.dawateislami.net/Data/Books/Read/ur/2021/2848/bt2848.jpg	https://data2.dawateislami.net/Data/Books/Download/ur/pdf/2021/2848-1.pdf?fn=bachon-ko-namaz-ka-paband-kaisay-banaya-jaye		
????? ???? ???? ?? ?????? ?? ???? ??? ??????	Al Madina-tul-Ilmiyah	19	https://data2.dawateislami.net/Data/Books/Read/ur/2021/2843/bt2843.jpg	https://data2.dawateislami.net/Data/Books/Download/ur/pdf/2021/2843-1.pdf?fn=ameer-e-ahle-sunnat-say-aurto-kay-baray		
??????? ?? ??? ??? ??? ???? ???	Ameer-e-Ahl-e-Sunnat	21	https://data2.dawateislami.net/Data/Books/Read/ur/2021/2842/bt2842.jpg	https://data2.dawateislami.net/Data/Books/Download/ur/pdf/2021/2842-1.pdf?fn=janwaron-ki-rooh-qabz-kon-karta-hai		
???????? ?? ?????? ?? ?????? ?? ???? ???? ???	Ameer-e-Ahl-e-Sunnat	22	https://data2.dawateislami.net/Data/Books/Read/ur/2021/2833/bt2833.jpg	https://data2.dawateislami.net/Data/Books/Download/ur/pdf/2021/2833-1.pdf?fn=kya-aulaad-ko-dekhnay-say-walidain		
25 ?????? ?????????	Al Madina-tul-Ilmiyah	26	https://data2.dawateislami.net/Data/Books/Read/ur/2021/2831/bt2831.jpg	https://data2.dawateislami.net/Data/Books/Download/ur/pdf/2021/2831-1.pdf?fn=25-hikayaate-durood-o-salam		
?? ?? ????? ??? ???? ???	Ameer-e-Ahl-e-Sunnat	19	https://data2.dawateislami.net/Data/Books/Read/ur/2021/2829/bt2829.jpg	https://data2.dawateislami.net/Data/Books/Download/ur/pdf/2021/2829-1.pdf?fn=kis-kis-ko-aib-bata-saktay-hai		
?????? ???? ???? ?? ????	Al Madina-tul-Ilmiyah	17	https://data2.dawateislami.net/Data/Books/Read/ur/2021/2828/bt2828.jpg	https://data2.dawateislami.net/Data/Books/Download/ur/pdf/2021/2828-1.pdf?fn=faizan-e-imam-ahmed-bin-hanbal		
??? ????? ?? ????? ?? ???? ?? ??? ???? ?????? ???	Ameer-e-Ahl-e-Sunnat	22	https://data2.dawateislami.net/Data/Books/Read/ur/2021/2827/bt2827.jpg	https://data2.dawateislami.net/Data/Books/Download/ur/pdf/2021/2827-1.pdf?fn=kya-ustad-kay-marnay-say-jahannam		
??? ?? ???? ?? ?????	Ameer-e-Ahl-e-Sunnat	27	https://data2.dawateislami.net/Data/Books/Read/ur/2021/2826/bt2826.jpg	https://data2.dawateislami.net/Data/Books/Download/ur/pdf/2021/2826-1.pdf?fn=wazan-kam-karnay-ka-tariqa-qisst-196		
????? ????? ??? ???? ???? ???? ???? ? ???? ?? ????? ???	Majlis-e-Ifta	100	https://data2.dawateislami.net/Data/Books/Read/ur/2021/2825/bt2825.jpg	https://data2.dawateislami.net/Data/Books/Download/ur/pdf/2021/2825-1.pdf?fn=milad-un-nabi-quran-o-hadees-ki-roshni-mein		
?????????? ?? ????? ??? ????? ??????? ?????	Ameer-e-Ahl-e-Sunnat	18	https://data2.dawateislami.net/Data/Books/Read/ur/2021/2821/bt2821.jpg	https://data2.dawateislami.net/Data/Books/Download/ur/pdf/2021/2821-1.pdf?fn=motorcycle-kay-pechay-naam-waghera-likhwana-kaisa		
???? ??? ??? ???? ?? ??????	Ameer-e-Ahl-e-Sunnat	20	https://data2.dawateislami.net/Data/Books/Read/ur/2021/2820/bt2820.jpg	https://data2.dawateislami.net/Data/Books/Download/ur/pdf/2021/2820-1.pdf?fn=namaz-mein-dil-lagnay-ka-wazifa		
??????? ????? ????? ????? 2021	Al Madina-tul-Ilmiyah	68	https://data2.dawateislami.net/Data/Books/Read/ur/2021/2814/bt2814.jpg	https://data2.dawateislami.net/Data/Books/Download/ur/pdf/2021/2814-1.pdf?fn=mahnama-faizan-e-madina-nov-2021		
??? ? ????? ????? ???? ???? ?????? ???? ?????	Al Madina-tul-Ilmiyah	40	https://data2.dawateislami.net/Data/Books/Read/ur/2021/2813/bt2813.jpg	https://data2.dawateislami.net/Data/Books/Download/ur/pdf/2021/2813-1.pdf?fn=husn-e-jamal-e-mustafa		
???????? ???????? ???????? ?? ?????? ???? ?? ?????	Ameer-e-Ahl-e-Sunnat	21	https://data2.dawateislami.net/Data/Books/Read/ur/2021/2812/bt2812.jpg	https://data2.dawateislami.net/Data/Books/Download/ur/pdf/2021/2812-1.pdf?fn=ibrahim-ka-qurbani-karnay-ka-waqia		
??????? 98 ????? ??? ????	Ameer-e-Ahl-e-Sunnat	23	https://data2.dawateislami.net/Data/Books/Read/ur/2021/2808/bt2808.jpg	https://data2.dawateislami.net/Data/Books/Download/ur/pdf/2021/2808-1.pdf?fn=98-sunnatain-aur-adaab		
??? ????? ???? ?????? ?? ?????? ???	Ameer-e-Ahl-e-Sunnat	0	https://data2.dawateislami.net/Data/Books/Read/ur/2021/2807/bt2807.jpg	https://data2.dawateislami.net/Data/Books/Download/ur/pdf/2021/2807-1.pdf?fn=kya-aqeeqah-karna-shafat-ka-zariya-hai		
??? ?????? ???? ??? ???? ????	Ameer-e-Ahl-e-Sunnat	0	https://data2.dawateislami.net/Data/Books/Read/ur/2021/2806/bt2806.jpg	https://data2.dawateislami.net/Data/Books/Download/ur/pdf/2021/2806-1.pdf?fn=kya-zamana-e-nabwi-mein-chawal-thay		
????? ??? ???? ????	Ameer-e-Ahl-e-Sunnat	20	https://data2.dawateislami.net/Data/Books/Read/ur/2021/2790/bt2790.jpg	https://data2.dawateislami.net/Data/Books/Download/ur/pdf/2021/2790-1.pdf?fn=musibat-mein-gussa-ana		
????? ?????? ?? ???????	Al Madina-tul-Ilmiyah	132	https://data2.dawateislami.net/Data/Books/Read/ur/2021/2785/bt2785.jpg	https://data2.dawateislami.net/Data/Books/Download/ur/pdf/2021/2785-1.pdf?fn=zahiri-gunahon-ki-malomat		
???????? ??? ????????? ????? ?? ????????	Ameer-e-Ahl-e-Sunnat	20	https://data2.dawateislami.net/Data/Books/Read/ur/2021/2778/bt2778.jpg	https://data2.dawateislami.net/Data/Books/Download/ur/pdf/2021/2778-1.pdf?fn=wazaif-parhnay-ki-barkatein		
????? ???? ???? ?? ????? ? ?????	Majlis-e-Ifta	15	https://data2.dawateislami.net/Data/Books/Read/ur/2021/2777/bt2777.jpg	https://data2.dawateislami.net/Data/Books/Download/ur/pdf/2021/2777-1.pdf?fn=islam-qabol-karne-ki-ahmiyat-o-fazilat		
????? ???? ??? ????????? ????	Ameer-e-Ahl-e-Sunnat	19	https://data2.dawateislami.net/Data/Books/Read/ur/2021/2776/bt2776.jpg	https://data2.dawateislami.net/Data/Books/Download/ur/pdf/2021/2776-1.pdf?fn=ala-hazrat-aur-ameer-ahl-e-sunnat		
??? ?? ?????	Ameer-e-Ahl-e-Sunnat	19	https://data2.dawateislami.net/Data/Books/Read/ur/2021/2775/bt2775.jpg	https://data2.dawateislami.net/Data/Books/Download/ur/pdf/2021/2775-1.pdf?fn=sabar-kay-fazail		
???? ???? ?? ???????	Ameer-e-Ahl-e-Sunnat	12	https://data2.dawateislami.net/Data/Books/Read/ur/2021/2770/bt2770.jpg	https://data2.dawateislami.net/Data/Books/Download/ur/pdf/2021/2770-1.pdf?fn=achay-bachon-ki-khususiyaat		
?????? ??? ??? ?? ?????	Ameer-e-Ahl-e-Sunnat	19	https://data2.dawateislami.net/Data/Books/Read/ur/2021/2769/bt2769.jpg	https://data2.dawateislami.net/Data/Books/Download/ur/pdf/2021/2769-1.pdf?fn=baba-jee-aur-ghar-kay-jhagray		
??????? ???????	Ameer-e-Ahl-e-Sunnat	68	https://data2.dawateislami.net/Data/Books/Read/ur/2021/2768/bt2768.jpg	https://data2.dawateislami.net/Data/Books/Download/ur/pdf/2021/2768-1.pdf?fn=wasail-e-firdos		
??????? ????? (??? 4)	Al Madina-tul-Ilmiyah	332	https://data2.dawateislami.net/Data/Books/Read/ur/2021/2766/bt2766.jpg	https://data2.dawateislami.net/Data/Books/Download/ur/pdf/2021/2766-1.pdf?fn=aaiye-quran-samajhte-hen-hissa-4		
????? ?? ??? ??????? ?? ?????	Ameer-e-Ahl-e-Sunnat	12	https://data2.dawateislami.net/Data/Books/Read/ur/2021/2765/bt2765.jpg	https://data2.dawateislami.net/Data/Books/Download/ur/pdf/2021/2765-1.pdf?fn=janwar-ki-umar-pehchanney-ka-tariqa		
???? ????? ??????	Al Madina-tul-Ilmiyah	9	https://data2.dawateislami.net/Data/Books/Read/ur/2021/2764/bt2764.jpg	https://data2.dawateislami.net/Data/Books/Download/ur/pdf/2021/2764-1.pdf?fn=youm-e-dawat-e-islami		
??????? ????? ????? ?????? 2021	Al Madina-tul-Ilmiyah	68	https://data2.dawateislami.net/Data/Books/Read/ur/2021/2763/bt2763.jpg	https://data2.dawateislami.net/Data/Books/Download/ur/pdf/2021/2763-1.pdf?fn=mahnama-faizan-e-madina-oct-2021		
???????? ???? ?? ???? ?? ???? ??? ??????	Ameer-e-Ahl-e-Sunnat	19	https://data2.dawateislami.net/Data/Books/Read/ur/2021/2762/bt2762.jpg	https://data2.dawateislami.net/Data/Books/Download/ur/pdf/2021/2762-1.pdf?fn=ameer-ahl-e-sunnat-say-bachon-kay-baray		
??? ???? ???? ????? ???	Ameer-e-Ahl-e-Sunnat	16	https://data2.dawateislami.net/Data/Books/Read/ur/2021/2758/bt2758.jpg	https://data2.dawateislami.net/Data/Books/Download/ur/pdf/2021/2758-1.pdf?fn=kya-mureed-hona-zaroori-hai		
????? ?? ???? ??????? ???? ???????	Ameer-e-Ahl-e-Sunnat	11	https://data2.dawateislami.net/Data/Books/Read/ur/2021/2757/bt2757.jpg	https://data2.dawateislami.net/Data/Books/Download/ur/pdf/2021/2757-1.pdf?fn=qayamat-ki-kitni-nishaniyan-zahir-ho-chukin		
??? ?????? ????? ??? ?? ?????	Ameer-e-Ahl-e-Sunnat	27	https://data2.dawateislami.net/Data/Books/Read/ur/2021/2756/bt2756.jpg	https://data2.dawateislami.net/Data/Books/Download/ur/pdf/2021/2756-1.pdf?fn=naat-khwanon-kay-liye-kaam-ki-baatein		
?????? ?? ????	Ameer-e-Ahl-e-Sunnat	17	https://data2.dawateislami.net/Data/Books/Read/ur/2021/2755/bt2755.jpg	https://data2.dawateislami.net/Data/Books/Download/ur/pdf/2021/2755-1.pdf?fn=nojawan-ki-toba		
????? ?? ???????? ?? ???? ??? ????? ?????	Ameer-e-Ahl-e-Sunnat	11	https://data2.dawateislami.net/Data/Books/Read/ur/2021/2753/bt2753.jpg	https://data2.dawateislami.net/Data/Books/Download/ur/pdf/2021/2753-1.pdf?fn=mayyit-kay-ghar-walon-ka-pehli-eid-manana-kaisa		
????? ??????? ?? ???? ??? ?????? ???????	Al Madina-tul-Ilmiyah	55	https://data2.dawateislami.net/Data/Books/Read/ur/2021/2751/bt2751.jpg	https://data2.dawateislami.net/Data/Books/Download/ur/pdf/2021/2751-1.pdf?fn=dawat-e-islami-kay-baray-main-dilchasp-maloomat		
??????? ??????? ?? ??? ???? ???? ?????	Ameer-e-Ahl-e-Sunnat	25	https://data2.dawateislami.net/Data/Books/Read/ur/2021/2750/bt2750.jpg	https://data2.dawateislami.net/Data/Books/Download/ur/pdf/2021/2750-1.pdf?fn=ramadan-ul-mubarak-ki-yaad-kaisay-taaza-karen		
??? ???? ??? ???? ??? ???? ???? ???? ?????	Ameer-e-Ahl-e-Sunnat	9	https://data2.dawateislami.net/Data/Books/Read/ur/2021/2749/bt2749.jpg	https://data2.dawateislami.net/Data/Books/Download/ur/pdf/2021/2749-1.pdf?fn=kya-ghusl-e-mayyit-wali-jagah		
?????? ????? ??????	Ameer-e-Ahl-e-Sunnat	13	https://data2.dawateislami.net/Data/Books/Read/ur/2021/2748/bt2748.jpg	https://data2.dawateislami.net/Data/Books/Download/ur/pdf/2021/2748-1.pdf?fn=hazriye-madina-ka-nuskha		
???? ?? ??? ??? ??? ??????? ???? ?? ???????	Ameer-e-Ahl-e-Sunnat	14	https://data2.dawateislami.net/Data/Books/Read/ur/2021/2747/bt2747.jpg	https://data2.dawateislami.net/Data/Books/Download/ur/pdf/2021/2747-1.pdf?fn=shadi-kay-baad-ghar-main-laraiyan		
???? ?? ??  ???? ?? ???? ???? ???? ???? ?? ??? ????	Ameer-e-Ahl-e-Sunnat	22	https://data2.dawateislami.net/Data/Books/Read/ur/2021/2746/bt2746.jpg	https://data2.dawateislami.net/Data/Books/Download/ur/pdf/2021/2746-1.pdf?fn=abe-zam-zam-peenay		
???? ???? ???? ?????	Ameer-e-Ahl-e-Sunnat	25	https://data2.dawateislami.net/Data/Books/Read/ur/2021/2745/bt2745.jpg	https://data2.dawateislami.net/Data/Books/Download/ur/pdf/2021/2745-1.pdf?fn=madani-channel-kaisay-bana		
????? ??? ???? ??????	Al Madina-tul-Ilmiyah	19	https://data2.dawateislami.net/Data/Books/Read/ur/2021/2744/bt2744.jpg	https://data2.dawateislami.net/Data/Books/Download/ur/pdf/2021/2744-1.pdf?fn=juye-mein-jeeta-howa-maal		
?????? ???? ???	Ameer-e-Ahl-e-Sunnat	39	https://data2.dawateislami.net/Data/Books/Read/ur/2021/2743/bt2743.jpg	https://data2.dawateislami.net/Data/Books/Download/ur/pdf/2021/2743-1.pdf?fn=faizan-e-ahl-e-bait		
????? ?? ?????? ??? ??? ?? ???? ??? ?????? ???????	Ameer-e-Ahl-e-Sunnat	35	https://data2.dawateislami.net/Data/Books/Read/ur/2021/2742/bt2742.jpg	https://data2.dawateislami.net/Data/Books/Download/ur/pdf/2021/2742-1.pdf?fn=sunnay-ki-ahmiyat		
??? ???? ??? ???? ?? ?????? ??? ???	Ameer-e-Ahl-e-Sunnat	13	https://data2.dawateislami.net/Data/Books/Read/ur/2021/2741/bt2741.jpg	https://data2.dawateislami.net/Data/Books/Download/ur/pdf/2021/2741-1.pdf?fn=kya-gaaye-aur-bakri-ka-jootha-pak-hai		
??????? ????? ????? ????? 2021	Al Madina-tul-Ilmiyah	68	https://data2.dawateislami.net/Data/Books/Read/ur/2021/2740/bt2740.jpg	https://data2.dawateislami.net/Data/Books/Download/ur/pdf/2021/2740-1.pdf?fn=mahnama-faizan-e-madina-sep-2021		
????? ????? ?????? ????????? ??????? ?? ??????	Al Madina-tul-Ilmiyah	19	https://data2.dawateislami.net/Data/Books/Read/ur/2021/2738/bt2738.jpg	https://data2.dawateislami.net/Data/Books/Download/ur/pdf/2021/2738-1.pdf?fn=imam-hussain-ke-waqiyaat		
??? ?? ??? ? ??? ?? ????? (????)	Al Madina-tul-Ilmiyah	34	https://data2.dawateislami.net/Data/Books/Read/ur/2021/2737/bt2737.jpg	https://data2.dawateislami.net/Data/Books/Download/ur/pdf/2021/2737-1.pdf?fn=mayyat-ke-ghusl-o-kafan-ka-tariqa-hanfi		
???? ???? ?????? ?? ??????? ??? ???? ?????	Al Madina-tul-Ilmiyah	18	https://data2.dawateislami.net/Data/Books/Read/ur/2021/2736/bt2736.jpg	https://data2.dawateislami.net/Data/Books/Download/ur/pdf/2021/2736-1.pdf?fn=apnay-opar-islah-ka-darwaaza-band-karna-kaisa		
??????? ????? (??? 3)	Al Madina-tul-Ilmiyah	252	https://data2.dawateislami.net/Data/Books/Read/ur/2021/2734/bt2734.jpg	https://data2.dawateislami.net/Data/Books/Download/ur/pdf/2021/2734-1.pdf?fn=aaiy-e-quran-samajhte-he-hissa-3		
???? ?? ????? ???? ?????	Ameer-e-Ahl-e-Sunnat	32	https://data2.dawateislami.net/Data/Books/Read/ur/2021/2732/bt2732.jpg	https://data2.dawateislami.net/Data/Books/Download/ur/pdf/2021/2732-1.pdf?fn=jinnat-say-dosti-karna-kaisa		
???????? ??????? ??????? ???? ???? ???? ??????	Ameer-e-Ahl-e-Sunnat	16	https://data2.dawateislami.net/Data/Books/Read/ur/2021/2731/bt2731.jpg	https://data2.dawateislami.net/Data/Books/Download/ur/pdf/2021/2731-1.pdf?fn=musalmanon-ko-faida-pohnchanay		
?????? ???? ???????? ????????????	Ameer-e-Ahl-e-Sunnat	33	https://data2.dawateislami.net/Data/Books/Read/ur/2021/2730/bt2730.jpg	https://data2.dawateislami.net/Data/Books/Download/ur/pdf/2021/2730-1.pdf?fn=gunahon-bhari-videos-upload-karna-kaisa		
??????? ???? ?? ???? ???? ????? ?????	Ameer-e-Ahl-e-Sunnat	31	https://data2.dawateislami.net/Data/Books/Read/ur/2021/2729/bt2729.jpg	https://data2.dawateislami.net/Data/Books/Download/ur/pdf/2021/2729-1.pdf?fn=mutala-karnay-ki-aadat-kaisay-banaye-jaye		
?? 6 ?????? ?? ??????	Ameer-e-Ahl-e-Sunnat	17	https://data2.dawateislami.net/Data/Books/Read/ur/2021/2723/bt2723.jpg	https://data2.dawateislami.net/Data/Books/Download/ur/pdf/2021/2723-1.pdf?fn=6-murdon-kay-waqiat		
????? ????? (??? ???) ?? ???? ?????? ?? ??????? ??????	Majlis-e-Ifta	94	https://data2.dawateislami.net/Data/Books/Read/ur/2021/2714/bt2714.jpg	https://data2.dawateislami.net/Data/Books/Download/ur/pdf/2021/2714-1.pdf?fn=fatawa-noriya-jild-1		
????? ??? ?? ???? ?? ??????	Ameer-e-Ahl-e-Sunnat	16	https://data2.dawateislami.net/Data/Books/Read/ur/2021/2713/bt2713.jpg	https://data2.dawateislami.net/Data/Books/Download/ur/pdf/2021/2713-1.pdf?fn=achanak-mout-say-aman-ka-wazifa		
??????? ?? ?????	Ameer-e-Ahl-e-Sunnat	14	https://data2.dawateislami.net/Data/Books/Read/ur/2021/2712/bt2712.jpg	https://data2.dawateislami.net/Data/Books/Download/ur/pdf/2021/2712-1.pdf?fn=janwaron-ka-ehsas		
550 ??????? ??? ?????	Ameer-e-Ahl-e-Sunnat	102	https://data2.dawateislami.net/Data/Books/Read/ur/2021/2711/bt2711.jpg	https://data2.dawateislami.net/Data/Books/Download/ur/pdf/2021/2711-1.pdf?fn=550-sunnatain-aur-aadaab		
??? ???? ??????? ???? ????? ??????? ????	Ameer-e-Ahl-e-Sunnat	15	https://data2.dawateislami.net/Data/Books/Read/ur/2021/2710/bt2710.jpg	https://data2.dawateislami.net/Data/Books/Download/ur/pdf/2021/2710-1.pdf?fn=kya-nili-aankhon-walay-dhokay-baz-hotay-hain		
??? ????? ??????	Al Madina-tul-Ilmiyah	820	https://data2.dawateislami.net/Data/Books/Read/ur/2021/2708/bt2708.jpg	https://data2.dawateislami.net/Data/Books/Download/ur/pdf/2021/2708-1.pdf?fn=farz-uloom-sikhiye		
???????????? ???????? ??65 ??????	Al Madina-tul-Ilmiyah	103	https://data2.dawateislami.net/Data/Books/Read/ur/2021/2705/bt2705.jpg	https://data2.dawateislami.net/Data/Books/Download/ur/pdf/2021/2705-1.pdf?fn=zul-hijjah-tul-haram-kay-65-mazameen		
????? ?? ???? ?? ?????	Ameer-e-Ahl-e-Sunnat	13	https://data2.dawateislami.net/Data/Books/Read/ur/2021/2704/bt2704.jpg	https://data2.dawateislami.net/Data/Books/Download/ur/pdf/2021/2704-1.pdf?fn=shaitan-say-bachnay-ka-tarika		
??????? ????? ????? ???? 2021	Al Madina-tul-Ilmiyah	68	https://data2.dawateislami.net/Data/Books/Read/ur/2021/2699/bt2699.jpg	https://data2.dawateislami.net/Data/Books/Download/ur/pdf/2021/2699-1.pdf?fn=mahnama-fazian-e-madina-august-2021		
????? ????? ??? ???? ?? ?????? ??? ????? ?????	Ameer-e-Ahl-e-Sunnat	32	https://data2.dawateislami.net/Data/Books/Read/ur/2021/2694/bt2694.jpg	https://data2.dawateislami.net/Data/Books/Download/ur/pdf/2021/2694-1.pdf?fn=dulha-ka-jaib-main-leemo-rakhna-kaisa		
????? ????? ??? ????? ?????	Al Madina-tul-Ilmiyah	19	https://data2.dawateislami.net/Data/Books/Read/ur/2021/2690/bt2690.jpg	https://data2.dawateislami.net/Data/Books/Download/ur/pdf/2021/2690-1.pdf?fn=hazrat-e-usman-bhi-jannati-jannati		
????? ???? ???? ???? ???	Ameer-e-Ahl-e-Sunnat	16	https://data2.dawateislami.net/Data/Books/Read/ur/2021/2689/bt2689.jpg	https://data2.dawateislami.net/Data/Books/Download/ur/pdf/2021/2689-1.pdf?fn=murgha-azan-kiyon-deta-hai		
????? ?????? ????? ???? (134 ?????) 	Rukn e Shura Abu Majid Muhammad Shahid Attari	60	https://data2.dawateislami.net/Data/Books/Read/ur/2021/2684/bt2684.jpg	https://data2.dawateislami.net/Data/Books/Download/ur/pdf/2021/2684-1.pdf?fn=tazkira-e-khulafa-e-aala-hazrat-134-khulafa		
???? 60 ?? ???? ???? ????	Ameer-e-Ahl-e-Sunnat	3	https://data2.dawateislami.net/Data/Books/Read/ur/2021/2680/bt2680.jpg	https://data2.dawateislami.net/Data/Books/Download/ur/pdf/2021/2680-1.pdf?fn=60-hajj-karnay-wala-haji	https://data2.dawateislami.net/download/islam/ur/mp3/2021/96519.mp3	https://data2.dawateislami.net/download/islam/ur/mp3/2021/96519.mp3?fn=%D8%B3%D8%A7%D9%B9%DA%BE%2060%20%D8%AD%D8%AC%20%DA%A9%D8%B1%D9%86%DB%92%20%D9%88%D8%A7%D9%84%D8%A7%20%D8%AD%D8%A7%D8%AC%DB%8C.mp3
????? ???? ??? ???? ????? ?????	Al Madina-tul-Ilmiyah	29	https://data2.dawateislami.net/Data/Books/Read/ur/2021/2677/bt2677.jpg	https://data2.dawateislami.net/Data/Books/Download/ur/pdf/2021/2677-1.pdf?fn=hawai-jahaaz-mein-pehlay-safar-ka-tajurba		
??????? ?? ???? ??? ????? ???? ????	Ameer-e-Ahl-e-Sunnat	19	https://data2.dawateislami.net/Data/Books/Read/ur/2021/2668/bt2668.jpg	https://data2.dawateislami.net/Data/Books/Download/ur/pdf/2021/2668-1.pdf?fn=janwaron-kay-baray-may-dilchasp-sawal-jawab	https://data2.dawateislami.net/download/islam/ur/mp3/2021/96222.mp3	https://data2.dawateislami.net/download/islam/ur/mp3/2021/96222.mp3?fn=%D8%AC%D8%A7%D9%86%D9%88%D8%B1%D9%88%DA%BA%20%DA%A9%DB%92%20%D8%A8%D8%A7%D8%B1%DB%92%20%D9%85%DB%8C%DA%BA%20%D8%AF%D9%84%DA%86%D8%B3%D9%BE%20%D8%B3%D9%88%D8%A7%D9%84%20%D8%AC%D9%88%D8%A7%D8%A8.mp3
?????? ?????? ?? ????	Al Madina-tul-Ilmiyah	17	https://data2.dawateislami.net/Data/Books/Read/ur/2021/2645/bt2645.jpg	https://data2.dawateislami.net/Data/Books/Download/ur/pdf/2021/2645-1.pdf?fn=gharelo-jhagron-ka-ilaj		
?????? ???? ???? ????	Ameer-e-Ahl-e-Sunnat	17	https://data2.dawateislami.net/Data/Books/Read/ur/2021/2639/bt2639.jpg	https://data2.dawateislami.net/Data/Books/Download/ur/pdf/2021/2639-1.pdf?fn=qurbani-kiyon-kartay-hain	https://data2.dawateislami.net/download/islam/ur/mp3/2021/95931.mp3	https://data2.dawateislami.net/download/islam/ur/mp3/2021/95931.mp3?fn=%D9%82%D8%B1%D8%A8%D8%A7%D9%86%DB%8C%20%DA%A9%DB%8C%D9%88%DA%BA%20%DA%A9%D8%B1%D8%AA%DB%92%20%DB%81%DB%8C%DA%BA%D8%9F.mp3
???? ?? ?? ?? ??? ?????	Al Madina-tul-Ilmiyah	17	https://data2.dawateislami.net/Data/Books/Read/ur/2021/2632/bt2632.jpg	https://data2.dawateislami.net/Data/Books/Download/ur/pdf/2021/2632-1.pdf?fn=imam-malik-ka-ishq-e-madina		
??????? ????? ????? ?????? 2021	Al Madina-tul-Ilmiyah	68	https://data2.dawateislami.net/Data/Books/Read/ur/2021/2631/bt2631.jpg	https://data2.dawateislami.net/Data/Books/Download/ur/pdf/2021/2631-1.pdf?fn=mahnama-faizan-e-madina-july-2021		
???? ?? ????? ??? ??? ?? ?????	Al Madina-tul-Ilmiyah	30	https://data2.dawateislami.net/Data/Books/Read/ur/2021/2620/bt2620.jpg	https://data2.dawateislami.net/Data/Books/Download/ur/pdf/2021/2620-1.pdf?fn=bachon-ki-tarbiyat-main-maa-ka-kirdar		
??? ?????? ?????? ?? ???? ???? ????	Al Madina-tul-Ilmiyah	18	https://data2.dawateislami.net/Data/Books/Read/ur/2021/2619/bt2619.jpg	https://data2.dawateislami.net/Data/Books/Download/ur/pdf/2021/2619-1.pdf?fn=baz-mazarat-paharon-par-kiyon-hotay-hain		
??? ??? ??? ????? ???? ???	Al Madina-tul-Ilmiyah	25	https://data2.dawateislami.net/Data/Books/Read/ur/2021/2618/bt2618.jpg	https://data2.dawateislami.net/Data/Books/Download/ur/pdf/2021/2618-1.pdf?fn=khauf-e-khuda-main-izafa-kaise-ho		
???? ?? ????? ?? ????	Al Madina-tul-Ilmiyah	10	https://data2.dawateislami.net/Data/Books/Read/ur/2021/2617/bt2617.jpg	https://data2.dawateislami.net/Data/Books/Download/ur/pdf/2021/2617-1.pdf?fn=jadu-se-hifazat-ka-nuskha		
???? ?? ??? ???? ???? ????	Al Madina-tul-Ilmiyah	10	https://data2.dawateislami.net/Data/Books/Read/ur/2021/2616/bt2616.jpg	https://data2.dawateislami.net/Data/Books/Download/ur/pdf/2021/2616-1.pdf?fn=bachon-ko-fikar-akhirat-kesay-milay		
???? ??? ???? ????	Ameer-e-Ahl-e-Sunnat	26	https://data2.dawateislami.net/Data/Books/Read/ur/2021/2615/bt2615.jpg	https://data2.dawateislami.net/Data/Books/Download/ur/pdf/2021/2615-1.pdf?fn=chori-kisay-kehtay-hain		
??? ?? ???? ???? ?????	Al Madina-tul-Ilmiyah	10	https://data2.dawateislami.net/Data/Books/Read/ur/2021/2614/bt2614.jpg	https://data2.dawateislami.net/Data/Books/Download/ur/pdf/2021/2614-1.pdf?fn=qabar-par-azan-dana-kaisa		
??? ?? ?????	Al Madina-tul-Ilmiyah	17	https://data2.dawateislami.net/Data/Books/Read/ur/2021/2629/bt2629.jpg	https://data2.dawateislami.net/Data/Books/Download/ur/pdf/2021/2629-1.pdf?fn=kaam-kay-aurad		
??? ???? ??? ???? ????	Al Madina-tul-Ilmiyah	14	https://data2.dawateislami.net/Data/Books/Read/ur/2021/2628/bt2628.jpg	https://data2.dawateislami.net/Data/Books/Download/ur/pdf/2021/2628-1.pdf?fn=sabar-e-jaameel-kisay-kehtay-hain		
??????? ?? ???? ???	Majlis-e-Ifta	9	https://data2.dawateislami.net/Data/Books/Read/ur/2021/2627/bt2627.jpg	https://data2.dawateislami.net/Data/Books/Download/ur/pdf/2021/2627-1.pdf?fn=leukorrhea-ka-sharai-hukum		
?????? ?? ??? ???? ???	Al Madina-tul-Ilmiyah	17	https://data2.dawateislami.net/Data/Books/Read/ur/2021/2626/bt2626.jpg	https://data2.dawateislami.net/Data/Books/Download/ur/pdf/2021/2626-1.pdf?fn=badshah-ki-sarri-hoi-laash		
????? ?????? ???? ?? ????? (?????)	Al Madina-tul-Ilmiyah	21	https://data2.dawateislami.net/Data/Books/Read/ur/2021/2622/bt2622.jpg	https://data2.dawateislami.net/Data/Books/Download/ur/pdf/2021/2622-1.pdf?fn=fatiha-esal-e-sawab-ka-tareeqa-shafee		
???? ??????? ???? ???? ???? ?	Al Madina-tul-Ilmiyah	17	https://data2.dawateislami.net/Data/Books/Read/ur/2021/2621/bt2621.jpg	https://data2.dawateislami.net/Data/Books/Download/ur/pdf/2021/2621-1.pdf?fn=apni-pareshani-zahir-karna-kesa		
????? ??? ?? ??????? ???? ?????	Al Madina-tul-Ilmiyah	5	https://data2.dawateislami.net/Data/Books/Read/ur/2021/2613/bt2613.jpg	https://data2.dawateislami.net/Data/Books/Download/ur/pdf/2021/2613-1.pdf?fn=ladies-shoes-ka-karobar-karna-kaisa		
???? ??????? ?????? (?????)	Al Madina-tul-Ilmiyah	24	https://data2.dawateislami.net/Data/Books/Read/ur/2021/2612/bt2612.jpg	https://data2.dawateislami.net/Data/Books/Download/ur/pdf/2021/2612-1.pdf?fn=jumma-kay-fazail-o-masail		
??? ?? ????? ?????	Al Madina-tul-Ilmiyah	25	https://data2.dawateislami.net/Data/Books/Read/ur/2021/2611/bt2611.jpg	https://data2.dawateislami.net/Data/Books/Download/ur/pdf/2021/2611-1.pdf?fn=ghusal-ka-tariqa-shafai		
??????? ????? ????? ??? 2021	Al Madina-tul-Ilmiyah	66	https://data2.dawateislami.net/Data/Books/Read/ur/2021/2610/bt2610.jpg	https://data2.dawateislami.net/Data/Books/Download/ur/pdf/2021/2610-1.pdf?fn=mahnaama-faizan-e-madina-june-2021		
??????? ???? ???? ??? ???? ???? ????	Al Madina-tul-Ilmiyah	17	https://data2.dawateislami.net/Data/Books/Read/ur/2021/2609/bt2609.jpg	https://data2.dawateislami.net/Data/Books/Download/ur/pdf/2021/2609-1.pdf?fn=irshadat-e-imam-ahmad-raza		
????? ???? ????? ???? ???? ???? 	Al Madina-tul-Ilmiyah	17	https://data2.dawateislami.net/Data/Books/Read/ur/2021/2608/bt2608.jpg	https://data2.dawateislami.net/Data/Books/Download/ur/pdf/2021/2608-1.pdf?fn=faizan-e-imam-bukhari		
??????? ????? ????? ??? 2021	Al Madina-tul-Ilmiyah	66	https://data2.dawateislami.net/Data/Books/Read/ur/2021/2607/bt2607.jpg	https://data2.dawateislami.net/Data/Books/Download/ur/pdf/2021/2607-1.pdf?fn=mahnaama-faizan-e-madina-may-2021		
??? ??? ????? (?????)	Al Madina-tul-Ilmiyah	20	https://data2.dawateislami.net/Data/Books/Read/ur/2021/2606/bt2606.jpg	https://data2.dawateislami.net/Data/Books/Download/ur/pdf/2021/2606-1.pdf?fn=wuzu-aur-science-shafai		
???? ?? ????? ? ????? (?????)	Al Madina-tul-Ilmiyah	27	https://data2.dawateislami.net/Data/Books/Read/ur/2021/2605/bt2605.jpg	https://data2.dawateislami.net/Data/Books/Download/ur/pdf/2021/2605-1.pdf?fn=azaan-k-fazail-masail-shafi		
?????? ?? ??? ????? ????? ?? ??????  ?? ???	Majlis-e-Ifta	14	https://data2.dawateislami.net/Data/Books/Read/ur/2021/2604/bt2604.jpg	https://data2.dawateislami.net/Data/Books/Download/ur/pdf/2021/2604-1.pdf?fn=mustaqbil-ki-traf-mansoob-kiray-kay-muahiday		
?????? ??? ?????	Al Madina-tul-Ilmiyah	64	https://data2.dawateislami.net/Data/Books/Read/ur/2021/2603/bt2603.jpg	https://data2.dawateislami.net/Data/Books/Download/ur/pdf/2021/2603-1.pdf?fn=alwada-maah-e-ramadan		
????? ??? ?????? ?? ???? ??? ???? ????	Al Madina-tul-Ilmiyah	40	https://data2.dawateislami.net/Data/Books/Read/ur/2021/2599/bt2599.jpg	https://data2.dawateislami.net/Data/Books/Download/ur/pdf/2021/2599-1.pdf?fn=khane-aur-khilane-kay-baray-main-sawal-jawab		
????? ??? ??? ????? ?????	Al Madina-tul-Ilmiyah	17	https://data2.dawateislami.net/Data/Books/Read/ur/2021/2596/bt2596.jpg	https://data2.dawateislami.net/Data/Books/Download/ur/pdf/2021/2596-1.pdf?fn=methi-eid-aur-methi-batain		
????? ??? ?????? ??????? ???????? ???????? ???????? ?? ????? ????	Al Madina-tul-Ilmiyah	150	https://data2.dawateislami.net/Data/Books/Read/ur/2021/2592/bt2592.jpg	https://data2.dawateislami.net/Data/Books/Download/ur/pdf/2021/2592-1.pdf?fn=aakhri-nabi-ki-piyari-seerat		
????? ??? ??? ???? ??? ?? 72 ???????	Al Madina-tul-Ilmiyah	6	https://data2.dawateislami.net/Data/Books/Read/ur/2021/2587/bt2587.jpg	https://data2.dawateislami.net/Data/Books/Download/ur/pdf/2021/2587-1.pdf?fn=mola-ali-ke-72-irshadat	https://data2.dawateislami.net/download/islam/ur/mp3/2021/92734.mp3	https://data2.dawateislami.net/download/islam/ur/mp3/2021/92734.mp3?fn=%D9%85%D9%88%D9%84%DB%8C%D9%B0%20%D8%B9%D9%84%DB%8C%20%D8%B1%D8%B6%DB%8C%20%D8%A7%D9%84%D9%84%DB%81%20%D8%B9%D9%86%DB%81%20%DA%A9%DB%92%2072%20%D8%A7%D8%B1%D8%B4%D8%A7%D8%AF%D8%A7%D8%AA.mp3
????? ?????? ?? ?????	Ameer-e-Ahl-e-Sunnat	17	https://data2.dawateislami.net/Data/Books/Read/ur/2021/2586/bt2586.jpg	https://data2.dawateislami.net/Data/Books/Download/ur/pdf/2021/2586-1.pdf?fn=qurani-surton-ke-fazail		
????? ??????? ?? 80 ??????	Al Madina-tul-Ilmiyah	128	https://data2.dawateislami.net/Data/Books/Read/ur/2021/2583/bt2583.jpg	https://data2.dawateislami.net/Data/Books/Download/ur/pdf/2021/2583-1.pdf?fn=ramazan-ul-mubarak-k-80-mazameen		
????? ????	Al Madina-tul-Ilmiyah	164	https://data2.dawateislami.net/Data/Books/Read/ur/2021/2582/bt2582.jpg	https://data2.dawateislami.net/Data/Books/Download/ur/pdf/2021/2582-1.pdf?fn=manaqib-e-attar		
??? ?? ?????	Al Madina-tul-Ilmiyah	17	https://data2.dawateislami.net/Data/Books/Read/ur/2021/2578/bt2578.jpg	https://data2.dawateislami.net/Data/Books/Download/ur/pdf/2021/2578-1.pdf?fn=kaam-ki-batain		
???????? ?????? ????? ?? ???? ???	Majlis-e-Ifta	8	https://data2.dawateislami.net/Data/Books/Read/ur/2021/2576/bt2576.jpg	https://data2.dawateislami.net/Data/Books/Download/ur/pdf/2021/2576-1.pdf?fn=expire-adviyat-bechne-ka-sharae-hukum		
??? ????? ??? ???? ?????? ???? ??????? ???????	Al Madina-tul-Ilmiyah	28	https://data2.dawateislami.net/Data/Books/Read/ur/2021/2575/bt2575.jpg	https://data2.dawateislami.net/Data/Books/Download/ur/pdf/2021/2575-1.pdf?fn=mah-e-ramzan-aur-ameer-e-ahl-e-sunnat		
??????? ????? ????? ????? ?????? 1442?	Al Madina-tul-Ilmiyah	66	https://data2.dawateislami.net/Data/Books/Read/ur/2021/2574/bt2574.jpg	https://data2.dawateislami.net/Data/Books/Download/ur/pdf/2021/2574-1.pdf?fn=mahnaama-faizan-e-madina-april-2021		
???? ?? ?????	Al Madina-tul-Ilmiyah	820	https://data2.dawateislami.net/Data/Books/Read/ur/2021/2573/bt2573.jpg	https://data2.dawateislami.net/Data/Books/Download/ur/pdf/2021/2573-1.pdf?fn=aakhirat-k-halat		
???? ????? ??? ???????? ?? ???? ?? ?????	Majlis-e-Ifta	53	https://data2.dawateislami.net/Data/Books/Read/ur/2021/2569/bt2569.jpg	https://data2.dawateislami.net/Data/Books/Download/ur/pdf/2021/2569-1.pdf?fn=sharai-ahkam-mein-musalmanon-ki-raye-ki-ahmiyat		
 ?????? ?????? ???:6	Al Madina-tul-Ilmiyah	380	https://data2.dawateislami.net/Data/Books/Read/ur/2021/2556/bt2556.jpg	https://data2.dawateislami.net/Data/Books/Download/ur/pdf/2021/2556-1.pdf?fn=islami-bayanat-jild-6		
???? ????? ?? ??????	Ameer-e-Ahl-e-Sunnat	16	https://data2.dawateislami.net/Data/Books/Read/ur/2021/2552/bt2552.jpg	https://data2.dawateislami.net/Data/Books/Download/ur/pdf/2021/2552-1.pdf?fn=rishtedaron-se-bhalai	https://data2.dawateislami.net/download/islam/ur/mp3/2021/91352.mp3	https://data2.dawateislami.net/download/islam/ur/mp3/2021/91352.mp3?fn=%D8%B1%D8%B4%D8%AA%DB%92%20%D8%AF%D8%A7%D8%B1%D9%88%DA%BA%20%D8%B3%DB%92%20%D8%A8%DA%BE%D9%84%D8%A7%D8%A6%DB%8C.mp3
??????? ?? ???	Ameer-e-Ahl-e-Sunnat	17	https://data2.dawateislami.net/Data/Books/Read/ur/2021/2534/bt2534.jpg	https://data2.dawateislami.net/Data/Books/Download/ur/pdf/2021/2534-1.pdf?fn=driver-ki-mout		
???? ??? ?? ????? - ?????	Al Madina-tul-Ilmiyah	12	https://data2.dawateislami.net/Data/Books/Read/ur/2021/2532/bt2532.jpg	https://data2.dawateislami.net/Data/Books/Download/ur/pdf/2021/2532-1.pdf?fn=namaz-e-eid-ka-tareeqah-shafiee		
??? ?? ????? - ?????	Al Madina-tul-Ilmiyah	41	https://data2.dawateislami.net/Data/Books/Read/ur/2021/2531/bt2531.jpg	https://data2.dawateislami.net/Data/Books/Download/ur/pdf/2021/2531-1.pdf?fn=wudu-ka-tariqa-shafiee		
??? ?????? ??? ????? ?????? ?? 56 ??????	Al Madina-tul-Ilmiyah	105	https://data2.dawateislami.net/Data/Books/Read/ur/2021/2521/bt2521.jpg	https://data2.dawateislami.net/Data/Books/Download/ur/pdf/2021/2521-1.pdf?fn=rajab-aur-shaban-kay-56-mazameen		
?? ????? ???? (??? 2)	Al Madina-tul-Ilmiyah	34	https://data2.dawateislami.net/Data/Books/Read/ur/2021/2516/bt2516.jpg	https://data2.dawateislami.net/Data/Books/Download/ur/pdf/2021/2516-1.pdf?fn=baa-tasweer-namaz		
?????? ?????????? ?? 31 ??????	Al Madina-tul-Ilmiyah	933	https://data2.dawateislami.net/Data/Books/Read/ur/2021/2515/bt2515.jpg	https://data2.dawateislami.net/Data/Books/Download/ur/pdf/2021/2515-1.pdf?fn=rajab-ul-murajab-kay-31-bayanaat		
?? ????? ??? ???? ????	Ameer-e-Ahl-e-Sunnat	24	https://data2.dawateislami.net/Data/Books/Read/ur/2021/2502/bt2502.jpg	https://data2.dawateislami.net/Data/Books/Download/ur/pdf/2021/2502-1.pdf?fn=har-sahabi-e-nabi-jannati-jannati		
??? ?? ????? ?? ???????? ???? ?????	Al Madina-tul-Ilmiyah	26	https://data2.dawateislami.net/Data/Books/Read/ur/2021/2501/bt2501.jpg	https://data2.dawateislami.net/Data/Books/Download/ur/pdf/2021/2501-1.pdf?fn=bachay-ko-shararat-par-ubharne-wali-cheezain		
???? ?? ???? ??? ???? ?????	Majlis-e-Ifta	101	https://data2.dawateislami.net/Data/Books/Read/ur/2021/2499/bt2499.jpg	https://data2.dawateislami.net/Data/Books/Download/ur/pdf/2021/2499-1.pdf?fn=arhat-kay-bare-mein-sharai-ahkam		
??????? ????? ????? ????? ??????? 1442?	Al Madina-tul-Ilmiyah	66	https://data2.dawateislami.net/Data/Books/Read/ur/2021/2494/bt2494.jpg	https://data2.dawateislami.net/Data/Books/Download/ur/pdf/2021/2494-1.pdf?fn=mahnama-faizan-e-madina-february-2021		
???? ?? ??? ???? ?? ???? ?? ??? ?????	Al Madina-tul-Ilmiyah	21	https://data2.dawateislami.net/Data/Books/Read/ur/2021/2493/bt2493.jpg	https://data2.dawateislami.net/Data/Books/Download/ur/pdf/2021/2493-1.pdf?fn=masjid-se-chappal-chori-ho-jay-to-kia-karain		
??? ???? ???? ???? ?? ?? ?? ??? ?????	Al Madina-tul-Ilmiyah	25	https://data2.dawateislami.net/Data/Books/Read/ur/2021/2492/bt2492.jpg	https://data2.dawateislami.net/Data/Books/Download/ur/pdf/2021/2492-1.pdf?fn=agar-dost-qarza-wapas-na-day-to-kia-karain		
??? ?? ??? ?? ???? ???? ???	Al Madina-tul-Ilmiyah	20	https://data2.dawateislami.net/Data/Books/Read/ur/2021/2491/bt2491.jpg	https://data2.dawateislami.net/Data/Books/Download/ur/pdf/2021/2491-1.pdf?fn=gharron-main-bad-amani-kiyon-hai		
??????? ????? ???? ???? ????	Al Madina-tul-Ilmiyah	17	https://data2.dawateislami.net/Data/Books/Read/ur/2021/2490/bt2490.jpg	https://data2.dawateislami.net/Data/Books/Download/ur/pdf/2021/2490-1.pdf?fn=karamat-e-khuwaja		
???? ?? ??????	Al Madina-tul-Ilmiyah	21	https://data2.dawateislami.net/Data/Books/Read/ur/2021/2486/bt2486.jpg	https://data2.dawateislami.net/Data/Books/Download/ur/pdf/2021/2486-1.pdf?fn=azan-ki-barakatain		
??? ???? ??? ??? ???? ???	Al Madina-tul-Ilmiyah	28	https://data2.dawateislami.net/Data/Books/Read/ur/2021/2464/bt2464.jpg	https://data2.dawateislami.net/Data/Books/Download/ur/pdf/2021/2464-1.pdf?fn=kia-darakht-main-khoon-hota-hai		
??????? ????? ????? ??? ?????? 1442?	Al Madina-tul-Ilmiyah	66	https://data2.dawateislami.net/Data/Books/Read/ur/2021/2462/bt2462.jpg	https://data2.dawateislami.net/Data/Books/Download/ur/pdf/2021/2462-1.pdf?fn=mahnama-faizan-e-madina-march-2021		
???? ???? ?? ??????	Ameer-e-Ahl-e-Sunnat	16	https://data2.dawateislami.net/Data/Books/Read/ur/2021/2461/bt2461.jpg	https://data2.dawateislami.net/Data/Books/Download/ur/pdf/2021/2461-1.pdf?fn=durood-shareef-ki-barkatain		
???? ???? ?? ?????	Al Madina-tul-Ilmiyah	983	https://data2.dawateislami.net/Data/Books/Read/ur/2021/2458/bt2458.jpg	https://data2.dawateislami.net/Data/Books/Download/ur/pdf/2021/2458-1.pdf?fn=kitabullah-ki-batain		
????? ?????	Al Madina-tul-Ilmiyah	44	https://data2.dawateislami.net/Data/Books/Read/ur/2021/2457/bt2457.jpg	https://data2.dawateislami.net/Data/Books/Download/ur/pdf/2021/2457-1.pdf?fn=faizan-e-auliya		
????????? ?? 34 ???? ??? 2	Al Madina-tul-Ilmiyah	40	https://data2.dawateislami.net/Data/Books/Read/ur/2021/2456/bt2456.jpg	https://data2.dawateislami.net/Data/Books/Download/ur/pdf/2021/2456-1.pdf?fn=dua-mangne-ke-34-aadab-qist-2		
????? ??? ???? ?? ?????	Al Madina-tul-Ilmiyah	30	https://data2.dawateislami.net/Data/Books/Read/ur/2021/2455/bt2455.jpg	https://data2.dawateislami.net/Data/Books/Download/ur/pdf/2021/2455-1.pdf?fn=achanak-maut-nemat-ya-ibrat		
???? ???? ???? ???? ?????	Al Madina-tul-Ilmiyah	15	https://data2.dawateislami.net/Data/Books/Read/ur/2021/2454/bt2454.jpg	https://data2.dawateislami.net/Data/Books/Download/ur/pdf/2021/2454-1.pdf?fn=allah-muhammad-likhi-hoi-tasbeeh		
??????? ???? ???? ?? ?????	Al Madina-tul-Ilmiyah	7	https://data2.dawateislami.net/Data/Books/Read/ur/2021/2453/bt2453.jpg	https://data2.dawateislami.net/Data/Books/Download/ur/pdf/2021/2453-1.pdf?fn=zaroratain-pori-karne-kay-fazail		
??? ???? ??? ?? ?? ?? ???? ??? ???	Al Madina-tul-Ilmiyah	11	https://data2.dawateislami.net/Data/Books/Read/ur/2021/2452/bt2452.jpg	https://data2.dawateislami.net/Data/Books/Download/ur/pdf/2021/2452-1.pdf?fn=kia-hath-main-til-ho-to-dolat-ati-hai		
?? ??? ?? ?????? ?? ????? ????	Al Madina-tul-Ilmiyah	13	https://data2.dawateislami.net/Data/Books/Read/ur/2021/2451/bt2451.jpg	https://data2.dawateislami.net/Data/Books/Download/ur/pdf/2021/2451-1.pdf?fn=din-bhar-ki-naikiyon-ka-esal-e-sawab		
???? ??? ???? ?? ?????	Al Madina-tul-Ilmiyah	15	https://data2.dawateislami.net/Data/Books/Read/ur/2021/2450/bt2450.jpg	https://data2.dawateislami.net/Data/Books/Download/ur/pdf/2021/2450-1.pdf?fn=tanki-pak-karne-ka-tariqa		
?????? ?? ????	Al Madina-tul-Ilmiyah	13	https://data2.dawateislami.net/Data/Books/Read/ur/2021/2449/bt2449.jpg	https://data2.dawateislami.net/Data/Books/Download/ur/pdf/2021/2449-1.pdf?fn=kondon-ki-niyaz		
???? ???? ?? ????	Al Madina-tul-Ilmiyah	15	https://data2.dawateislami.net/Data/Books/Read/ur/2021/2448/bt2448.jpg	https://data2.dawateislami.net/Data/Books/Download/ur/pdf/2021/2448-1.pdf?fn=achi-neend-ka-nuskha		
????? ????? ??? ????	Al Madina-tul-Ilmiyah	16	https://data2.dawateislami.net/Data/Books/Read/ur/2021/2447/bt2447.jpg	https://data2.dawateislami.net/Data/Books/Download/ur/pdf/2021/2447-1.pdf?fn=yajooj-majooj-kon-hain		
????? ???? ?? ????	Al Madina-tul-Ilmiyah	12	https://data2.dawateislami.net/Data/Books/Read/ur/2021/2446/bt2446.jpg	https://data2.dawateislami.net/Data/Books/Download/ur/pdf/2021/2446-1.pdf?fn=ba-haya-bannay-ka-nuskha		
????? ?????	Al Madina-tul-Ilmiyah	17	https://data2.dawateislami.net/Data/Books/Read/ur/2021/2441/bt2441.jpg	https://data2.dawateislami.net/Data/Books/Download/ur/pdf/2021/2441-1.pdf?fn=faizane-shaban	https://data2.dawateislami.net/download/islam/ur/mp3/2021/90059.mp3	https://data2.dawateislami.net/download/islam/ur/mp3/2021/90059.mp3?fn=%D9%81%DB%8C%D8%B6%D8%A7%D9%86%20%D8%B4%D8%B9%D8%A8%D8%A7%D9%86.mp3
?????? ???	Al Madina-tul-Ilmiyah	17	https://data2.dawateislami.net/Data/Books/Read/ur/2021/2440/bt2440.jpg	https://data2.dawateislami.net/Data/Books/Download/ur/pdf/2021/2440-1.pdf?fn=faizan-e-rajab		
???? ?????	Al Madina-tul-Ilmiyah	17	https://data2.dawateislami.net/Data/Books/Read/ur/2021/2439/bt2439.jpg	https://data2.dawateislami.net/Data/Books/Download/ur/pdf/2021/2439-1.pdf?fn=sabir-borha		
??? ???? ???? ??? ???? ???	Al Madina-tul-Ilmiyah	17	https://data2.dawateislami.net/Data/Books/Read/ur/2021/2436/bt2436.jpg	https://data2.dawateislami.net/Data/Books/Download/ur/pdf/2021/2436-1.pdf?fn=shan-e-siddiq-e-akbar	https://data2.dawateislami.net/download/islam/ur/mp3/2021/86903.mp3	https://data2.dawateislami.net/download/islam/ur/mp3/2021/86903.mp3?fn=%D8%B4%D8%A7%D9%86%20%D8%B5%D8%AF%DB%8C%D9%82%20%D8%A7%DA%A9%D8%A8%D8%B1%20%D8%B1%D8%B6%DB%8C%20%D8%A7%D9%84%D9%84%DB%81%20%D8%B9%D9%86%DB%81.mp3
??? ???? ???? ?? ??????	Al Madina-tul-Ilmiyah	17	https://data2.dawateislami.net/Data/Books/Read/ur/2021/2435/bt2435.jpg	https://data2.dawateislami.net/Data/Books/Download/ur/pdf/2021/2435-1.pdf?fn=bismillah-sharif-ki-barkatain		
?????? ?? ????	Al Madina-tul-Ilmiyah	54	https://data2.dawateislami.net/Data/Books/Read/ur/2020/2427/bt2427.jpg	https://data2.dawateislami.net/Data/Books/Download/ur/pdf/2020/2427-1.pdf?fn=bhalai-ki-dawat		
???? ?? ???? ??? ????? ???????	Al Madina-tul-Ilmiyah	17	https://data2.dawateislami.net/Data/Books/Read/ur/2020/2425/bt2425.jpg	https://data2.dawateislami.net/Data/Books/Download/ur/pdf/2020/2425-1.pdf?fn=sardi-ke-bare-main-dilchasp-malomat		
?? ??? ????? ???? ???? ????	Al Madina-tul-Ilmiyah	48	https://data2.dawateislami.net/Data/Books/Read/ur/2020/2424/bt2424.jpg	https://data2.dawateislami.net/Data/Books/Download/ur/pdf/2020/2424-1.pdf?fn=hum-naat-khwani-kiyon-karte-hain		
????? ?????? ??? ????? ?????? ?? ?????	Imam-e-Ahl-e-Sunnat Ahmad Raza Khan	31	https://data2.dawateislami.net/Data/Books/Read/ur/2020/2423/bt2423.jpg	https://data2.dawateislami.net/Data/Books/Download/ur/pdf/2020/2423-1.pdf?fn=bosa-e-tazeemi-aur-nalain-sharafeen-ki-kazeem		
???? ?? ???? ??? ?? ???	Al Madina-tul-Ilmiyah	19	https://data2.dawateislami.net/Data/Books/Read/ur/2020/2421/bt2421.jpg	https://data2.dawateislami.net/Data/Books/Download/ur/pdf/2020/2421-1.pdf?fn=jinnat-ki-zuban-konsi-hai		
????? ????????	Mufti Muhammad Qasim Attari	935	https://data2.dawateislami.net/Data/Books/Read/ur/2020/2420/bt2420.jpg	https://data2.dawateislami.net/Data/Books/Download/ur/pdf/2020/2420-1.pdf?fn=seerat-ul-anbiya		
?? ??? ???? ???? ????	Al Madina-tul-Ilmiyah	15	https://data2.dawateislami.net/Data/Books/Read/ur/2020/2419/bt2419.jpg	https://data2.dawateislami.net/Data/Books/Download/ur/pdf/2020/2419-1.pdf?fn=dil-shukar-guzar-kesay-banay		
???? ????? ????? ?? ??? ????? ????	Al Madina-tul-Ilmiyah	114	https://data2.dawateislami.net/Data/Books/Read/ur/2020/2418/bt2418.jpg	https://data2.dawateislami.net/Data/Books/Download/ur/pdf/2020/2418-1.pdf?fn=madani-qaflay-walon-kay-liye-anmol-tuhfa		
???? ?? ???? ??? ???? ?????	Al Madina-tul-Ilmiyah	13	https://data2.dawateislami.net/Data/Books/Read/ur/2020/2390/bt2390.jpg	https://data2.dawateislami.net/Data/Books/Download/ur/pdf/2020/2390-1.pdf?fn=lohe-ko-gunahgar-kehna-kaisa		
???? ???????? ??? ?????? ???????? ??? ???	Mufti Ahmad yar khan Naeemi	479	https://data2.dawateislami.net/Data/Books/Read/ur/2020/2396/bt2396.jpg	https://data2.dawateislami.net/Data/Books/Download/ur/pdf/2020/2396-1.pdf?fn=mirat-ul-manajeeh-jild-1		
???? ????? ?? 21 ??????	Al Madina-tul-Ilmiyah	649	https://data2.dawateislami.net/Data/Books/Read/ur/2020/2351/bt2351.jpg	https://data2.dawateislami.net/Data/Books/Download/ur/pdf/2020/2351-1.pdf?fn=rabi-ul-akhir-kay-21-bayanat		
(?????? ?????? (???:?	Al Madina-tul-Ilmiyah	472	https://data2.dawateislami.net/Data/Books/Read/ur/2020/2350/bt2350.jpg	https://data2.dawateislami.net/Data/Books/Download/ur/pdf/2020/2350-1.pdf?fn=islami-bayanat-jild-4		
??????? ????? ????? ????? ???????  1442?	Al Madina-tul-Ilmiyah	66	https://data2.dawateislami.net/Data/Books/Read/ur/2020/2348/bt2348.jpg	https://data2.dawateislami.net/Data/Books/Download/ur/pdf/2020/2348-1.pdf?fn=mahnama-jumadal-oola-1442		
(?????? ?????? (???:?	Al Madina-tul-Ilmiyah	412	https://data2.dawateislami.net/Data/Books/Read/ur/2020/2346/bt2346.jpg	https://data2.dawateislami.net/Data/Books/Download/ur/pdf/2020/2346-1.pdf?fn=islami-bayanat-jild-5		
?????? ?? ???? ?? ???? ?? ???????	Al Madina-tul-Ilmiyah	23	https://data2.dawateislami.net/Data/Books/Read/ur/2020/2345/bt2345.jpg	https://data2.dawateislami.net/Data/Books/Download/ur/pdf/2020/2345-1.pdf?fn=choton-par-shafqat-na-karne-ke-nuqsanat		
??? ?? ????? ???? ?????	Al Madina-tul-Ilmiyah	18	https://data2.dawateislami.net/Data/Books/Read/ur/2020/2344/bt2344.jpg	https://data2.dawateislami.net/Data/Books/Download/ur/pdf/2020/2344-1.pdf?fn=muh-par-tareef-karna-kaisa		
???? ????? ??? ??? ?? ?????	Majlis-e-Ifta	122	https://data2.dawateislami.net/Data/Books/Read/ur/2020/2343/bt2343.jpg	https://data2.dawateislami.net/Data/Books/Download/ur/pdf/2020/2343-1.pdf?fn=fiqhi-ahkam-main-niyat-ki-haisiyat		
????? ??? ??? ???? ??? ?? ??? ??? ?????	Al Madina-tul-Ilmiyah	14	https://data2.dawateislami.net/Data/Books/Read/ur/2020/2341/bt2341.jpg	https://data2.dawateislami.net/Data/Books/Download/ur/pdf/2020/2341-1.pdf?fn=rastay-main-pari-hoi-raqam-ka-kia-kia-jay		
???? - ???? ?? ??????	Al Madina-tul-Ilmiyah	104	https://data2.dawateislami.net/Data/Books/Read/ur/2020/2340/bt2340.jpg	https://data2.dawateislami.net/Data/Books/Download/ur/pdf/2020/2340-1.pdf?fn=tawakal		
???? ????? ?? ????? ???? ???? ?	Al Madina-tul-Ilmiyah	10	https://data2.dawateislami.net/Data/Books/Read/ur/2020/2339/bt2339.jpg	https://data2.dawateislami.net/Data/Books/Download/ur/pdf/2020/2339-1.pdf?fn=shareef-insan-ko-farishta-kehna-kesa		
????? ??? ???? ???? ???? ????	Al Madina-tul-Ilmiyah	17	https://data2.dawateislami.net/Data/Books/Read/ur/2020/2335/bt2335.jpg	https://data2.dawateislami.net/Data/Books/Download/ur/pdf/2020/2335-1.pdf?fn=faizan-e-ghous-e-azam		
???? ?? ????? ??? ???? ?????? ???	Al Madina-tul-Ilmiyah	20	https://data2.dawateislami.net/Data/Books/Read/ur/2020/2333/bt2333.jpg	https://data2.dawateislami.net/Data/Books/Download/ur/pdf/2020/2333-1.pdf?fn=khwab-ki-tabeer-kon-bayan-kar-sakta-hai		
???? ??? ???? ???? ?? ???????????? ?????	Al Madina-tul-Ilmiyah	25	https://data2.dawateislami.net/Data/Books/Read/ur/2020/2332/bt2332.jpg	https://data2.dawateislami.net/Data/Books/Download/ur/pdf/2020/2332-1.pdf?fn=safon-mein-khare-bachon-ko-piche-khichna-kaisa		
??? ???? ?????? ?? ?????	Al Madina-tul-Ilmiyah	13	https://data2.dawateislami.net/Data/Books/Read/ur/2020/2331/bt2331.jpg	https://data2.dawateislami.net/Data/Books/Download/ur/pdf/2020/2331-1.pdf?fn=ishq-e-rasool-barhane-ka-tariqa		
????? ????	Mufti Ahmad yar khan Naeemi	128	https://data2.dawateislami.net/Data/Books/Read/ur/2020/2330/bt2330.jpg	https://data2.dawateislami.net/Data/Books/Download/ur/pdf/2020/2330-1.pdf?fn=dewan-e-salik		
???? ???? ????? ???? ????? ?? ???? ???? ?	Majlis-e-Ifta	16	https://data2.dawateislami.net/Data/Books/Read/ur/2020/2328/bt2328.jpg	https://data2.dawateislami.net/Data/Books/Download/ur/pdf/2020/2328-1.pdf?fn=rabi-ul-awwal-youm-e-wiladat-ya-youm-e-wafat		
?????? ??? ?? ?? ????? ???	Al Madina-tul-Ilmiyah	14	https://data2.dawateislami.net/Data/Books/Read/ur/2020/2327/bt2327.jpg	https://data2.dawateislami.net/Data/Books/Download/ur/pdf/2020/2327-1.pdf?fn=na-balig-kisi-ka-haq-mar-day-to		
????? ????? ?? ?????	Al Madina-tul-Ilmiyah	11	https://data2.dawateislami.net/Data/Books/Read/ur/2020/2326/bt2326.jpg	https://data2.dawateislami.net/Data/Books/Download/ur/pdf/2020/2326-1.pdf?fn=mazloom-janwar-ki-imdad		
???? ????? ????? ?? ????? ?????	Al Madina-tul-Ilmiyah	18	https://data2.dawateislami.net/Data/Books/Read/ur/2020/2325/bt2325.jpg	https://data2.dawateislami.net/Data/Books/Download/ur/pdf/2020/2325-1.pdf?fn=apni-museebat-dusray-ko-batana-kesa		
????? ???? ??? ???? ???? ???	Al Madina-tul-Ilmiyah	17	https://data2.dawateislami.net/Data/Books/Read/ur/2020/2324/bt2324.jpg	https://data2.dawateislami.net/Data/Books/Download/ur/pdf/2020/2324-1.pdf?fn=hamaray-sath-bura-kiyon-hota-hai		
??? ?????	Al Madina-tul-Ilmiyah	17	https://data2.dawateislami.net/Data/Books/Read/ur/2020/2311/bt2311.jpg	https://data2.dawateislami.net/Data/Books/Download/ur/pdf/2020/2311-1.pdf?fn=shan-e-rafai		
???? ????? ?? 25 ??????	Al Madina-tul-Ilmiyah	801	https://data2.dawateislami.net/Data/Books/Read/ur/2020/2310/bt2310.jpg	https://data2.dawateislami.net/Data/Books/Download/ur/pdf/2020/2310-1.pdf?fn=rabi-ul-awwal-ke-25-bayanat		
????? ?????? ???? ??? ???????- ???? 30	Mufti Muhammad Qasim Attari	91	https://data2.dawateislami.net/Data/Books/Read/ur/2020/2296/bt2296.jpg	https://data2.dawateislami.net/Data/Books/Download/ur/pdf/2020/2296-1.pdf?fn=marifatul-quran-ala-kanzul-irfan-para-30		
??? ???? ?? ???? ?? ?????	Al Madina-tul-Ilmiyah	20	https://data2.dawateislami.net/Data/Books/Read/ur/2020/2291/bt2291.jpg	https://data2.dawateislami.net/Data/Books/Download/ur/pdf/2020/2291-1.pdf?fn=buri-suhbat-se-bachne-ka-tareeqa		
???? ???? ??? ???? ???? ????? ????	Al Madina-tul-Ilmiyah	19	https://data2.dawateislami.net/Data/Books/Read/ur/2020/2289/bt2289.jpg	https://data2.dawateislami.net/Data/Books/Download/ur/pdf/2020/2289-1.pdf?fn=shan-e-hafiz-e-millat		
??????? ????? ????? ???? ????? 1442?	Al Madina-tul-Ilmiyah	66	https://data2.dawateislami.net/Data/Books/Read/ur/2020/2280/bt2280.jpg	https://data2.dawateislami.net/Data/Books/Download/ur/pdf/2020/2280-1.pdf?fn=mahnama-rabi-ul-akhir-1442		
???? ???? ??? ???	Al Madina-tul-Ilmiyah	25	https://data2.dawateislami.net/Data/Books/Read/ur/2020/2277/bt2277.jpg	https://data2.dawateislami.net/Data/Books/Download/ur/pdf/2020/2277-1.pdf?fn=hatim-tai-kon-tha		
???? ?? ????	Al Madina-tul-Ilmiyah	19	https://data2.dawateislami.net/Data/Books/Read/ur/2020/2276/bt2276.jpg	https://data2.dawateislami.net/Data/Books/Download/ur/pdf/2020/2276-1.pdf?fn=sone-ke-anda		
?????? ?? ?????	Al Madina-tul-Ilmiyah	30	https://data2.dawateislami.net/Data/Books/Read/ur/2020/2275/bt2275.jpg	https://data2.dawateislami.net/Data/Books/Download/ur/pdf/2020/2275-1.pdf?fn=ijtima-ke-fawaid		
?????? ?? ?? ???? ?? ???	Al Madina-tul-Ilmiyah	21	https://data2.dawateislami.net/Data/Books/Read/ur/2020/2274/bt2274.jpg	https://data2.dawateislami.net/Data/Books/Download/ur/pdf/2020/2274-1.pdf?fn=dua-main-dil-na-lagne-ki-waja		
???? ???? ?? ????	Al Madina-tul-Ilmiyah	19	https://data2.dawateislami.net/Data/Books/Read/ur/2020/2273/bt2273.jpg	https://data2.dawateislami.net/Data/Books/Download/ur/pdf/2020/2273-1.pdf?fn=kalay-jadu-ka-ilaj		
??? ???? ?? ???? ??? ?? ??????	Al Madina-tul-Ilmiyah	18	https://data2.dawateislami.net/Data/Books/Read/ur/2020/2272/bt2272.jpg	https://data2.dawateislami.net/Data/Books/Download/ur/pdf/2020/2272-1.pdf?fn=naik-admi-ke-qareeb-dafan-hone-ki-barkatain		
???? ??? ?? 99 ????? ?? ??????	Al Madina-tul-Ilmiyah	18	https://data2.dawateislami.net/Data/Books/Read/ur/2020/2271/bt2271.jpg	https://data2.dawateislami.net/Data/Books/Download/ur/pdf/2020/2271-1.pdf?fn=allah-pak-k-99-namon-ki-barakatein		
??? ?? ???????? ?? ????	Al Madina-tul-Ilmiyah	12	https://data2.dawateislami.net/Data/Books/Read/ur/2020/2253/bt2253.jpg	https://data2.dawateislami.net/Data/Books/Download/ur/pdf/2020/2253-1.pdf?fn=pait-ki-bemariyon-ka-ilaj		
??????? ????? ????? ???? ????? 1442?	Al Madina-tul-Ilmiyah	68	https://data2.dawateislami.net/Data/Books/Read/ur/2020/2251/bt2251.jpg	https://data2.dawateislami.net/Data/Books/Download/ur/pdf/2020/2251-1.pdf?fn=mahnama-rabe-ul-awal-1442		
??? ?????? ?? 46 ?????? 	Al Madina-tul-Ilmiyah	68	https://data2.dawateislami.net/Data/Books/Read/ur/2020/2245/bt2245.jpg	https://data2.dawateislami.net/Data/Books/Download/ur/pdf/2020/2245-1.pdf?fn=safar-ul-muzaffar-ke-mazameen		
????????????????? ?? 24 ??????	Al Madina-tul-Ilmiyah	713	https://data2.dawateislami.net/Data/Books/Read/ur/2020/2244/bt2244.jpg	https://data2.dawateislami.net/Data/Books/Download/ur/pdf/2020/2244-1.pdf?fn=safar-ul-muzaffar-ke-24-bayanat		
???? ????? ?? ??????	Al Madina-tul-Ilmiyah	19	https://data2.dawateislami.net/Data/Books/Read/ur/2020/2243/bt2243.jpg	https://data2.dawateislami.net/Data/Books/Download/ur/pdf/2020/2243-1.pdf?fn=rabi-ul-awwal-ki-khobiyan		
???? ??? ????? ???? ???? ???? ?? ??????	Al Madina-tul-Ilmiyah	18	https://data2.dawateislami.net/Data/Books/Read/ur/2020/2242/bt2242.jpg	https://data2.dawateislami.net/Data/Books/Download/ur/pdf/2020/2242-1.pdf?fn=sabir-piya-kalyari-pak-ki-hikayaat		
???? ????? ??????	Al Madina-tul-Ilmiyah	23	https://data2.dawateislami.net/Data/Books/Read/ur/2020/2241/bt2241.jpg	https://data2.dawateislami.net/Data/Books/Download/ur/pdf/2020/2241-1.pdf?fn=ashiq-e-milad-badshah		
???? ?? ???	Al Madina-tul-Ilmiyah	22	https://data2.dawateislami.net/Data/Books/Read/ur/2020/2240/bt2240.jpg	https://data2.dawateislami.net/Data/Books/Download/ur/pdf/2020/2240-1.pdf?fn=dozakh-k-kuttay-qist-6		
???? ??? ?? ????	Al Madina-tul-Ilmiyah	22	https://data2.dawateislami.net/Data/Books/Read/ur/2020/2239/bt2239.jpg	https://data2.dawateislami.net/Data/Books/Download/ur/pdf/2020/2239-1.pdf?fn=achi-niyyat-ki-barakat-qist-5		
???? ???? ?? ???? ???? ??????	Al Madina-tul-Ilmiyah	19	https://data2.dawateislami.net/Data/Books/Read/ur/2020/2213/bt2213.jpg	https://data2.dawateislami.net/Data/Books/Download/ur/pdf/2020/2213-1.pdf?fn=imam-masjid-ko-kesa-hona-chahiye		
??? ???? ???? ??? ???? ???? ????	Al Madina-tul-Ilmiyah	19	https://data2.dawateislami.net/Data/Books/Read/ur/2020/2208/bt2208.jpg	https://data2.dawateislami.net/Data/Books/Download/ur/pdf/2020/2208-1.pdf?fn=shan-imam-ahmad-raza		
??? ??????????	Al Madina-tul-Ilmiyah	19	https://data2.dawateislami.net/Data/Books/Read/ur/2020/2207/bt2207.jpg	https://data2.dawateislami.net/Data/Books/Download/ur/pdf/2020/2207-1.pdf?fn=70-hazar-jaduger		
?? ????? ?? ??????? ???? ??	Al Madina-tul-Ilmiyah	19	https://data2.dawateislami.net/Data/Books/Read/ur/2020/2206/bt2206.jpg	https://data2.dawateislami.net/Data/Books/Download/ur/pdf/2020/2206-1.pdf?fn=kin-logo-ki-dua-qabool-hoti-hai		
???? ?????? ????? ???????? ???????? ???????? ????????? ?? ?????? ? ???????? ?????? ????? ???????? ???????	Al Madina-tul-Ilmiyah	137	https://data2.dawateislami.net/Data/Books/Read/ur/2020/2202/bt2202.jpg	https://data2.dawateislami.net/Data/Books/Download/ur/pdf/2020/2202-1.pdf?fn=aaqa-ke-shehzaday-o-shehzadiyan		
??? ?? ???? ??????? ???? ?? ?????	Al Madina-tul-Ilmiyah	17	https://data2.dawateislami.net/Data/Books/Read/ur/2020/2204/bt2204.jpg	https://data2.dawateislami.net/Data/Books/Download/ur/pdf/2020/2204-1.pdf?fn=matti-ke-bartan-istemal-karne-ke-faiday		
???? ??? ????	Ameer-e-Ahl-e-Sunnat	17	https://data2.dawateislami.net/Data/Books/Read/ur/2020/2203/bt2203.jpg	https://data2.dawateislami.net/Data/Books/Download/ur/pdf/2020/2203-1.pdf?fn=achi-buri-suhbat-qist-4		
????? ??? ????? ????	Al Madina-tul-Ilmiyah	17	https://data2.dawateislami.net/Data/Books/Read/ur/2020/2205/bt2205.jpg	https://data2.dawateislami.net/Data/Books/Download/ur/pdf/2020/2205-1.pdf?fn=safar-mein-nuhusat-nahi		
??????? ????? ????? ???? ?????? 1442? ?????? 2020?	Al Madina-tul-Ilmiyah	68	https://data2.dawateislami.net/Data/Books/Read/ur/2020/2201/bt2201.jpg	https://data2.dawateislami.net/Data/Books/Download/ur/pdf/2020/2201-1.pdf?fn=mahnama-safar-ul-muzafar-1442		
??????? ?????? ????? ?????? ????????? ???????	Al Madina-tul-Ilmiyah	17	https://data2.dawateislami.net/Data/Books/Read/ur/2020/2200/bt2200.jpg	https://data2.dawateislami.net/Data/Books/Download/ur/pdf/2020/2200-1.pdf?fn=fazail-e-imam-e-hussain		
???? ?? ?? ???? ?? ???? ??? ???? ?? ?????	Al Madina-tul-Ilmiyah	23	https://data2.dawateislami.net/Data/Books/Read/ur/2020/2196/bt2196.jpg	https://data2.dawateislami.net/Data/Books/Download/ur/pdf/2020/2196-1.pdf?fn=malfuzat-e-ameer-ahlesunnat-qist-215		
????? ???? ????? ?? ???? ????? ??? ???? ???	Al Madina-tul-Ilmiyah	21	https://data2.dawateislami.net/Data/Books/Read/ur/2020/2195/bt2195.jpg	https://data2.dawateislami.net/Data/Books/Download/ur/pdf/2020/2195-1.pdf?fn=hazrat-jah-jah-bin-saeed-ghafari		
???? ?????? ?? 26 ??????	Al Madina-tul-Ilmiyah	754	https://data2.dawateislami.net/Data/Books/Read/ur/2020/2191/bt2191.jpg	https://data2.dawateislami.net/Data/Books/Download/ur/pdf/2020/2191-1.pdf?fn=muharram-kay-26-byanaat		
???? ???? ???? ???? ???? ????	Al Madina-tul-Ilmiyah	19	https://data2.dawateislami.net/Data/Books/Read/ur/2020/2190/bt2190.jpg	https://data2.dawateislami.net/Data/Books/Download/ur/pdf/2020/2190-1.pdf?fn=seerat-baba-fareed		
???? ?? ?????	Al Madina-tul-Ilmiyah	3	https://data2.dawateislami.net/Data/Books/Read/ur/2020/2183/bt2183.jpg	https://data2.dawateislami.net/Data/Books/Download/ur/pdf/2020/2183-1.pdf?fn=muharram-k-fazail	https://data2.dawateislami.net/download/islam/ur/mp3/2020/80265.mp3	https://data2.dawateislami.net/download/islam/ur/mp3/2020/80265.mp3?fn=%D9%85%D8%AD%D8%B1%D9%85%20%DA%A9%DB%92%20%D9%81%D8%B6%D8%A7%D8%A6%D9%84.mp3
??? ?? ????? ?????	Ameer-e-Ahl-e-Sunnat	17	https://data2.dawateislami.net/Data/Books/Read/ur/2020/2172/bt2172.jpg	https://data2.dawateislami.net/Data/Books/Download/ur/pdf/2020/2172-1.pdf?fn=ghusl-kay-zarori-masail		
??? ????? ?? 12 ??????	Al Madina-tul-Ilmiyah	161	https://data2.dawateislami.net/Data/Books/Read/ur/2020/2171/bt2171.jpg	https://data2.dawateislami.net/Data/Books/Download/ur/pdf/2020/2171-1.pdf?fn=shaan-e-mustafa-par-12-bayanat		
????? ?? ????	Al Madina-tul-Ilmiyah	19	https://data2.dawateislami.net/Data/Books/Read/ur/2020/2170/bt2170.jpg	https://data2.dawateislami.net/Data/Books/Download/ur/pdf/2020/2170-1.pdf?fn=wuzu-ka-sawab		
?????? ?????	Ameer-e-Ahl-e-Sunnat	19	https://data2.dawateislami.net/Data/Books/Read/ur/2020/2169/bt2169.jpg	https://data2.dawateislami.net/Data/Books/Download/ur/pdf/2020/2169-1.pdf?fn=khofnak-janwar		
?????? ????????	Majlis-e-Ifta	10	https://data2.dawateislami.net/Data/Books/Read/ur/2020/2168/bt2168.jpg	https://data2.dawateislami.net/Data/Books/Download/ur/pdf/2020/2168-1.pdf?fn=qurbani-kay-fatawa		
???????????????????? ??25 ??????	Al Madina-tul-Ilmiyah	755	https://data2.dawateislami.net/Data/Books/Read/ur/2020/2167/bt2167.jpg	https://data2.dawateislami.net/Data/Books/Download/ur/pdf/2020/2167-1.pdf?fn=zul-hijja-til-haraam-kay-25-bayanaat		
?????? ????????? ???????????? ??????	Al Madina-tul-Ilmiyah	164	https://data2.dawateislami.net/Data/Books/Read/ur/2020/2166/bt2166.jpg	https://data2.dawateislami.net/Data/Books/Download/ur/pdf/2020/2166-1.pdf?fn=madani-muzakrah-kay-137-suwalat-jawabat		
???? ??? ??? ???? ??? ???? ?? ???	Al Madina-tul-Ilmiyah	23	https://data2.dawateislami.net/Data/Books/Read/ur/2020/2160/bt2160.jpg	https://data2.dawateislami.net/Data/Books/Download/ur/pdf/2020/2160-1.pdf?fn=dunya-bhar-main-gunah-aam-hone-ki-waja		
???? ??????	Mufti Muhammad Qasim Attari	264	https://data2.dawateislami.net/Data/Books/Read/ur/2020/2159/bt2159.jpg	https://data2.dawateislami.net/Data/Books/Download/ur/pdf/2020/2159-1.pdf?fn=surat-nisa		
?????? ??? ???????	Imam-e-Ahl-e-Sunnat Ahmad Raza Khan	40	https://data2.dawateislami.net/Data/Books/Read/ur/2020/2158/bt2158.jpg	https://data2.dawateislami.net/Data/Books/Download/ur/pdf/2020/2158-1.pdf?fn=al-mubeen-khatmannabiyeen		
??????? ????? ????? ????? ?????? 1442? ????? 2020?	Al Madina-tul-Ilmiyah	68	https://data2.dawateislami.net/Data/Books/Read/ur/2020/2153/bt2153.jpg	https://data2.dawateislami.net/Data/Books/Download/ur/pdf/2020/2153-1.pdf?fn=mahnama-faizan-maidna-muharram-1442		
???? ? ????? ?? ????? ????? ?? ???? ?????	Majlis-e-Ifta	23	https://data2.dawateislami.net/Data/Books/Read/ur/2020/2150/bt2150.jpg	https://data2.dawateislami.net/Data/Books/Download/ur/pdf/2020/2150-1.pdf?fn=tajheez-o-takfeen-k-marakiz-banane-k-shari-ahkam		
?????? ???? ???????	Al Madina-tul-Ilmiyah	456	https://data2.dawateislami.net/Data/Books/Read/ur/2020/2147/bt2147.jpg	https://data2.dawateislami.net/Data/Books/Download/ur/pdf/2020/2147-1.pdf?fn=guldasta-e-madani-inamat		
?????? ?? ???? - ???? ????? - ??? 15	Al Madina-tul-Ilmiyah	34	https://data2.dawateislami.net/Data/Books/Read/ur/2020/2146/bt2146.jpg	https://data2.dawateislami.net/Data/Books/Download/ur/pdf/2020/2146-1.pdf?fn=qurbani-ka-bayan		
????? ??? ????	Al Madina-tul-Ilmiyah	45	https://data2.dawateislami.net/Data/Books/Read/ur/2020/2145/bt2145.jpg	https://data2.dawateislami.net/Data/Books/Download/ur/pdf/2020/2145-1.pdf?fn=aqeeda-khatam-e-nabuwat		
????? ??? ???? ??? ??? ??????? ???? ???? ????	Al Madina-tul-Ilmiyah	21	https://data2.dawateislami.net/Data/Books/Read/ur/2020/2144/bt2144.jpg	https://data2.dawateislami.net/Data/Books/Download/ur/pdf/2020/2144-1.pdf?fn=aqeeda-khatam-e-nabuwat-aur-sadr-ush-shariah		
??????? ????? ????? ???????? ?????? 1441 ? ????  2020?	Al Madina-tul-Ilmiyah	68	https://data2.dawateislami.net/Data/Books/Read/ur/2020/2143/bt2143.jpg	https://data2.dawateislami.net/Data/Books/Download/ur/pdf/2020/2143-1.pdf?fn=mahnama-zul-hijja-1441-august-2020		
??? ?? ?? ????? 15 ??????	Al Madina-tul-Ilmiyah	436	https://data2.dawateislami.net/Data/Books/Read/ur/2020/2142/bt2142.jpg	https://data2.dawateislami.net/Data/Books/Download/ur/pdf/2020/2142-1.pdf?fn=hajj-say-mutalliq-15-byanaat		
???? ?? ???? ??? ????? ???????	Ameer-e-Ahl-e-Sunnat	27	https://data2.dawateislami.net/Data/Books/Read/ur/2020/2141/bt2141.jpg	https://data2.dawateislami.net/Data/Books/Download/ur/pdf/2020/2141-1.pdf?fn=kabay-kay-baray-mayn-dilchasp-malumaat		
???????? ?????? ?? 21 ??????	Al Madina-tul-Ilmiyah	603	https://data2.dawateislami.net/Data/Books/Read/ur/2020/2140/bt2140.jpg	https://data2.dawateislami.net/Data/Books/Download/ur/pdf/2020/2140-1.pdf?fn=zul-qadah-kay-21-byanat		
????? ??? ????? ???? ?? ??? ???? ???? ??????	Al Madina-tul-Ilmiyah	26	https://data2.dawateislami.net/Data/Books/Read/ur/2020/2139/bt2139.jpg	https://data2.dawateislami.net/Data/Books/Download/ur/pdf/2020/2139-1.pdf?fn=sansani-khez-manazir		
???? ?? ???? ?? ?????	Al Madina-tul-Ilmiyah	18	https://data2.dawateislami.net/Data/Books/Read/ur/2020/2134/bt2134.jpg	https://data2.dawateislami.net/Data/Books/Download/ur/pdf/2020/2134-1.pdf?fn=sardi-se-bachne-ke-tareeqay		
????? ??????? ???? ?????	Al Madina-tul-Ilmiyah	24	https://data2.dawateislami.net/Data/Books/Read/ur/2020/2133/bt2133.jpg	https://data2.dawateislami.net/Data/Books/Download/ur/pdf/2020/2133-1.pdf?fn=konsi-dua-nahi-karni-chahiye-qist-5		
??? ?? ???? ???? ????	Al Madina-tul-Ilmiyah	16	https://data2.dawateislami.net/Data/Books/Read/ur/2020/2128/bt2128.jpg	https://data2.dawateislami.net/Data/Books/Download/ur/pdf/2020/2128-1.pdf?fn=bachay-zid-kiyon-kartay-hain		
???? ??? ?? ?????? ?????	Al Madina-tul-Ilmiyah	22	https://data2.dawateislami.net/Data/Books/Read/ur/2020/2124/bt2124.jpg	https://data2.dawateislami.net/Data/Books/Download/ur/pdf/2020/2124-1.pdf?fn=madani-qalam-ki-anokhi-hikayat		
???? ?? ????? ?????	Al Madina-tul-Ilmiyah	60	https://data2.dawateislami.net/Data/Books/Read/ur/2020/2121/bt2121.jpg	https://data2.dawateislami.net/Data/Books/Download/ur/pdf/2020/2121-1.pdf?fn=namaz-ka-mukhtasar-tariqa		
????? ?? ?????? ???????	Al Madina-tul-Ilmiyah	133	https://data2.dawateislami.net/Data/Books/Read/ur/2020/2120/bt2120.jpg	https://data2.dawateislami.net/Data/Books/Download/ur/pdf/2020/2120-1.pdf?fn=islam-ki-bunyadi-maloomat		
???? ???????	Mufti Muhammad Qasim Attari	62	https://data2.dawateislami.net/Data/Books/Read/ur/2020/2119/bt2119.jpg	https://data2.dawateislami.net/Data/Books/Download/ur/pdf/2020/2119-1.pdf?fn=surah-hujurat		
???? ???????	Mufti Muhammad Qasim Attari	150	https://data2.dawateislami.net/Data/Books/Read/ur/2020/2118/bt2118.jpg	https://data2.dawateislami.net/Data/Books/Download/ur/pdf/2020/2118-1.pdf?fn=surah-ahzab		
???? ??????	Mufti Muhammad Qasim Attari	30	https://data2.dawateislami.net/Data/Books/Read/ur/2020/2117/bt2117.jpg	https://data2.dawateislami.net/Data/Books/Download/ur/pdf/2020/2117-1.pdf?fn=surah-dukhan		
???? ?????	Mufti Muhammad Qasim Attari	34	https://data2.dawateislami.net/Data/Books/Read/ur/2020/2116/bt2116.jpg	https://data2.dawateislami.net/Data/Books/Download/ur/pdf/2020/2116-1.pdf?fn=surah-mulk		
???? ???????	Mufti Muhammad Qasim Attari	41	https://data2.dawateislami.net/Data/Books/Read/ur/2020/2115/bt2115.jpg	https://data2.dawateislami.net/Data/Books/Download/ur/pdf/2020/2115-1.pdf?fn=surah-waqiah		
??????? ????? ????? ????????? ?????? 1441 ? ?????? 2020?	Al Madina-tul-Ilmiyah	68	https://data2.dawateislami.net/Data/Books/Read/ur/2020/2114/bt2114.jpg	https://data2.dawateislami.net/Data/Books/Download/ur/pdf/2020/2114-1.pdf?fn=mahnama-zul-qadah-1441-july-2020		
???? ??????	Mufti Muhammad Qasim Attari	49	https://data2.dawateislami.net/Data/Books/Read/ur/2020/2113/bt2113.jpg	https://data2.dawateislami.net/Data/Books/Download/ur/pdf/2020/2113-1.pdf?fn=sura-e-rahman		
???? ???? ???? ?????	Ameer-e-Ahl-e-Sunnat	34	https://data2.dawateislami.net/Data/Books/Read/ur/2020/2112/bt2112.jpg	https://data2.dawateislami.net/Data/Books/Download/ur/pdf/2020/2112-1.pdf?fn=allahmiyan-kehna-kesa		
????? ????	Ameer-e-Ahl-e-Sunnat	17	https://data2.dawateislami.net/Data/Books/Read/ur/2020/2108/bt2108.jpg	https://data2.dawateislami.net/Data/Books/Download/ur/pdf/2020/2108-1.pdf?fn=meethi-zaban-qist-7		
??? ?????? ? ??????	Ameer-e-Ahl-e-Sunnat	28	https://data2.dawateislami.net/Data/Books/Read/ur/2020/2109/bt2109.jpg	https://data2.dawateislami.net/Data/Books/Download/ur/pdf/2020/2109-1.pdf?fn=aham-suwalat-o-jawabat-qist-2		
??????? ????? ????? ??? 2020- ???? ?????? 1441	Al Madina-tul-Ilmiyah	68	https://data2.dawateislami.net/Data/Books/Read/ur/2020/2107/bt2107.jpg	https://data2.dawateislami.net/Data/Books/Download/ur/pdf/2020/2107-1.pdf?fn=mahnama-june-2020-shawwal-ul-mukaram-1441		
???? ????? ?? ??????	Ameer-e-Ahl-e-Sunnat	18	https://data2.dawateislami.net/Data/Books/Read/ur/2020/2106/bt2106.jpg	https://data2.dawateislami.net/Data/Books/Download/ur/pdf/2020/2106-1.pdf?fn=khak-e-madina-ki-barkatain		
???? ?????? ?? 21 ??????	Al Madina-tul-Ilmiyah	591	https://data2.dawateislami.net/Data/Books/Read/ur/2020/2105/bt2105.jpg	https://data2.dawateislami.net/Data/Books/Download/ur/pdf/2020/2105-1.pdf?fn=shawwal-kay-21-bayanaat		
??? ????	Mufti Muhammad Qasim Attari	395	https://data2.dawateislami.net/Data/Books/Read/ur/2020/2104/bt2104.jpg	https://data2.dawateislami.net/Data/Books/Download/ur/pdf/2020/2104-1.pdf?fn=amma-para		
??? ??? ?? ??????	Ameer-e-Ahl-e-Sunnat	37	https://data2.dawateislami.net/Data/Books/Read/ur/2020/2098/bt2098.jpg	https://data2.dawateislami.net/Data/Books/Download/ur/pdf/2020/2098-1.pdf?fn=riya-kar-ki-alamat		
?? ??? ?? ????? ? ???????	Al Madina-tul-Ilmiyah	10	https://data2.dawateislami.net/Data/Books/Read/ur/2020/2089/bt2089.jpg	https://data2.dawateislami.net/Data/Books/Download/ur/pdf/2020/2089-1.pdf?fn=shab-e-qadar-k-fazail-o-mamolaat		
???? ?? ?????	Ameer-e-Ahl-e-Sunnat	31	https://data2.dawateislami.net/Data/Books/Read/ur/2020/2086/bt2086.jpg	https://data2.dawateislami.net/Data/Books/Download/ur/pdf/2020/2086-1.pdf?fn=shuhrat-ki-khuwahish-qist-6		
??? ?? ??????	Ameer-e-Ahl-e-Sunnat	18	https://data2.dawateislami.net/Data/Books/Read/ur/2020/2085/bt2085.jpg	https://data2.dawateislami.net/Data/Books/Download/ur/pdf/2020/2085-1.pdf?fn=jannat-ki-nematen-qist-4		
?????? ?? ??? ???	Ameer-e-Ahl-e-Sunnat	17	https://data2.dawateislami.net/Data/Books/Read/ur/2020/2076/bt2076.jpg	https://data2.dawateislami.net/Data/Books/Download/ur/pdf/2020/2076-1.pdf?fn=gunahon-se-pak-saaf-qist-8		
?????? ?? ??????	Ameer-e-Ahl-e-Sunnat	19	https://data2.dawateislami.net/Data/Books/Read/ur/2020/2073/bt2073.jpg	https://data2.dawateislami.net/Data/Books/Download/ur/pdf/2020/2073-1.pdf?fn=hajiyon-ke-waqeaat		
????? ??????? ?? 31 ??????	Al Madina-tul-Ilmiyah	704	https://data2.dawateislami.net/Data/Books/Read/ur/2020/2068/bt2068.jpg	https://data2.dawateislami.net/Data/Books/Download/ur/pdf/2020/2068-1.pdf?fn=ramzan-ul-mubarak-kay-31-bayanat		
?????? ????? ??? ???? ??????	Al Madina-tul-Ilmiyah	68	https://data2.dawateislami.net/Data/Books/Read/ur/2020/2066/bt2066.jpg	https://data2.dawateislami.net/Data/Books/Download/ur/pdf/2020/2066-1.pdf?fn=coronavirus-aur-digar-wabayen		
(?????? ?????? (???:?	Al Madina-tul-Ilmiyah	412	https://data2.dawateislami.net/Data/Books/Read/ur/2020/2060/bt2060.jpg	https://data2.dawateislami.net/Data/Books/Download/ur/pdf/2020/2060-1.pdf?fn=islami-bayanaat-jild-3		
???? ?? ???? ???	Ameer-e-Ahl-e-Sunnat	26	https://data2.dawateislami.net/Data/Books/Read/ur/2020/2059/bt2059.jpg	https://data2.dawateislami.net/Data/Books/Download/ur/pdf/2020/2059-1.pdf?fn=sehri-ka-durust-waqt		
???? ??????? ?????	Ameer-e-Ahl-e-Sunnat	31	https://data2.dawateislami.net/Data/Books/Read/ur/2020/2058/bt2058.jpg	https://data2.dawateislami.net/Data/Books/Download/ur/pdf/2020/2058-1.pdf?fn=fitray-kay-zarori-masail		
??????? ????? ?? ????? ????????????	Ameer-e-Ahl-e-Sunnat	34	https://data2.dawateislami.net/Data/Books/Read/ur/2020/2056/bt2056.jpg	https://data2.dawateislami.net/Data/Books/Download/ur/pdf/2020/2056-1.pdf?fn=zairin-e-madina-kay-iman-afroz-waqiaat		
??????? ?? ?????	Ameer-e-Ahl-e-Sunnat	26	https://data2.dawateislami.net/Data/Books/Read/ur/2020/2055/bt2055.jpg	https://data2.dawateislami.net/Data/Books/Download/ur/pdf/2020/2055-1.pdf?fn=gunahon-ki-dawa		
????? ?? ?????	Ameer-e-Ahl-e-Sunnat	41	https://data2.dawateislami.net/Data/Books/Read/ur/2020/2044/bt2044.jpg	https://data2.dawateislami.net/Data/Books/Download/ur/pdf/2020/2044-1.pdf?fn=iman-per-khatima		
???? ??????? ???? ??????	Ameer-e-Ahl-e-Sunnat	18	https://data2.dawateislami.net/Data/Books/Read/ur/2020/2049/bt2049.jpg	https://data2.dawateislami.net/Data/Books/Download/ur/pdf/2020/2049-1.pdf?fn=muaf-farmaeay-sawab-kamaeay		
????????? ???????	Ameer-e-Ahl-e-Sunnat	30	https://data2.dawateislami.net/Data/Books/Read/ur/2020/2046/bt2046.jpg	https://data2.dawateislami.net/Data/Books/Download/ur/pdf/2020/2046-1.pdf?fn=ahtiram-e-ramzan		
??????? ????? ????? ?????/???-2020 ????? ???????-1441	Al Madina-tul-Ilmiyah	68	https://data2.dawateislami.net/Data/Books/Read/ur/2020/2047/bt2047.jpg	https://data2.dawateislami.net/Data/Books/Download/ur/pdf/2020/2047-1.pdf?fn=mahnama-ramzan-ul-mubarak-1441-may-2020		
????? ??????  ?? 21 ??????	Al Madina-tul-Ilmiyah	643	https://data2.dawateislami.net/Data/Books/Read/ur/2020/2040/bt2040.jpg	https://data2.dawateislami.net/Data/Books/Download/ur/pdf/2020/2040-1.pdf?fn=shaban-kay-21-byanaat		
?? ?? ?? ?? ???? ????? ?????	Al Madina-tul-Ilmiyah	15	https://data2.dawateislami.net/Data/Books/Read/ur/2020/2035/bt2035.jpg	https://data2.dawateislami.net/Data/Books/Download/ur/pdf/2020/2035-1.pdf?fn=aab-zam-zam-se-chay-banana-kesa		
???? ????? ?? ?????	Al Madina-tul-Ilmiyah	16	https://data2.dawateislami.net/Data/Books/Read/ur/2020/2030/bt2030.jpg	https://data2.dawateislami.net/Data/Books/Download/ur/pdf/2020/2030-1.pdf?fn=seeti-bajane-ke-ahkam		
?? ????? ???? ??????? ???	Al Madina-tul-Ilmiyah	25	https://data2.dawateislami.net/Data/Books/Read/ur/2020/2029/bt2029.jpg	https://data2.dawateislami.net/Data/Books/Download/ur/pdf/2020/2029-1.pdf?fn=ye-khushbu-kitni-dair-rehti-hai		
??? ???? ??? ?? ??????	Al Madina-tul-Ilmiyah	24	https://data2.dawateislami.net/Data/Books/Read/ur/2020/2028/bt2028.jpg	https://data2.dawateislami.net/Data/Books/Download/ur/pdf/2020/2028-1.pdf?fn=kon-kitni-bar-hajj-karayga		
???? ?? ??? ????? ?????	Al Madina-tul-Ilmiyah	27	https://data2.dawateislami.net/Data/Books/Read/ur/2020/2027/bt2027.jpg	https://data2.dawateislami.net/Data/Books/Download/ur/pdf/2020/2027-1.pdf?fn=bachoon-ko-itar-lagana-kesa		
??? ??? ????? ?? ?????	Al Madina-tul-Ilmiyah	20	https://data2.dawateislami.net/Data/Books/Read/ur/2020/2026/bt2026.jpg	https://data2.dawateislami.net/Data/Books/Download/ur/pdf/2020/2026-1.pdf?fn=naza-main-asani-ka-wazeefa		
?????? ?? ?????? ????? ?? ??? ???? ?	Al Madina-tul-Ilmiyah	25	https://data2.dawateislami.net/Data/Books/Read/ur/2020/2025/bt2025.jpg	https://data2.dawateislami.net/Data/Books/Download/ur/pdf/2020/2025-1.pdf?fn=aankhoon-se-ansoon-na-niklain-o-kia-krain		
??? ?????? ?? 26 ??????	Al Madina-tul-Ilmiyah	779	https://data2.dawateislami.net/Data/Books/Read/ur/2020/2020/bt2020.jpg	https://data2.dawateislami.net/Data/Books/Download/ur/pdf/2020/2020-1.pdf?fn=rajab-ul-murajjab-kay-26-bayanaat		
????? ??? ???? ???? ???????	Al Madina-tul-Ilmiyah	27	https://data2.dawateislami.net/Data/Books/Read/ur/2020/2018/bt2018.jpg	https://data2.dawateislami.net/Data/Books/Download/ur/pdf/2020/2018-1.pdf?fn=hamesha-nafa-denay-wala-karobar		
???????? ???? ??? ???? ???	Al Madina-tul-Ilmiyah	26	https://data2.dawateislami.net/Data/Books/Read/ur/2020/2017/bt2017.jpg	https://data2.dawateislami.net/Data/Books/Download/ur/pdf/2020/2017-1.pdf?fn=muraqaba-kesay-kia-jata-hai		
???? ?????? ??? ???????? ??? 1	Al Madina-tul-Ilmiyah	122	https://data2.dawateislami.net/Data/Books/Read/ur/2020/2015/bt2015.jpg	https://data2.dawateislami.net/Data/Books/Download/ur/pdf/2020/2015-1.pdf?fn=quran-seekhain-aur-sikhaain-hissa-1		
??????? ????? ????? ? ????? ?????? 1441	Al Madina-tul-Ilmiyah	66	https://data2.dawateislami.net/Data/Books/Read/ur/2020/2014/bt2014.jpg	https://data2.dawateislami.net/Data/Books/Download/ur/pdf/2020/2014-1.pdf?fn=mahnama-shaban-ul-muazam-1441-april-2020		
"???? ?? ???	"	Al Madina-tul-Ilmiyah	22	https://data2.dawateislami.net/Data/Books/Read/ur/2020/1998/bt1998.jpg	https://data2.dawateislami.net/Data/Books/Download/ur/pdf/2020/1998-1.pdf?fn=jahannam-ki-giza		
??? ?? ?????? ????	Al Madina-tul-Ilmiyah	14	https://data2.dawateislami.net/Data/Books/Read/ur/2020/1996/bt1996.jpg	https://data2.dawateislami.net/Data/Books/Download/ur/pdf/2020/1996-1.pdf?fn=jannat-ka-anokha-darkht		
??? ???? ??? ???? ????	Al Madina-tul-Ilmiyah	32	https://data2.dawateislami.net/Data/Books/Read/ur/2020/1995/bt1995.jpg	https://data2.dawateislami.net/Data/Books/Download/ur/pdf/2020/1995-1.pdf?fn=isme-azam-kisay-kehtay-hain		
???? ?? ?? ?? ???? ????	Al Madina-tul-Ilmiyah	17	https://data2.dawateislami.net/Data/Books/Read/ur/2020/1992/bt1992.jpg	https://data2.dawateislami.net/Data/Books/Download/ur/pdf/2020/1992-1.pdf?fn=duniyan-ka-sab-se-pehla-pahar		
???? ?? ?????? ?? ????? ??? ???? ?????	Al Madina-tul-Ilmiyah	20	https://data2.dawateislami.net/Data/Books/Read/ur/2020/1991/bt1991.jpg	https://data2.dawateislami.net/Data/Books/Download/ur/pdf/2020/1991-1.pdf?fn=beti-ki-pedaish-par-mubarak-bad-dena-kesa		
????? ?? ????	Al Madina-tul-Ilmiyah	0	https://data2.dawateislami.net/Data/Books/Read/ur/2020/1990/bt1990.jpg	https://data2.dawateislami.net/Data/Books/Download/ur/pdf/2020/1990-1.pdf?fn=tension-ka-ilaj		
??? ?? ???? ?? ???? ?? ?????? ????	Al Madina-tul-Ilmiyah	0	https://data2.dawateislami.net/Data/Books/Read/ur/2020/1989/bt1989.jpg	https://data2.dawateislami.net/Data/Books/Download/ur/pdf/2020/1989-1.pdf?fn=kuttay-ke-hamlay-se-bachnay-ka-rohani-ilaj		
??? ???? ?? ??????	Al Madina-tul-Ilmiyah	20	https://data2.dawateislami.net/Data/Books/Read/ur/2020/1987/bt1987.jpg	https://data2.dawateislami.net/Data/Books/Download/ur/pdf/2020/1987-1.pdf?fn=nam-e-muhammad-ki-barkatain		
??? ?? ???? ?? ?????? ????	Al Madina-tul-Ilmiyah	0	https://data2.dawateislami.net/Data/Books/Read/ur/2020/1979/bt1979.jpg	https://data2.dawateislami.net/Data/Books/Download/ur/pdf/2020/1979-1.pdf?fn=wazan-kam-karne-ka-ruhani-ilaj		
????? ????? ?? 21 ??????	Al Madina-tul-Ilmiyah	0	https://data2.dawateislami.net/Data/Books/Read/ur/2020/1985/bt1985.jpg	https://data2.dawateislami.net/Data/Books/Download/ur/pdf/2020/1985-1.pdf?fn=jumadal-aakhir-kay-21-bayanaat		
???? ????? ??? ????? ????? ?????	Al Madina-tul-Ilmiyah	22	https://data2.dawateislami.net/Data/Books/Read/ur/2020/1978/bt1978.jpg	https://data2.dawateislami.net/Data/Books/Download/ur/pdf/2020/1978-1.pdf?fn=rabiul-awwal-main-jhanday-lagana-kesa		
?? ??????? ??????	Ameer-e-Ahl-e-Sunnat	13	https://data2.dawateislami.net/Data/Books/Read/ur/2020/1977/bt1977.jpg	https://data2.dawateislami.net/Data/Books/Download/ur/pdf/2020/1977-1.pdf?fn=kab-muskrana-chahiye		
?? ???? ?? ?????? ?? ???? ?? ????????	Al Madina-tul-Ilmiyah	21	https://data2.dawateislami.net/Data/Books/Read/ur/2020/1976/bt1976.jpg	https://data2.dawateislami.net/Data/Books/Download/ur/pdf/2020/1976-1.pdf?fn=aag-lagne-ke-waqiaat-se-bachne-ki-ihtiyatain		
"??????? ????? ????? ??????2020???? ???????1441?"	Al Madina-tul-Ilmiyah	68	https://data2.dawateislami.net/Data/Books/Read/ur/2020/1988/bt1988.jpg	https://data2.dawateislami.net/Data/Books/Download/ur/pdf/2020/1988-1.pdf?fn=mahnama-faizan-e-madina-march-2020-rajab-1441		
????? ????? ?? ??????	Al Madina-tul-Ilmiyah	268	https://data2.dawateislami.net/Data/Books/Read/ur/2020/1982/bt1982.jpg	https://data2.dawateislami.net/Data/Books/Download/ur/pdf/2020/1982-1.pdf?fn=azwaj-e-anbiya-ki-hikayat		
?????? ????? ???????? ??? ???	Al Madina-tul-Ilmiyah	780	https://data2.dawateislami.net/Data/Books/Read/ur/2020/1981/bt1981.jpg	https://data2.dawateislami.net/Data/Books/Download/ur/pdf/2020/1981-1.pdf?fn=faizan-e-riaz-us-saliheen-jild-6		
??? ???? ???????????	Al Madina-tul-Ilmiyah	16	https://data2.dawateislami.net/Data/Books/Read/ur/2020/1975/bt1975.jpg	https://data2.dawateislami.net/Data/Books/Download/ur/pdf/2020/1975-1.pdf?fn=dil-naram-karney-kay-nuskhay		
??? ?????? ?? ???	Ameer-e-Ahl-e-Sunnat	26	https://data2.dawateislami.net/Data/Books/Read/ur/2020/1974/bt1974.jpg	https://data2.dawateislami.net/Data/Books/Download/ur/pdf/2020/1974-1.pdf?fn=aik-musalman-ki-izzat		
???? ???? ??? ?? ?????? ?? ??????	Al Madina-tul-Ilmiyah	26	https://data2.dawateislami.net/Data/Books/Read/ur/2020/1940/bt1940.jpg	https://data2.dawateislami.net/Data/Books/Download/ur/pdf/2020/1940-1.pdf?fn=naqsh-e-naal-e-pak-ki-barakat-ki-hikayat		
????? ???? ????? ???????????	Al Madina-tul-Ilmiyah	18	https://data2.dawateislami.net/Data/Books/Read/ur/2020/1938/bt1938.jpg	https://data2.dawateislami.net/Data/Books/Download/ur/pdf/2020/1938-1.pdf?fn=subhu-jaldi-beydar-honey-kay-nuskhay		
??????? ????? ????? ????? - ???? 2020 ????? ??????-1441	Al Madina-tul-Ilmiyah	64	https://data2.dawateislami.net/Data/Books/Read/ur/2020/1937/bt1937.jpg	https://data2.dawateislami.net/Data/Books/Download/ur/pdf/2020/1937-1.pdf?fn=mahnama-february-2020-jamadi-ul-akhir-1441		
????????? ?? 34 ????	Al Madina-tul-Ilmiyah	42	https://data2.dawateislami.net/Data/Books/Read/ur/2020/1936/bt1936.jpg	https://data2.dawateislami.net/Data/Books/Download/ur/pdf/2020/1936-1.pdf?fn=dua-mangne-ke-34-aadab		
??????? ???????? ??????????	Al Madina-tul-Ilmiyah	643	https://data2.dawateislami.net/Data/Books/Read/ur/2019/1932/bt1932.jpg	https://data2.dawateislami.net/Data/Books/Download/ur/pdf/2019/1932-1.pdf?fn=jumadal-ooal-kay-22-bayanaat		
???? ?????? ?????????????????	Al Madina-tul-Ilmiyah	27	https://data2.dawateislami.net/Data/Books/Read/ur/2019/1921/bt1921.jpg	https://data2.dawateislami.net/Data/Books/Download/ur/pdf/2019/1921-1.pdf?fn=apni-khoobiyon-ka-izhar-karan-kesa		
??? ???? ???? ?? ?????	Al Madina-tul-Ilmiyah	30	https://data2.dawateislami.net/Data/Books/Read/ur/2019/1927/bt1927.jpg	https://data2.dawateislami.net/Data/Books/Download/ur/pdf/2019/1927-1.pdf?fn=dua-qabool-honey-kay-asbab		
????? ?? ?????	Ameer-e-Ahl-e-Sunnat	30	https://data2.dawateislami.net/Data/Books/Read/ur/2019/1926/bt1926.jpg	https://data2.dawateislami.net/Data/Books/Download/ur/pdf/2019/1926-1.pdf?fn=tambay-kay-nakhun		
??????? ?? ??? ????? ????????	Al Madina-tul-Ilmiyah	17	https://data2.dawateislami.net/Data/Books/Read/ur/2019/1914/bt1914.jpg	https://data2.dawateislami.net/Data/Books/Download/ur/pdf/2019/1914-1.pdf?fn=naya-kaam-kis-din-shuru-kiya-jaye		
???????????? ???????????????	Al Madina-tul-Ilmiyah	31	https://data2.dawateislami.net/Data/Books/Read/ur/2019/1913/bt1913.jpg	https://data2.dawateislami.net/Data/Books/Download/ur/pdf/2019/1913-1.pdf?fn=burhapa-sukoon-say-guzarne-ka-nuskha		
(?????? ?????? (???:?	Al Madina-tul-Ilmiyah	402	https://data2.dawateislami.net/Data/Books/Read/ur/2019/1915/bt1915.jpg	https://data2.dawateislami.net/Data/Books/Download/ur/pdf/2019/1915-1.pdf?fn=islami-bayanaat-jild-2		
????? ??? ????????? ??????? ?????	Al Madina-tul-Ilmiyah	16	https://data2.dawateislami.net/Data/Books/Read/ur/2019/1912/bt1912.jpg	https://data2.dawateislami.net/Data/Books/Download/ur/pdf/2019/1912-1.pdf?fn=napak-farsh-begair-dhoye-kesey-paak-hoga		
????? ???????? ?? ??????	Al Madina-tul-Ilmiyah	26	https://data2.dawateislami.net/Data/Books/Read/ur/2019/1911/bt1911.jpg	https://data2.dawateislami.net/Data/Books/Download/ur/pdf/2019/1911-1.pdf?fn=safai-suthrai-ki-ahmiyat		
??????? ????? ????? ?????- ?????2020 ????? ?????-1441	Al Madina-tul-Ilmiyah	68	https://data2.dawateislami.net/Data/Books/Read/ur/2019/1907/bt1907.jpg	https://data2.dawateislami.net/Data/Books/Download/ur/pdf/2019/1907-1.pdf?fn=mahnama-january-2020-jamadi-ul-awwal-1441		
???????????? ????????? ????? ??????? ????	Al Madina-tul-Ilmiyah	17	https://data2.dawateislami.net/Data/Books/Read/ur/2019/1906/bt1906.jpg	https://data2.dawateislami.net/Data/Books/Download/ur/pdf/2019/1906-1.pdf?fn=malbay-say-zindah-nikalney-wali-murghi		
??? ??? ??? ????? ???? ???????? ???? ????????	Al Madina-tul-Ilmiyah	22	https://data2.dawateislami.net/Data/Books/Read/ur/2019/1905/bt1905.jpg	https://data2.dawateislami.net/Data/Books/Download/ur/pdf/2019/1905-1.pdf?fn=lain-dain-mein-seedha-haath-istemaal-karne		
???? ?? ??? ??? ?????? ?? ?????????? ?????? ?????	Al Madina-tul-Ilmiyah	21	https://data2.dawateislami.net/Data/Books/Read/ur/2019/1904/bt1904.jpg	https://data2.dawateislami.net/Data/Books/Download/ur/pdf/2019/1904-1.pdf?fn=bachay-kay-kaan-mein-mobile-kay-zariye		
???? ?????????????	Al Madina-tul-Ilmiyah	30	https://data2.dawateislami.net/Data/Books/Read/ur/2019/1903/bt1903.jpg	https://data2.dawateislami.net/Data/Books/Download/ur/pdf/2019/1903-1.pdf?fn=dost-kisay-banaya-jayi		
????????? ????????????????????? ?????	Al Madina-tul-Ilmiyah	51	https://data2.dawateislami.net/Data/Books/Read/ur/2019/1902/bt1902.jpg	https://data2.dawateislami.net/Data/Books/Download/ur/pdf/2019/1902-1.pdf?fn=kia-ghar-mein-janwar-palnay-say-farishtay		
??????? ????? ????? ?????2019 - ???? ??????-1441	Al Madina-tul-Ilmiyah	68	https://data2.dawateislami.net/Data/Books/Read/ur/2019/1901/bt1901.jpg	https://data2.dawateislami.net/Data/Books/Download/ur/pdf/2019/1901-1.pdf?fn=mahnama-dec-2019-rabi-ul-akhir-1441		
?????????????????????	Al Madina-tul-Ilmiyah	34	https://data2.dawateislami.net/Data/Books/Read/ur/2019/1900/bt1900.jpg	https://data2.dawateislami.net/Data/Books/Download/ur/pdf/2019/1900-1.pdf?fn=ghussay-par-qabo-panay-ka-tariqa		
???????? ??????	Al Madina-tul-Ilmiyah	390	https://data2.dawateislami.net/Data/Books/Read/ur/2019/1899/bt1899.jpg	https://data2.dawateislami.net/Data/Books/Download/ur/pdf/2019/1899-1.pdf?fn=qabala-e-bakhshish		
??? ??? ?? ????? ???? ?? ???? ?? ???? ???	Al Madina-tul-Ilmiyah	19	https://data2.dawateislami.net/Data/Books/Read/ur/2019/1898/bt1898.jpg	https://data2.dawateislami.net/Data/Books/Download/ur/pdf/2019/1898-1.pdf?fn=kia-mard-ki-kamai-aurat-kay-naseeb-say-hoti-hain		
????? ?????? ?? ???? ????????	Al Madina-tul-Ilmiyah	21	https://data2.dawateislami.net/Data/Books/Read/ur/2019/1897/bt1897.jpg	https://data2.dawateislami.net/Data/Books/Download/ur/pdf/2019/1897-1.pdf?fn=kia-hum-farishte-ko-daikh-sakta-hain		
????????? ????? ??? ???? ???	Al Madina-tul-Ilmiyah	17	https://data2.dawateislami.net/Data/Books/Read/ur/2019/1896/bt1896.jpg	https://data2.dawateislami.net/Data/Books/Download/ur/pdf/2019/1896-1.pdf?fn=kia-jinnat-ko-bhi-mout-ati-hai		
????? ??????? ??????????	Al Madina-tul-Ilmiyah	29	https://data2.dawateislami.net/Data/Books/Read/ur/2019/1895/bt1895.jpg	https://data2.dawateislami.net/Data/Books/Download/ur/pdf/2019/1895-1.pdf?fn=jhooti-kahaniyan-banana-kaisa		
????? ??? ????? ?????	Al Madina-tul-Ilmiyah	24	https://data2.dawateislami.net/Data/Books/Read/ur/2019/1894/bt1894.jpg	https://data2.dawateislami.net/Data/Books/Download/ur/pdf/2019/1894-1.pdf?fn=unique-naam-rakhna-kaisa		
?????? ?? ??? ??? ?? ?????	Al Madina-tul-Ilmiyah	62	https://data2.dawateislami.net/Data/Books/Read/ur/2019/1831/bt1831.jpg	https://data2.dawateislami.net/Data/Books/Download/ur/pdf/2019/1831-1.pdf?fn=tajiro-kay-liye-kam-ki-batian		
???????? ???? ???????	Ameer-e-Ahl-e-Sunnat	21	https://data2.dawateislami.net/Data/Books/Read/ur/2019/1830/bt1830.jpg	https://data2.dawateislami.net/Data/Books/Download/ur/pdf/2019/1830-1.pdf?fn=alwada-mah-e-ramzan		
????? ????? ??? ?????? ????	Al Madina-tul-Ilmiyah	16	https://data2.dawateislami.net/Data/Books/Read/ur/2019/1828/bt1828.jpg	https://data2.dawateislami.net/Data/Books/Download/ur/pdf/2019/1828-1.pdf?fn=douran-duty-game-khelna-kaisa		
?????? ?????? ?????	Ameer-e-Ahl-e-Sunnat	24	https://data2.dawateislami.net/Data/Books/Read/ur/2019/1827/bt1827.jpg	https://data2.dawateislami.net/Data/Books/Download/ur/pdf/2019/1827-1.pdf?fn=anwar-e-faizan-e-ramazan		
???? ????? ?? ???? ?????? ??? ???? ????? ???? ????	Al Madina-tul-Ilmiyah	20	https://data2.dawateislami.net/Data/Books/Read/ur/2019/1826/bt1826.jpg	https://data2.dawateislami.net/Data/Books/Download/ur/pdf/2019/1826-1.pdf?fn=imam-malik-ka-ishq-e-rasool		
??????? ????? ????? ???- ??? 2019 - ????? ??????? 1440	Al Madina-tul-Ilmiyah	68	https://data2.dawateislami.net/Data/Books/Read/ur/2019/1825/bt1825.jpg	https://data2.dawateislami.net/Data/Books/Download/ur/pdf/2019/1825-1.pdf?fn=mahnama-may-2019-ramzan-ul-mubarak-1440		
???? ??????? ?????? ?????	Al Madina-tul-Ilmiyah	20	https://data2.dawateislami.net/Data/Books/Read/ur/2019/1824/bt1824.jpg	https://data2.dawateislami.net/Data/Books/Download/ur/pdf/2019/1824-1.pdf?fn=zaid-unglian-katwana-kaisa		
?????? ???? ??? ????? ?????? ?????	Al Madina-tul-Ilmiyah	20	https://data2.dawateislami.net/Data/Books/Read/ur/2019/1823/bt1823.jpg	https://data2.dawateislami.net/Data/Books/Download/ur/pdf/2019/1823-1.pdf?fn=maiyat-walay-ghar-cholha-jalana-kaisa		
?????? ?? ????? ?? ????? 	Al Madina-tul-Ilmiyah	26	https://data2.dawateislami.net/Data/Books/Read/ur/2019/1822/bt1822.jpg	https://data2.dawateislami.net/Data/Books/Download/ur/pdf/2019/1822-1.pdf?fn=mazarat-par-hazri-ka-tariqa		
?????? ?? ????	Al Madina-tul-Ilmiyah	23	https://data2.dawateislami.net/Data/Books/Read/ur/2019/1821/bt1821.jpg	https://data2.dawateislami.net/Data/Books/Download/ur/pdf/2019/1821-1.pdf?fn=udasi-ka-ilaaj		
?????? ????	Al Madina-tul-Ilmiyah	204	https://data2.dawateislami.net/Data/Books/Read/ur/2019/1820/bt1820.jpg	https://data2.dawateislami.net/Data/Books/Download/ur/pdf/2019/1820-1.pdf?fn=islami-shadi		
??????? ????? ????? ?????- ??? 2019 - ????? ?????? 1440	Al Madina-tul-Ilmiyah	68	https://data2.dawateislami.net/Data/Books/Read/ur/2019/1819/bt1819.jpg	https://data2.dawateislami.net/Data/Books/Download/ur/pdf/2019/1819-1.pdf?fn=mahnama-april-2019-shaban-ul-muazam-1440		
?????? ?????? ???????????????	Al Madina-tul-Ilmiyah	20	https://data2.dawateislami.net/Data/Books/Read/ur/2019/1818/bt1818.jpg	https://data2.dawateislami.net/Data/Books/Download/ur/pdf/2019/1818-1.pdf?fn=dulha-par-phool-nichawar-krnay-kaisa		
????? ??? ?? ???? ??? ?????? ???????	Al Madina-tul-Ilmiyah	22	https://data2.dawateislami.net/Data/Books/Read/ur/2019/1817/bt1817.jpg	https://data2.dawateislami.net/Data/Books/Download/ur/pdf/2019/1817-1.pdf?fn=shutar-murgh-kay-baray-main-dilchasp-maloomat		
????????? ?? ?? ?? ???? ??? ?????????????	Al Madina-tul-Ilmiyah	21	https://data2.dawateislami.net/Data/Books/Read/ur/2019/1816/bt1816.jpg	https://data2.dawateislami.net/Data/Books/Download/ur/pdf/2019/1816-1.pdf?fn=jannatiyon-ko-sab-say-pehlay-kia-khilaya-jaye-ga		
??????? ????? ????? ????-????? 2019 - ??? ?????? 1440	Al Madina-tul-Ilmiyah	68	https://data2.dawateislami.net/Data/Books/Read/ur/2019/1813/bt1813.jpg	https://data2.dawateislami.net/Data/Books/Download/ur/pdf/2019/1813-1.pdf?fn=mahnama-march-2019-rajab-ul-murajab-1440		
?? ????? ???? ?? ??? ?? ??????? ?????	Al Madina-tul-Ilmiyah	21	https://data2.dawateislami.net/Data/Books/Read/ur/2019/1812/bt1812.jpg	https://data2.dawateislami.net/Data/Books/Download/ur/pdf/2019/1812-1.pdf?fn=malfuzat-ameer-e-ahlesunnat-qisst-30		
????? ??????	Al Madina-tul-Ilmiyah	27	https://data2.dawateislami.net/Data/Books/Read/ur/2019/1810/bt1810.jpg	https://data2.dawateislami.net/Data/Books/Download/ur/pdf/2019/1810-1.pdf?fn=aankh-pharakna		
?????? ????????????	Al Madina-tul-Ilmiyah	22	https://data2.dawateislami.net/Data/Books/Read/ur/2019/1806/bt1806.jpg	https://data2.dawateislami.net/Data/Books/Download/ur/pdf/2019/1806-1.pdf?fn=salgrah-mananay-ka-tariqa		
??????????????? ???????????	Al Madina-tul-Ilmiyah	34	https://data2.dawateislami.net/Data/Books/Read/ur/2019/1805/bt1805.jpg	https://data2.dawateislami.net/Data/Books/Download/ur/pdf/2019/1805-1.pdf?fn=chor-bazar-say-cheezain-kharidna-kaisa		
???? ?? ??? ??? ???? ?? ??????	Al Madina-tul-Ilmiyah	39	https://data2.dawateislami.net/Data/Books/Read/ur/2019/1804/bt1804.jpg	https://data2.dawateislami.net/Data/Books/Download/ur/pdf/2019/1804-1.pdf?fn=bachon-ki-zid-khatam-karnay-ka-wazifa		
??????? ????? ????? ?????-????2019 ????? ??????1440	Al Madina-tul-Ilmiyah	64	https://data2.dawateislami.net/Data/Books/Read/ur/2019/1803/bt1803.jpg	https://data2.dawateislami.net/Data/Books/Download/ur/pdf/2019/1803-1.pdf?fn=mahnama-february-2019-jamadi-ul-akhir-1440		
????????????????????	Al Madina-tul-Ilmiyah	43	https://data2.dawateislami.net/Data/Books/Read/ur/2019/1801/bt1801.jpg	https://data2.dawateislami.net/Data/Books/Download/ur/pdf/2019/1801-1.pdf?fn=bazo-par-tattoo-banana-kaisa		
??? ?? ????? ???? ??????	Al Madina-tul-Ilmiyah	42	https://data2.dawateislami.net/Data/Books/Read/ur/2019/1800/bt1800.jpg	https://data2.dawateislami.net/Data/Books/Download/ur/pdf/2019/1800-1.pdf?fn=kuttay-kay-mutalliq-sharai-ahkam		
???? ??? ?????? ????	Al Madina-tul-Ilmiyah	36	https://data2.dawateislami.net/Data/Books/Read/ur/2018/1799/bt1799.jpg	https://data2.dawateislami.net/Data/Books/Download/ur/pdf/2018/1799-1.pdf?fn=haftawar-madani-halqa		
(????? ?? ???? ???? (???? ????	Al Madina-tul-Ilmiyah	374	https://data2.dawateislami.net/Data/Books/Read/ur/2018/1797/bt1797.jpg	https://data2.dawateislami.net/Data/Books/Download/ur/pdf/2018/1797-1.pdf?fn=islah-kay-madani-phool-part-1		
??? ???? ?? ????	Ameer-e-Ahl-e-Sunnat	38	https://data2.dawateislami.net/Data/Books/Read/ur/2018/1796/bt1796.jpg	https://data2.dawateislami.net/Data/Books/Download/ur/pdf/2018/1796-1.pdf?fn=pulsirat-ki-dehshat		
????? ???? ????? ?? ???? ?????	Al Madina-tul-Ilmiyah	67	https://data2.dawateislami.net/Data/Books/Read/ur/2018/1795/bt1795.jpg	https://data2.dawateislami.net/Data/Books/Download/ur/pdf/2018/1795-1.pdf?fn=ulti-juti-seedhi-na-karna-kesa		
??? ??? ???	Mufti Ali Asghar	36	https://data2.dawateislami.net/Data/Books/Read/ur/2018/1794/bt1794.jpg	https://data2.dawateislami.net/Data/Books/Download/ur/pdf/2018/1794-1.pdf?fn=sood-kia-hai		
??????? ????? ????? ?????-?????2019 ????? ????? 1440	Al Madina-tul-Ilmiyah	68	https://data2.dawateislami.net/Data/Books/Read/ur/2018/1793/bt1793.jpg	https://data2.dawateislami.net/Data/Books/Download/ur/pdf/2018/1793-1.pdf?fn=mahnama-february-2019-jamadi-ul-awwal-1440		
???????? ??? ?????? ??? ???? ??? ???	Al Madina-tul-Ilmiyah	51	https://data2.dawateislami.net/Data/Books/Read/ur/2018/1792/bt1792.jpg	https://data2.dawateislami.net/Data/Books/Download/ur/pdf/2018/1792-1.pdf?fn=kia-jannat-main-walidain-bhi-sath-hongay		
?????? ?????????? ????	Al Madina-tul-Ilmiyah	44	https://data2.dawateislami.net/Data/Books/Read/ur/2018/1791/bt1791.jpg	https://data2.dawateislami.net/Data/Books/Download/ur/pdf/2018/1791-1.pdf?fn=musalman-kay-joothay-main-shifa		
???? ?????? ????? ???? ???????	Al Madina-tul-Ilmiyah	31	https://data2.dawateislami.net/Data/Books/Read/ur/2018/1767/bt1767.jpg	https://data2.dawateislami.net/Data/Books/Download/ur/pdf/2018/1767-1.pdf?fn=madani-markaz-ki-abad-kari-kese-ho		
??????? ?????????????	Al Madina-tul-Ilmiyah	49	https://data2.dawateislami.net/Data/Books/Read/ur/2018/1789/bt1789.jpg	https://data2.dawateislami.net/Data/Books/Download/ur/pdf/2018/1789-1.pdf?fn=intiqal-par-sabar-ka-tariqa		
????????????????? ???	Al Madina-tul-Ilmiyah	38	https://data2.dawateislami.net/Data/Books/Read/ur/2018/1788/bt1788.jpg	https://data2.dawateislami.net/Data/Books/Download/ur/pdf/2018/1788-1.pdf?fn=andaz-e-guftugu-kesa-ho		
????? ???? ?? ????? ????	Al Madina-tul-Ilmiyah	7	https://data2.dawateislami.net/Data/Books/Read/ur/2018/1787/bt1787.jpg	https://data2.dawateislami.net/Data/Books/Download/ur/pdf/2018/1787-1.pdf?fn=piyaray-aqa-ka-piyara-bachpan		
??????? ????? ????? ????? 2019 - ???? ?????? 1440	Al Madina-tul-Ilmiyah	67	https://data2.dawateislami.net/Data/Books/Read/ur/2018/1786/bt1786.jpg	https://data2.dawateislami.net/Data/Books/Download/ur/pdf/2018/1786-1.pdf?fn=mahnama-january-2019-rabi-ul-aakhir-1440		
????? ????? ???? ?? ??? ???????	Al Madina-tul-Ilmiyah	39	https://data2.dawateislami.net/Data/Books/Read/ur/2018/1785/bt1785.jpg	https://data2.dawateislami.net/Data/Books/Download/ur/pdf/2018/1785-1.pdf?fn=seerat-e-ala-hazrat-ki-chand-jhalkiyan		
???? ????????? ?? ?????	Al Madina-tul-Ilmiyah	27	https://data2.dawateislami.net/Data/Books/Read/ur/2018/1782/bt1782.jpg	https://data2.dawateislami.net/Data/Books/Download/ur/pdf/2018/1782-1.pdf?fn=tauba-par-istiqamat-ka-tareeqa		
??????? ????? ????? ?????- ????? 2018 - ???? ?????? 1440	Al Madina-tul-Ilmiyah	68	https://data2.dawateislami.net/Data/Books/Read/ur/2018/1778/bt1778.jpg	https://data2.dawateislami.net/Data/Books/Download/ur/pdf/2018/1778-1.pdf?fn=mahnama-december-2018-rabi-ul-awwal-1440		
????? ???? ????? ???? ?????	Al Madina-tul-Ilmiyah	21	https://data2.dawateislami.net/Data/Books/Read/ur/2018/1777/bt1777.jpg	https://data2.dawateislami.net/Data/Books/Download/ur/pdf/2018/1777-1.pdf?fn=jootha-pani-phaink-dena-kesa		
???? ?? ???? ????????????	Al Madina-tul-Ilmiyah	25	https://data2.dawateislami.net/Data/Books/Read/ur/2018/1774/bt1774.jpg	https://data2.dawateislami.net/Data/Books/Download/ur/pdf/2018/1774-1.pdf?fn=bachon-ko-dhoop-laganay-kay-fawaid		
????? ???? ?????? ???? ???? ?????? ????	Al Madina-tul-Ilmiyah	254	https://data2.dawateislami.net/Data/Books/Read/ur/2018/1773/bt1773.jpg	https://data2.dawateislami.net/Data/Books/Download/ur/pdf/2018/1773-1.pdf?fn=faizan-imam-ahle-sunnat		
????? ?? ?????? ?????? ????? ?????	Al Madina-tul-Ilmiyah	33	https://data2.dawateislami.net/Data/Books/Read/ur/2018/1772/bt1772.jpg	https://data2.dawateislami.net/Data/Books/Download/ur/pdf/2018/1772-1.pdf?fn=ghulaab-ki-patiyon-par-paon-rakhna-kaisa		
????? ?? ????? ?? ??????	Al Madina-tul-Ilmiyah	47	https://data2.dawateislami.net/Data/Books/Read/ur/2018/1770/bt1770.jpg	https://data2.dawateislami.net/Data/Books/Download/ur/pdf/2018/1770-1.pdf?fn=aghwa-se-hifazat-kay-aurad		
???? ?? ????? ?? ?????	Al Madina-tul-Ilmiyah	29	https://data2.dawateislami.net/Data/Books/Read/ur/2018/1769/bt1769.jpg	https://data2.dawateislami.net/Data/Books/Download/ur/pdf/2018/1769-1.pdf?fn=masjid-ki-safai-ki-fazilat		
??? ??? ??? ???? ???????	Al Madina-tul-Ilmiyah	40	https://data2.dawateislami.net/Data/Books/Read/ur/2018/1768/bt1768.jpg	https://data2.dawateislami.net/Data/Books/Download/ur/pdf/2018/1768-1.pdf?fn=tang-waqt-main-namaz-ka-tariqa		
 ?????? ???????? -??? ???	Al Madina-tul-Ilmiyah	0	https://data2.dawateislami.net/Data/Books/Read/ur/2018/1766/bt1766.jpg	https://data2.dawateislami.net/Data/Books/Download/ur/pdf/2018/1766-1.pdf?fn=gunaho-ke-azabat-hissa-2		
?????? ?????	Al Madina-tul-Ilmiyah	0	https://data2.dawateislami.net/Data/Books/Read/ur/2018/1765/bt1765.jpg	https://data2.dawateislami.net/Data/Books/Download/ur/pdf/2018/1765-1.pdf?fn=madani-qafila		
?????? ??????	Al Madina-tul-Ilmiyah	229	https://data2.dawateislami.net/Data/Books/Read/ur/2018/1761/bt1761.jpg	https://data2.dawateislami.net/Data/Books/Download/ur/pdf/2018/1761-1.pdf?fn=saman-e-bakhsish		
????? ???????40??????	Imam-e-Ahl-e-Sunnat Ahmad Raza Khan	30	https://data2.dawateislami.net/Data/Books/Read/ur/2018/1760/bt1760.jpg	https://data2.dawateislami.net/Data/Books/Download/ur/pdf/2018/1760-1.pdf?fn=shafaat-kay-mutaliq-40-hadisay		
??? ??? ???? ?? ?????? ??? ????	Al Madina-tul-Ilmiyah	42	https://data2.dawateislami.net/Data/Books/Read/ur/2018/1758/bt1758.jpg	https://data2.dawateislami.net/Data/Books/Download/ur/pdf/2018/1758-1.pdf?fn=malfuzat-e-ameer-ahle-sunnat-11		
 ??????? ????? ?????-??? ??????1440? ?????- ?????? 2018?	Al Madina-tul-Ilmiyah	68	https://data2.dawateislami.net/Data/Books/Read/ur/2018/1757/bt1757.jpg	https://data2.dawateislami.net/Data/Books/Download/ur/pdf/2018/1757-1.pdf?fn=mahnama-faizan-madina-safar-ul-muzafar-1440		
10-??????? ???? ?????? ???	Al Madina-tul-Ilmiyah	29	https://data2.dawateislami.net/Data/Books/Read/ur/2018/1756/bt1756.jpg	https://data2.dawateislami.net/Data/Books/Download/ur/pdf/2018/1756-1.pdf?fn=malfuzat-e-ameer-ahle-sunnat-10		
??????? ???? ?????? ???-9	Al Madina-tul-Ilmiyah	25	https://data2.dawateislami.net/Data/Books/Read/ur/2018/1755/bt1755.jpg	https://data2.dawateislami.net/Data/Books/Download/ur/pdf/2018/1755-1.pdf?fn=malfuzat-ameer-ahle-sunnat-qisst-9		
(???????? ???? ??????? (??? ????	Al Madina-tul-Ilmiyah	570	https://data2.dawateislami.net/Data/Books/Read/ur/2018/1754/bt1754.jpg	https://data2.dawateislami.net/Data/Books/Download/ur/pdf/2018/1754-1.pdf?fn=sunnaton-bharen-bayanat-jild-1		
 ???? ? ?????1440? ?????- ?????? 2018?	Al Madina-tul-Ilmiyah	68	https://data2.dawateislami.net/Data/Books/Read/ur/2018/1741/bt1741.jpg	https://data2.dawateislami.net/Data/Books/Download/ur/pdf/2018/1741-1.pdf?fn=mahnama-muharram		
??????? ???? ?????? ??? 08	Al Madina-tul-Ilmiyah	34	https://data2.dawateislami.net/Data/Books/Read/ur/2018/1751/bt1751.jpg	https://data2.dawateislami.net/Data/Books/Download/ur/pdf/2018/1751-1.pdf?fn=malfuzat-ameer-ahle-sunnat-qisst-8		
???? ??? ??????	Al Madina-tul-Ilmiyah	81	https://data2.dawateislami.net/Data/Books/Read/ur/2018/1750/bt1750.jpg	https://data2.dawateislami.net/Data/Books/Download/ur/pdf/2018/1750-1.pdf?fn=hafta-war-ijtima		
?????? ????? ?? ???? ???? ???	Al Madina-tul-Ilmiyah	45	https://data2.dawateislami.net/Data/Books/Read/ur/2018/1749/bt1749.jpg	https://data2.dawateislami.net/Data/Books/Download/ur/pdf/2018/1749-1.pdf?fn=8-madani-kam		
???? ???	Markazi Majlis-e-Shoora	53	https://data2.dawateislami.net/Data/Books/Read/ur/2018/1748/bt1748.jpg	https://data2.dawateislami.net/Data/Books/Download/ur/pdf/2018/1748-1.pdf?fn=masjid-dars		
???? ??? ???? ??????	Markazi Majlis-e-Shoora	73	https://data2.dawateislami.net/Data/Books/Read/ur/2018/1747/bt1747.jpg	https://data2.dawateislami.net/Data/Books/Download/ur/pdf/2018/1747-1.pdf?fn=haftwar-madani-muzakira		
??? ?? ?? ????????-??????? ???? ?????? ??? -7	Al Madina-tul-Ilmiyah	11	https://data2.dawateislami.net/Data/Books/Read/ur/2018/1746/bt1746.jpg	https://data2.dawateislami.net/Data/Books/Download/ur/pdf/2018/1746-1.pdf?fn=safar-e-hajj-ki-ihtiyatain		
??? ???	Al Madina-tul-Ilmiyah	313	https://data2.dawateislami.net/Data/Books/Read/ur/2018/1734/bt1734.jpg	https://data2.dawateislami.net/Data/Books/Download/ur/pdf/2018/1734-1.pdf?fn=zoq-e-naat		
??????? ????? (??? 2)	Al Madina-tul-Ilmiyah	184	https://data2.dawateislami.net/Data/Books/Read/ur/2018/1745/bt1745.jpg	https://data2.dawateislami.net/Data/Books/Download/ur/pdf/2018/1745-1.pdf?fn=aaiy-e-quran-samajhte-he-hissa-2		
??????? ????? (??? 1)	Al Madina-tul-Ilmiyah	153	https://data2.dawateislami.net/Data/Books/Read/ur/2018/1744/bt1744.jpg	https://data2.dawateislami.net/Data/Books/Download/ur/pdf/2018/1744-1.pdf?fn=aaiy-e-quran-samajhte-he-hissa-1		
??????? ?????? ??? ????? ????-???:42	Al Madina-tul-Ilmiyah	85	https://data2.dawateislami.net/Data/Books/Read/ur/2018/1743/bt1743.jpg	https://data2.dawateislami.net/Data/Books/Download/ur/pdf/2018/1743-1.pdf?fn=darziyon-k-baray-main-sawal-jawab		
???? ??????? ???	Al Madina-tul-Ilmiyah	30	https://data2.dawateislami.net/Data/Books/Read/ur/2018/1742/bt1742.jpg	https://data2.dawateislami.net/Data/Books/Download/ur/pdf/2018/1742-1.pdf?fn=rafiq-e-safar-kesa-ho		
??? ????? ??????	Markazi Majlis-e-Shoora	16	https://data2.dawateislami.net/Data/Books/Read/ur/2018/1740/bt1740.jpg	https://data2.dawateislami.net/Data/Books/Download/ur/pdf/2018/1740-1.pdf?fn=yume-tatil-atikaf		
????? ???? 	Al Madina-tul-Ilmiyah	0	https://data2.dawateislami.net/Data/Books/Read/ur/2018/1731/bt1731.jpg	https://data2.dawateislami.net/Data/Books/Download/ur/pdf/2018/1731-1.pdf?fn=faizan-e-durood-e-pak		
???? ???????	Markazi Majlis-e-Shoora	74	https://data2.dawateislami.net/Data/Books/Read/ur/2018/1737/bt1737.jpg	https://data2.dawateislami.net/Data/Books/Download/ur/pdf/2018/1737-1.pdf?fn=madani-inamaat		
???? ?????? ???? ??????	Al Madina-tul-Ilmiyah	26	https://data2.dawateislami.net/Data/Books/Read/ur/2018/1738/bt1738.jpg	https://data2.dawateislami.net/Data/Books/Download/ur/pdf/2018/1738-1.pdf?fn=darakhat-lagaiye-sawab-kamaiye		
??????? ????? ????? ???? - ?????-2018?- ?????  1439?	Al Madina-tul-Ilmiyah	66	https://data2.dawateislami.net/Data/Books/Read/ur/2018/1735/bt1735.jpg	https://data2.dawateislami.net/Data/Books/Download/ur/pdf/2018/1735-1.pdf?fn=mahnama-zil-hajj-1439-aug-2018		
?????? ?????? ?? ??? ?????? ?????	Mufti Ali Asghar	53	https://data2.dawateislami.net/Data/Books/Read/ur/2018/1733/bt1733.jpg	https://data2.dawateislami.net/Data/Books/Download/ur/pdf/2018/1733-1.pdf?fn=27-wajibat-e-hajj-aur-tafseeli-ahkam		
???? ????? ?????????	Ameer-e-Ahl-e-Sunnat	35	https://data2.dawateislami.net/Data/Books/Read/ur/2018/1732/bt1732.jpg	https://data2.dawateislami.net/Data/Books/Download/ur/pdf/2018/1732-1.pdf?fn=jumma-ko-eid-ho-to-kesa-qisst-39		
????? ?????? ???? ??? ???????- ??? ???-???? ???? ?? ???	Mufti Muhammad Qasim Attari	437	https://data2.dawateislami.net/Data/Books/Read/ur/2018/1730/bt1730.jpg	https://data2.dawateislami.net/Data/Books/Download/ur/pdf/2018/1730-1.pdf?fn=maarifat-ul-quraan-jild-6		
????? ????? ???????-2018 	Maktaba-tul-Madina	0	https://data2.dawateislami.net/Data/Books/Read/ur/2018/1729/bt1729.jpg	https://data2.dawateislami.net/Data/Books/Download/ur/pdf/2018/1729-1.pdf?fn=fehrist-maktaba-tul-madina		
??????? ????? ????? ??????-????-2018?- ???????? 1439?	Al Madina-tul-Ilmiyah	66	https://data2.dawateislami.net/Data/Books/Read/ur/2018/1728/bt1728.jpg	https://data2.dawateislami.net/Data/Books/Download/ur/pdf/2018/1728-1.pdf?fn=mahnama-faizan-madina-zil-qada-1439-july-2018		
 ?????? ??  ?????? -??? ???	Al Madina-tul-Ilmiyah	98	https://data2.dawateislami.net/Data/Books/Read/ur/2018/1727/bt1727.jpg	https://data2.dawateislami.net/Data/Books/Download/ur/pdf/2018/1727-1.pdf?fn=gunaho-k-azabaat		
?????? ???? ??????	Al Madina-tul-Ilmiyah	82	https://data2.dawateislami.net/Data/Books/Read/ur/2018/1726/bt1726.jpg	https://data2.dawateislami.net/Data/Books/Download/ur/pdf/2018/1726-1.pdf?fn=tazkira-ameer-ahl-e-sunnat-qisst-8		
?????? ???? ???????	Al Madina-tul-Ilmiyah	12	https://data2.dawateislami.net/Data/Books/Read/ur/2018/1725/bt1725.jpg	https://data2.dawateislami.net/Data/Books/Download/ur/pdf/2018/1725-1.pdf?fn=chuttiyan-kesay-guzarain	https://data2.dawateislami.net/download/islam/ur/mp3/2019/67556.mp3	https://data2.dawateislami.net/download/islam/ur/mp3/2019/67556.mp3?fn=%DA%86%DA%BE%D9%B9%DB%8C%D8%A7%DA%BA%20%DA%A9%DB%8C%D8%B3%DB%92%20%DA%AF%D8%B2%D8%A7%D8%B1%DB%8C%DA%BA%D8%9F.mp3
???? ??? ???? ??? ???? ?????	Al Madina-tul-Ilmiyah	42	https://data2.dawateislami.net/Data/Books/Read/ur/2018/1724/bt1724.jpg	https://data2.dawateislami.net/Data/Books/Download/ur/pdf/2018/1724-1.pdf?fn=saray-ghar-walay-naik-kesay-banay-qisst-37		
?????? ?? ????	Al Madina-tul-Ilmiyah	34	https://data2.dawateislami.net/Data/Books/Read/ur/2018/1723/bt1723.jpg	https://data2.dawateislami.net/Data/Books/Download/ur/pdf/2018/1723-1.pdf?fn=tabarokat-ka-saboot-36		
????? ?? ????? ???? ?????	Al Madina-tul-Ilmiyah	29	https://data2.dawateislami.net/Data/Books/Read/ur/2018/1722/bt1722.jpg	https://data2.dawateislami.net/Data/Books/Download/ur/pdf/2018/1722-1.pdf?fn=insan-ko-fereshta-kehna-keysa-qisst-35		
??????? ????? ????? ???-?????? 2018?- ???? ?????? 1439?	Al Madina-tul-Ilmiyah	66	https://data2.dawateislami.net/Data/Books/Read/ur/2018/1719/bt1719.jpg	https://data2.dawateislami.net/Data/Books/Download/ur/pdf/2018/1719-1.pdf?fn=mahnama-shawwal-1439-2018		
??????? ??? ??? ?????	Al Madina-tul-Ilmiyah	78	https://data2.dawateislami.net/Data/Books/Read/ur/2018/1717/bt1717.jpg	https://data2.dawateislami.net/Data/Books/Download/ur/pdf/2018/1717-1.pdf?fn=sahabiyat-aur-shoq-e-ibadat		
?????? ?? ???? ?????? ?? ???? ?????	Al Madina-tul-Ilmiyah	29	https://data2.dawateislami.net/Data/Books/Read/ur/2018/1714/bt1714.jpg	https://data2.dawateislami.net/Data/Books/Download/ur/pdf/2018/1714-1.pdf?fn=burae-ka-badla-achae-say-deijiye		
??? ????? ?? ????? ???? ????	Al Madina-tul-Ilmiyah	37	https://data2.dawateislami.net/Data/Books/Read/ur/2018/1713/bt1713.jpg	https://data2.dawateislami.net/Data/Books/Download/ur/pdf/2018/1713-1.pdf?fn=naat-khwani-k-mutaleq-suwal-jawab		
???? ????	Al Madina-tul-Ilmiyah	33	https://data2.dawateislami.net/Data/Books/Read/ur/2018/1712/bt1712.jpg	https://data2.dawateislami.net/Data/Books/Download/ur/pdf/2018/1712-1.pdf?fn=adaab-e-dua		
?????? ????? ???????? ??? ?????	Al Madina-tul-Ilmiyah	305	https://data2.dawateislami.net/Data/Books/Read/ur/2018/1711/bt1711.jpg	https://data2.dawateislami.net/Data/Books/Download/ur/pdf/2018/1711-1.pdf?fn=faizan-e-riaz-us-saliheen-jild-4		
?????? ????? ???????? ??? ????	Al Madina-tul-Ilmiyah	746	https://data2.dawateislami.net/Data/Books/Read/ur/2018/1710/bt1710.jpg	https://data2.dawateislami.net/Data/Books/Download/ur/pdf/2018/1710-1.pdf?fn=faizan-e-riaz-us-saliheen-jild-3		
??????? ????? ????? ???  2018-????? ???????  1439	Al Madina-tul-Ilmiyah	66	https://data2.dawateislami.net/Data/Books/Read/ur/2018/1709/bt1709.jpg	https://data2.dawateislami.net/Data/Books/Download/ur/pdf/2018/1709-1.pdf?fn=mahnama-faizan-madina-ramzan-ul-mubarak-1439-2018		
????? ?????? ???? ?????? - ??? ???	Khalifa e Ameer e Ahle Sunnat Maulana Abu Usaid Haji Ubaid Raza Attari Madani	9	https://data2.dawateislami.net/Data/Books/Read/ur/2018/1703/bt1703.jpg	https://data2.dawateislami.net/Data/Books/Download/ur/pdf/2018/1703-1.pdf?fn=tazkira-e-jaanisheen-e-ameer-e-ahle-sunnat	https://data2.dawateislami.net/download/islam/ur/mp3/2019/67345.mp3	https://data2.dawateislami.net/download/islam/ur/mp3/2019/67345.mp3?fn=%D8%AA%D8%B0%DA%A9%D8%B1%DB%81%20%D8%AC%D8%A7%D9%86%D8%B4%DB%8C%D9%86%20%D8%A7%D9%85%DB%8C%D8%B1%20%D8%A7%DB%81%D9%84%D8%B3%D9%86%D8%AA%20-%20%D9%82%D8%B3%D8%B7%20%D8%A7%D9%88%D9%84.mp3
?????? ?? ????? ? ?????	Al Madina-tul-Ilmiyah	69	https://data2.dawateislami.net/Data/Books/Read/ur/2018/1702/bt1702.jpg	https://data2.dawateislami.net/Data/Books/Download/ur/pdf/2018/1702-1.pdf?fn=tarawih-k-fazail-o-masail		
???? ????? ?? ????? ???7	Al Madina-tul-Ilmiyah	538	https://data2.dawateislami.net/Data/Books/Read/ur/2018/1701/bt1701.jpg	https://data2.dawateislami.net/Data/Books/Download/ur/pdf/2018/1701-1.pdf?fn=allah-walo-ki-batain-jild-7		
??? ??? ???? ????	Al Madina-tul-Ilmiyah	48	https://data2.dawateislami.net/Data/Books/Read/ur/2018/1695/bt1695.jpg	https://data2.dawateislami.net/Data/Books/Download/ur/pdf/2018/1695-1.pdf?fn=bad-e-fajar-madani-halqa		
??????? ????? ????? ??? 2018 - ????? ?????? 1439	Al Madina-tul-Ilmiyah	66	https://data2.dawateislami.net/Data/Books/Read/ur/2018/1699/bt1699.jpg	https://data2.dawateislami.net/Data/Books/Download/ur/pdf/2018/1699-1.pdf?fn=mahnama-shaban-ul-muazam-1439-may-2018		
??? ?????? ?? ?????	Al Madina-tul-Ilmiyah	44	https://data2.dawateislami.net/Data/Books/Read/ur/2018/1687/bt1687.jpg	https://data2.dawateislami.net/Data/Books/Download/ur/pdf/2018/1687-1.pdf?fn=sulah-karwaney-ke-fazail-29		
?? ????? ?? ???? ???- 30	Al Madina-tul-Ilmiyah	44	https://data2.dawateislami.net/Data/Books/Read/ur/2018/1688/bt1688.jpg	https://data2.dawateislami.net/Data/Books/Download/ur/pdf/2018/1688-1.pdf?fn=dil-jeetnay-ka-nuskha-q-30		
??????? ????? ????? ????? 2018-???  1439	Al Madina-tul-Ilmiyah	66	https://data2.dawateislami.net/Data/Books/Read/ur/2018/1697/bt1697.jpg	https://data2.dawateislami.net/Data/Books/Download/ur/pdf/2018/1697-1.pdf?fn=mahnama-faizan-madinah-april-2018		
????? ??????? ??????	Al Madina-tul-Ilmiyah	72	https://data2.dawateislami.net/Data/Books/Read/ur/2018/1696/bt1696.jpg	https://data2.dawateislami.net/Data/Books/Download/ur/pdf/2018/1696-1.pdf?fn=madrasa-tul-madina-baligan		
????? ??????? (??????????) ??? ????	Al Madina-tul-Ilmiyah	366	https://data2.dawateislami.net/Data/Books/Read/ur/2018/1693/bt1693.jpg	https://data2.dawateislami.net/Data/Books/Download/ur/pdf/2018/1693-1.pdf?fn=dilchasp-malomaat-sawalan-jawaaban-part-02		
????? ?????? ???? ??? ???????- ??? ????-???? ?? ????	Mufti Muhammad Qasim Attari	413	https://data2.dawateislami.net/Data/Books/Read/ur/2018/1664/bt1664.jpg	https://data2.dawateislami.net/Data/Books/Download/ur/pdf/2018/1664-1.pdf?fn=maarifat-ul-quraan-jild-5		
??????? ????? ????? ???? 2018-????? ????? 1439	Al Madina-tul-Ilmiyah	66	https://data2.dawateislami.net/Data/Books/Read/ur/2018/1692/bt1692.jpg	https://data2.dawateislami.net/Data/Books/Download/ur/pdf/2018/1692-1.pdf?fn=mahnama-faizan-madinah-march		
??? ??? ????? ?? ????? ???? ?? ?? ?????? ?? ??? ??????	Al Madina-tul-Ilmiyah	34	https://data2.dawateislami.net/Data/Books/Read/ur/2018/1689/bt1689.jpg	https://data2.dawateislami.net/Data/Books/Download/ur/pdf/2018/1689-1.pdf?fn=jannat-main-mardon-ko-horain-milaingi		
????? ????? ???? ?? ??????	Al Madina-tul-Ilmiyah	38	https://data2.dawateislami.net/Data/Books/Read/ur/2018/1686/bt1686.jpg	https://data2.dawateislami.net/Data/Books/Download/ur/pdf/2018/1686-1.pdf?fn=hafeza-kamzoor-honay-ki-wjohat		
??????? ??? ??? ??? ?? ????? ?? ???	Al Madina-tul-Ilmiyah	37	https://data2.dawateislami.net/Data/Books/Read/ur/2018/1685/bt1685.jpg	https://data2.dawateislami.net/Data/Books/Download/ur/pdf/2018/1685-1.pdf?fn=tangdasti-aur-rizq-main-bebarkati-ka-sabab		
??????? ????? ????? ?????2018-????? ????? 1439	Al Madina-tul-Ilmiyah	66	https://data2.dawateislami.net/Data/Books/Read/ur/2018/1684/bt1684.jpg	https://data2.dawateislami.net/Data/Books/Download/ur/pdf/2018/1684-1.pdf?fn=mahnama-february-2018-jamadi-ul-awwal-1439		
????? ???? ???	Al Madina-tul-Ilmiyah	0	https://data2.dawateislami.net/Data/Books/Read/ur/2018/1683/bt1683.jpg	https://data2.dawateislami.net/Data/Books/Download/ur/pdf/2018/1683-1.pdf?fn=fehrist-maktaba-tul-madinah		
??????? ????? ????? ?????2018-???? ????? 1439	Al Madina-tul-Ilmiyah	66	https://data2.dawateislami.net/Data/Books/Read/ur/2017/1682/bt1682.jpg	https://data2.dawateislami.net/Data/Books/Download/ur/pdf/2017/1682-1.pdf?fn=mahnama-faizan-e-madina-january-2018		
???? ????? ?? ????? ??? 6	Al Madina-tul-Ilmiyah	0	https://data2.dawateislami.net/Data/Books/Read/ur/2017/1681/bt1681.jpg	https://data2.dawateislami.net/Data/Books/Download/ur/pdf/2017/1681-1.pdf?fn=allah-walon-ki-batain-jild-6		
???? ??? ??? ???? ??????	Al Madina-tul-Ilmiyah	41	https://data2.dawateislami.net/Data/Books/Read/ur/2017/1674/bt1674.jpg	https://data2.dawateislami.net/Data/Books/Download/ur/pdf/2017/1674-1.pdf?fn=tohfay-main-kia-dena-chahiye		
????? ??? ????? ?? ?????? ?????	Al Madina-tul-Ilmiyah	42	https://data2.dawateislami.net/Data/Books/Read/ur/2017/1673/bt1673.jpg	https://data2.dawateislami.net/Data/Books/Download/ur/pdf/2017/1673-1.pdf?fn=ambiya-o-auliya-ko-pukarna-kaisa		
???? ?? ????? ?? ??? ???? ?? ?????	Al Madina-tul-Ilmiyah	34	https://data2.dawateislami.net/Data/Books/Read/ur/2017/1672/bt1672.jpg	https://data2.dawateislami.net/Data/Books/Download/ur/pdf/2017/1672-1.pdf?fn=bachon-ki-tarbiyat-kab-aur-kaisay-ki-jaye		
???? ???? ????? ?? ???? ???? ?????	Al Madina-tul-Ilmiyah	32	https://data2.dawateislami.net/Data/Books/Read/ur/2017/1671/bt1671.jpg	https://data2.dawateislami.net/Data/Books/Download/ur/pdf/2017/1671-1.pdf?fn=shareer-jinnat-ko-badi-ki-taqat-kehna-kaisa		
??????? ????? ????? ?????2017-???? ?????? 1439	Al Madina-tul-Ilmiyah	66	https://data2.dawateislami.net/Data/Books/Read/ur/2017/1670/bt1670.jpg	https://data2.dawateislami.net/Data/Books/Download/ur/pdf/2017/1670-1.pdf?fn=mahnama-december-2017-rabi-ul-awwal-1439		
????? ??? ????? ????? ?????? ?????? ???? ???? ?????? ????	Al Madina-tul-Ilmiyah	20	https://data2.dawateislami.net/Data/Books/Read/ur/2017/1665/bt1665.jpg	https://data2.dawateislami.net/Data/Books/Download/ur/pdf/2017/1665-1.pdf?fn=faizan-e-peer-pathan-khwaja-sulaiman-taunsvi		
 ??? ?? ?????? ?? ????? ?? ????	Al Madina-tul-Ilmiyah	26	https://data2.dawateislami.net/Data/Books/Read/ur/2017/1669/bt1669.jpg	https://data2.dawateislami.net/Data/Books/Download/ur/pdf/2017/1669-1.pdf?fn=nazar-ki-kamzori-kay-asbab-ma-ilaj		
??????? ????? ????? ?????2017-??? ?????? 1439	Al Madina-tul-Ilmiyah	66	https://data2.dawateislami.net/Data/Books/Read/ur/2017/1667/bt1667.jpg	https://data2.dawateislami.net/Data/Books/Download/ur/pdf/2017/1667-1.pdf?fn=mahnama-november-2017-safar-ul-muzzafar-1439		
??????? ??? ??? ??? ???	Al Madina-tul-Ilmiyah	70	https://data2.dawateislami.net/Data/Books/Read/ur/2017/1663/bt1663.jpg	https://data2.dawateislami.net/Data/Books/Download/ur/pdf/2017/1663-1.pdf?fn=sahabiyat-aur-shoq-e-ilm-e-deen		
??????? ????? ????? ??????2017-???? ?????? 1439	Al Madina-tul-Ilmiyah	66	https://data2.dawateislami.net/Data/Books/Read/ur/2017/1662/bt1662.jpg	https://data2.dawateislami.net/Data/Books/Download/ur/pdf/2017/1662-1.pdf?fn=mahnama-october-2017-muharram-ul-haram-1439		
????? ???	Al Madina-tul-Ilmiyah	159	https://data2.dawateislami.net/Data/Books/Read/ur/2017/1661/bt1661.jpg	https://data2.dawateislami.net/Data/Books/Download/ur/pdf/2017/1661-1.pdf?fn=bahar-e-niyat		
????? ?????	Hazrat Allama Qazi Shams-ud-Deen Ahmed Jonpary Paishkash Majlis Madina-tul-Ilmia	276	https://data2.dawateislami.net/Data/Books/Read/ur/2017/1660/bt1660.jpg	https://data2.dawateislami.net/Data/Books/Download/ur/pdf/2017/1660-1.pdf?fn=qanoon-e-shariat		
????? ????????	Al Madina-tul-Ilmiyah	477	https://data2.dawateislami.net/Data/Books/Read/ur/2017/1164/bt1164.jpg	https://data2.dawateislami.net/Data/Books/Download/ur/pdf/2017/1164-1.pdf?fn=minhaj-ul-aabideen		
???? ?????? ???? ????? ?? ??????? ?? 41 ??????	Al Madina-tul-Ilmiyah	314	https://data2.dawateislami.net/Data/Books/Read/ur/2017/1659/bt1659.jpg	https://data2.dawateislami.net/Data/Books/Download/ur/pdf/2017/1659-1.pdf?fn=najat-dilane-wale-aamal-ki-malomat-ma-41-hikayat		
??????? ????? ????? ?????2017-??????? ?????? 1438	Al Madina-tul-Ilmiyah	56	https://data2.dawateislami.net/Data/Books/Read/ur/2017/1658/bt1658.jpg	https://data2.dawateislami.net/Data/Books/Download/ur/pdf/2017/1658-1.pdf?fn=mahnama-september-2017-zuhijja-til-haram-1438		
???? ????? ?? ???? ?????	Al Madina-tul-Ilmiyah	32	https://data2.dawateislami.net/Data/Books/Read/ur/2017/1656/bt1656.jpg	https://data2.dawateislami.net/Data/Books/Download/ur/pdf/2017/1656-1.pdf?fn=peeri-mureedi-ki-shari-haisiyat		
????? ?? ????	Ameer-e-Ahl-e-Sunnat	17	https://data2.dawateislami.net/Data/Books/Read/ur/2017/67/bt67.jpg	https://data2.dawateislami.net/Data/Books/Download/ur/pdf/2017/67-1.pdf?fn=musafir-ki-namaz		
??????? ????? ????? ???? 2017-??????? ?????? 1438	Al Madina-tul-Ilmiyah	66	https://data2.dawateislami.net/Data/Books/Read/ur/2017/1654/bt1654.jpg	https://data2.dawateislami.net/Data/Books/Download/ur/pdf/2017/1654-1.pdf?fn=mahnama-august-2017-zulqada-til-haram-1438		
???? ????	Markazi Majlis-e-Shoora	44	https://data2.dawateislami.net/Data/Books/Read/ur/2017/1652/bt1652.jpg	https://data2.dawateislami.net/Data/Books/Download/ur/pdf/2017/1652-1.pdf?fn=madani-dora		
??????? ????? ????? ?????? 2017-???? ?????? 1438	Al Madina-tul-Ilmiyah	60	https://data2.dawateislami.net/Data/Books/Read/ur/2017/1650/bt1650.jpg	https://data2.dawateislami.net/Data/Books/Download/ur/pdf/2017/1650-1.pdf?fn=mahnama-july-2017-shawwal-ul-moazzam-1438		
???? ????? ?? ????? ???? ????	Al Madina-tul-Ilmiyah	37	https://data2.dawateislami.net/Data/Books/Read/ur/2017/1649/bt1649.jpg	https://data2.dawateislami.net/Data/Books/Download/ur/pdf/2017/1649-1.pdf?fn=safar-e-madina-kay-mutaliq-sawal-jawab		
????? ??? ?? ?? ??????	Ameer-e-Ahl-e-Sunnat	28	https://data2.dawateislami.net/Data/Books/Read/ur/2017/1648/bt1648.jpg	https://data2.dawateislami.net/Data/Books/Download/ur/pdf/2017/1648-1.pdf?fn=imam-e-hasan-ki-30-hikayat		
??????? ????? ????? ??? 2017-????? ??????? 1438	Al Madina-tul-Ilmiyah	66	https://data2.dawateislami.net/Data/Books/Read/ur/2017/1647/bt1647.jpg	https://data2.dawateislami.net/Data/Books/Download/ur/pdf/2017/1647-1.pdf?fn=mahnama-june-2017-ramadan-ul-mubarak-1438		
???? ?????? ?? ????? ?????? ???-???- ????  ??????? ?? ???	Mufti Muhammad Qasim Attari	285	https://data2.dawateislami.net/Data/Books/Read/ur/2017/1646/bt1646.jpg	https://data2.dawateislami.net/Data/Books/Download/ur/pdf/2017/1646-1.pdf?fn=sirat-ul-jinan-jild-10		
???? ???? ?? ???? ????? ?? ???? ????? ???? ????	Al Madina-tul-Ilmiyah	40	https://data2.dawateislami.net/Data/Books/Read/ur/2017/1645/bt1645.jpg	https://data2.dawateislami.net/Data/Books/Download/ur/pdf/2017/1645-1.pdf?fn=qutub-e-alam-ki-ajeeb-karamat		
??????? ???? ?????? ?? ????	Markazi Majlis-e-Shoora	196	https://data2.dawateislami.net/Data/Books/Read/ur/2017/1644/bt1644.jpg	https://data2.dawateislami.net/Data/Books/Download/ur/pdf/2017/1644-1.pdf?fn=ijtimai-sunnat-e-itikaf-ka-jadwal		
??????? ????? ????? ??? 2017-?????? ?????? 1438	Al Madina-tul-Ilmiyah	65	https://data2.dawateislami.net/Data/Books/Read/ur/2017/1643/bt1643.jpg	https://data2.dawateislami.net/Data/Books/Download/ur/pdf/2017/1643-1.pdf?fn=mahnama-may-2017-shaban-ul-moazzam-1438		
?????? ????? ??? ???? ???????? ????? ????	Al Madina-tul-Ilmiyah	32	https://data2.dawateislami.net/Data/Books/Read/ur/2017/1641/bt1641.jpg	https://data2.dawateislami.net/Data/Books/Download/ur/pdf/2017/1641-1.pdf?fn=faizan-e-sultan-sakhi-sarwar		
????? ???? ???????? ??? ????	Al Madina-tul-Ilmiyah	688	https://data2.dawateislami.net/Data/Books/Read/ur/2017/1639/bt1639.jpg	https://data2.dawateislami.net/Data/Books/Download/ur/pdf/2017/1639-1.pdf?fn=faizan-e-riaz-us-saliheen-jild-2		
????? ?? ?? ?? ???? (??? ???? ????? ????)	Al Madina-tul-Ilmiyah	60	https://data2.dawateislami.net/Data/Books/Read/ur/2017/1636/bt1636.jpg	https://data2.dawateislami.net/Data/Books/Download/ur/pdf/2017/1636-1.pdf?fn=faizan-e-bibi-umme-sulaim		
??????? ??? ??? ?? ???? ????????	Al Madina-tul-Ilmiyah	56	https://data2.dawateislami.net/Data/Books/Read/ur/2017/1635/bt1635.jpg	https://data2.dawateislami.net/Data/Books/Download/ur/pdf/2017/1635-1.pdf?fn=sahabiyat-or-deen-ki-khatir-qurbaniyan		
???? ???? ?? ???? ? ?????? ???????? 	Al Madina-tul-Ilmiyah	48	https://data2.dawateislami.net/Data/Books/Read/ur/2017/1441/bt1441.jpg	https://data2.dawateislami.net/Data/Books/Download/ur/pdf/2017/1441-1.pdf?fn=chanda-karnay-ki-tanzeemi-wa-sharai-ehtiyatain		
??????? ????? ????? ????? 2017-??? ?????? 1438	Al Madina-tul-Ilmiyah	66	https://data2.dawateislami.net/Data/Books/Read/ur/2017/1633/bt1633.jpg	https://data2.dawateislami.net/Data/Books/Download/ur/pdf/2017/1633-1.pdf?fn=mahnama-april-2017-rajjab-ul-murajjab-1438		
??????? ????? ????? ???? 2017-????? ?????? 1438	Al Madina-tul-Ilmiyah	0	https://data2.dawateislami.net/Data/Books/Read/ur/2017/1631/bt1631.jpg	https://data2.dawateislami.net/Data/Books/Download/ur/pdf/2017/1631-1.pdf?fn=mahnama-faizan-e-madina-march-2017		
????? ?????? ???? ??? ???????- ??? ?????-???? ???? ?? ???	Mufti Muhammad Qasim Attari	413	https://data2.dawateislami.net/Data/Books/Read/ur/2017/1630/bt1630.jpg	https://data2.dawateislami.net/Data/Books/Download/ur/pdf/2017/1630-1.pdf?fn=marifatul-quran-ala-kanzul-irfan-jild-4		
?????? ?? ?? ????	Al Madina-tul-Ilmiyah	92	https://data2.dawateislami.net/Data/Books/Read/ur/2017/1629/bt1629.jpg	https://data2.dawateislami.net/Data/Books/Download/ur/pdf/2017/1629-1.pdf?fn=faizan-e-bibi-maryam		
??? ? ???? ?? ?????? ????? (??????)	Al Madina-tul-Ilmiyah	553	https://data2.dawateislami.net/Data/Books/Read/ur/2017/1628/bt1628.jpg	https://data2.dawateislami.net/Data/Books/Download/ur/pdf/2017/1628-1.pdf?fn=deen-o-duniya-ki-anokhi-batain		
????? ?? 30 ???? ??? ??????	Ameer-e-Ahl-e-Sunnat	18	https://data2.dawateislami.net/Data/Books/Read/ur/2017/1627/bt1627.jpg	https://data2.dawateislami.net/Data/Books/Download/ur/pdf/2017/1627-1.pdf?fn=selfie-kay-30-ibratnak-waqiyat		
???? ?? ????	Markazi Majlis-e-Shoora	64	https://data2.dawateislami.net/Data/Books/Read/ur/2017/1626/bt1626.jpg	https://data2.dawateislami.net/Data/Books/Download/ur/pdf/2017/1626-1.pdf?fn=aaqa-ka-jadwal		
??????? ????? ????? ?????2017-????? ????? 1438	Al Madina-tul-Ilmiyah	66	https://data2.dawateislami.net/Data/Books/Read/ur/2017/1625/bt1625.jpg	https://data2.dawateislami.net/Data/Books/Download/ur/pdf/2017/1625-1.pdf?fn=mahnama-february-2017-jamadi-ul-awwal-1438		
????? ??????? ( ????? ????? ) ??? ???	Al Madina-tul-Ilmiyah	308	https://data2.dawateislami.net/Data/Books/Read/ur/2017/1623/bt1623.jpg	https://data2.dawateislami.net/Data/Books/Download/ur/pdf/2017/1623-1.pdf?fn=dilchasp-malomaat-sawalan-jawaaban-part-01		
??? ????? ????	Khalil Milat Mufti Khalil Khan Qadri Barkati Qadas Sarah-ul-Aziz	0	https://data2.dawateislami.net/Data/Books/Read/ur/2016/1619/bt1619.jpg	https://data2.dawateislami.net/Data/Books/Download/ur/pdf/2016/1619-1.pdf?fn=sunni-bahishti-zewar		
????	Others	0	https://data2.dawateislami.net/Data/Books/Read/ur/2016/1615/bt1615.jpg	https://data2.dawateislami.net/Data/Books/Download/ur/pdf/2016/1615-1.pdf?fn=parda		
?????? ?? ?????	Others	0	https://data2.dawateislami.net/Data/Books/Read/ur/2016/1613/bt1613.jpg	https://data2.dawateislami.net/Data/Books/Download/ur/pdf/2016/1613-1.pdf?fn=khawateen-kay-masail		
?????? ?????	Others	241	https://data2.dawateislami.net/Data/Books/Read/ur/2016/1611/bt1611.jpg	https://data2.dawateislami.net/Data/Books/Download/ur/pdf/2016/1611-1.pdf?fn=islami-taleem		
??? ???? ????? ?????? ?????	Others	0	https://data2.dawateislami.net/Data/Books/Read/ur/2016/1610/bt1610.jpg	https://data2.dawateislami.net/Data/Books/Download/ur/pdf/2016/1610-1.pdf?fn=chahal-hadees-baraye-khawateen-e-islam		
???? ??? ??? ??????	Khalil Milat Mufti Khalil Khan Qadri Barkati Qadas Sarah-ul-Aziz	0	https://data2.dawateislami.net/Data/Books/Read/ur/2016/1609/bt1609.jpg	https://data2.dawateislami.net/Data/Books/Download/ur/pdf/2016/1609-1.pdf?fn=chadar-aur-char-diwari		
???? ??? ????	Professor Doctor Muhammad Massod Ahmed Qadas Sarah-ul-Aziz	0	https://data2.dawateislami.net/Data/Books/Read/ur/2016/1608/bt1608.jpg	https://data2.dawateislami.net/Data/Books/Download/ur/pdf/2016/1608-1.pdf?fn=aurat-aur-parda		
???? ??? ?????	Others	0	https://data2.dawateislami.net/Data/Books/Read/ur/2016/1607/bt1607.jpg	https://data2.dawateislami.net/Data/Books/Download/ur/pdf/2016/1607-1.pdf?fn=aurat-aur-aazadi		
?????????? - ??? ??? ? ??? 	Al Madina-tul-Ilmiyah	222	https://data2.dawateislami.net/Data/Books/Read/ur/2016/1606/bt1606.jpg	https://data2.dawateislami.net/Data/Books/Download/ur/pdf/2016/1606-1.pdf?fn=khulasa-tun-nahw-part-one-two		
????? ???? ?? ?????	Ameer-e-Ahl-e-Sunnat	22	https://data2.dawateislami.net/Data/Books/Read/ur/2016/1605/bt1605.jpg	https://data2.dawateislami.net/Data/Books/Download/ur/pdf/2016/1605-1.pdf?fn=miswak-sharif-kay-fazail		
???? ????? ?????	Al Madina-tul-Ilmiyah	238	https://data2.dawateislami.net/Data/Books/Read/ur/2016/1604/bt1604.jpg	https://data2.dawateislami.net/Data/Books/Download/ur/pdf/2016/1604-1.pdf?fn=jame-abwab-us-sarf		
?????? ???? ??? ???? ??? ??? ????????	Ameer-e-Ahl-e-Sunnat	46	https://data2.dawateislami.net/Data/Books/Read/ur/2016/1602/bt1602.jpg	https://data2.dawateislami.net/Data/Books/Download/ur/pdf/2016/1602-1.pdf?fn=tazkira-mujaddid-e-alf-e-sani		
??????  ????? ??????????? ???? ???? ?????? ????	Al Madina-tul-Ilmiyah	0	https://data2.dawateislami.net/Data/Books/Read/ur/2016/1601/bt1601.jpg	https://data2.dawateislami.net/Data/Books/Download/ur/pdf/2016/1601-1.pdf?fn=faizan-e-shams-ul-arifeen		
???? ?????? ?? ????? ?????? ???-???- ????  ???? ?? ??????	Mufti Muhammad Qasim Attari	790	https://data2.dawateislami.net/Data/Books/Read/ur/2016/1600/bt1600.jpg	https://data2.dawateislami.net/Data/Books/Download/ur/pdf/2016/1600-1.pdf?fn=sirat-ul-jinan-jild-9		
??? ???	Markazi Majlis-e-Shoora	0	https://data2.dawateislami.net/Data/Books/Read/ur/2016/1599/bt1599.jpg	https://data2.dawateislami.net/Data/Books/Download/ur/pdf/2016/1599-1.pdf?fn=chowk-dars		
???? ??? ???? ????	Al Madina-tul-Ilmiyah	28	https://data2.dawateislami.net/Data/Books/Read/ur/2016/1598/bt1598.jpg	https://data2.dawateislami.net/Data/Books/Download/ur/pdf/2016/1598-1.pdf?fn=yateem-kisay-kehtay-hain		
?????? ????? ??????? ???? ?? ????? ?????	Al Madina-tul-Ilmiyah	27	https://data2.dawateislami.net/Data/Books/Read/ur/2016/1596/bt1596.jpg	https://data2.dawateislami.net/Data/Books/Download/ur/pdf/2016/1596-1.pdf?fn=tajdeed-e-iman-o-tajdeed-e-nikah-ka-aasan-tariqa		
????? ?????	Markazi Majlis-e-Shoora	32	https://data2.dawateislami.net/Data/Books/Read/ur/2016/1595/bt1595.jpg	https://data2.dawateislami.net/Data/Books/Download/ur/pdf/2016/1595-1.pdf?fn=sada-e-madina		
??????? ????? ????? ?????17 -???? ?????? 1438	Al Madina-tul-Ilmiyah	0	https://data2.dawateislami.net/Data/Books/Read/ur/2016/1594/bt1594.jpg	https://data2.dawateislami.net/Data/Books/Download/ur/pdf/2016/1594-1.pdf?fn=faizan-e-madina-january-2017-rabi-ul-aakhir-1438		
?????? ????? ???? ?? ??????	Al Madina-tul-Ilmiyah	103	https://data2.dawateislami.net/Data/Books/Read/ur/2016/1593/bt1593.jpg	https://data2.dawateislami.net/Data/Books/Download/ur/pdf/2016/1593-1.pdf?fn=nekiyan-barbad-honay-say-bachaiye		
?????? ?????? 	Al Madina-tul-Ilmiyah	106	https://data2.dawateislami.net/Data/Books/Read/ur/2016/1592/bt1592.jpg	https://data2.dawateislami.net/Data/Books/Download/ur/pdf/2016/1592-1.pdf?fn=nekiyan-chupao		
????? ?????? ???? ????????? ?????	Al Madina-tul-Ilmiyah	20	https://data2.dawateislami.net/Data/Books/Read/ur/2016/1586/bt1586.jpg	https://data2.dawateislami.net/Data/Books/Download/ur/pdf/2016/1586-1.pdf?fn=faizan-e-maulana-muhammad-abdul-salam-qadri		
?????? ????? ??? ???????? ?????? 	Majlis-e-Ifta	136	https://data2.dawateislami.net/Data/Books/Read/ur/2016/1585/bt1585.jpg	https://data2.dawateislami.net/Data/Books/Download/ur/pdf/2016/1585-1.pdf?fn=bunyadi-aqaid-aur-mamolat-e-ahlesunnat		
???? ?? ????? ?? ???? ????	Ameer-e-Ahl-e-Sunnat	20	https://data2.dawateislami.net/Data/Books/Read/ur/2016/1577/bt1577.jpg	https://data2.dawateislami.net/Data/Books/Download/ur/pdf/2016/1577-1.pdf?fn=garmi-say-hifazat-kay-madani-phool		
?????? ???? ???? ??? ??? ????? ???? ???? ?????? ????	Al Madina-tul-Ilmiyah	71	https://data2.dawateislami.net/Data/Books/Read/ur/2016/1573/bt1573.jpg	https://data2.dawateislami.net/Data/Books/Download/ur/pdf/2016/1573-1.pdf?fn=faizan-e-mufti-ahmed-yar-khan-naeemi		
???? ?????? ?? ????? ?????? ???-????- ????  ????? ?? ?????	Mufti Muhammad Qasim Attari	685	https://data2.dawateislami.net/Data/Books/Read/ur/2016/1572/bt1572.jpg	https://data2.dawateislami.net/Data/Books/Download/ur/pdf/2016/1572-1.pdf?fn=sirat-ul-jinan-jild-8		
????? ????? ????????	Al Madina-tul-Ilmiyah	285	https://data2.dawateislami.net/Data/Books/Read/ur/2016/1571/bt1571.jpg	https://data2.dawateislami.net/Data/Books/Download/ur/pdf/2016/1571-1.pdf?fn=mukhtasar-minhaj-ul-aabideen		
????? ?????? ????? ???? ? ?????? 	Majlis-e-Ifta	36	https://data2.dawateislami.net/Data/Books/Read/ur/2016/1570/bt1570.jpg	https://data2.dawateislami.net/Data/Books/Download/ur/pdf/2016/1570-1.pdf?fn=fatawa-e-ahlesunnat-ahkam-e-roza-o-itikaf-qist-9		
??????????? ?? ?????	Al Madina-tul-Ilmiyah	396	https://data2.dawateislami.net/Data/Books/Read/ur/2016/1568/bt1568.jpg	https://data2.dawateislami.net/Data/Books/Download/ur/pdf/2016/1568-1.pdf?fn=tajheez-o-takfeen-ka-tariqa		
????? ?? ?????	Al Madina-tul-Ilmiyah	224	https://data2.dawateislami.net/Data/Books/Read/ur/2016/1560/bt1560.jpg	https://data2.dawateislami.net/Data/Books/Download/ur/pdf/2016/1560-1.pdf?fn=takleef-na-dijiye		
???? ???? ?????? ?????	Ameer-e-Ahl-e-Sunnat	67	https://data2.dawateislami.net/Data/Books/Read/ur/2016/1558/bt1558.jpg	https://data2.dawateislami.net/Data/Books/Download/ur/pdf/2016/1558-1.pdf?fn=doodh-pita-madani-munna		
????? ???????	Al Madina-tul-Ilmiyah	84	https://data2.dawateislami.net/Data/Books/Read/ur/2016/1556/bt1556.jpg	https://data2.dawateislami.net/Data/Books/Download/ur/pdf/2016/1556-1.pdf?fn=khulasa-tul-faraiz		
??????? ?? ?????	Al Madina-tul-Ilmiyah	174	https://data2.dawateislami.net/Data/Books/Read/ur/2016/1545/bt1545.jpg	https://data2.dawateislami.net/Data/Books/Download/ur/pdf/2016/1545-1.pdf?fn=attar-ka-pyara		
????? ?????? ???? ??? ???????- ??? ???-???? ????? ?? ?????	Mufti Muhammad Qasim Attari	414	https://data2.dawateislami.net/Data/Books/Read/ur/2016/1544/bt1544.jpg	https://data2.dawateislami.net/Data/Books/Download/ur/pdf/2016/1544-1.pdf?fn=marifatul-quran-ala-kanzul-irfan-jild-3		
????? ??? ? ???	Al Madina-tul-Ilmiyah	48	https://data2.dawateislami.net/Data/Books/Read/ur/2016/1540/bt1540.jpg	https://data2.dawateislami.net/Data/Books/Download/ur/pdf/2016/1540-1.pdf?fn=paikar-e-sharm-o-haya-ep-7		
???? ?? ?????	Al Madina-tul-Ilmiyah	32	https://data2.dawateislami.net/Data/Books/Read/ur/2016/1539/bt1539.jpg	https://data2.dawateislami.net/Data/Books/Download/ur/pdf/2016/1539-1.pdf?fn=betay-ki-rihai		
?????? ???? ???? ???????? ??????? ???????? ?????????	Al Madina-tul-Ilmiyah	36	https://data2.dawateislami.net/Data/Books/Read/ur/2016/1538/bt1538.jpg	https://data2.dawateislami.net/Data/Books/Download/ur/pdf/2016/1538-1.pdf?fn=faizan-e-hazrat-asiya		
???? ????? ?? ????? ??? ?	Al Madina-tul-Ilmiyah	575	https://data2.dawateislami.net/Data/Books/Read/ur/2016/1537/bt1537.jpg	https://data2.dawateislami.net/Data/Books/Download/ur/pdf/2016/1537-1.pdf?fn=allah-walon-ki-batain-jild-5		
????? ???? ????? ???????	Al Madina-tul-Ilmiyah	0	https://data2.dawateislami.net/Data/Books/Read/ur/2016/1536/bt1536.jpg	https://data2.dawateislami.net/Data/Books/Download/ur/pdf/2016/1536-1.pdf?fn=simt-e-qibla-baraye-pakistan		
?????? ????????????? ??? ???? ?????? ???	Al Madina-tul-Ilmiyah	288	https://data2.dawateislami.net/Data/Books/Read/ur/2016/1534/bt1534.jpg	https://data2.dawateislami.net/Data/Books/Download/ur/pdf/2016/1534-1.pdf?fn=faizan-e-ameer-e-muawiya		
???? ??? ??? ???? ????? ?????	Al Madina-tul-Ilmiyah	32	https://data2.dawateislami.net/Data/Books/Read/ur/2016/1530/bt1530.jpg	https://data2.dawateislami.net/Data/Books/Download/ur/pdf/2016/1530-1.pdf?fn=apnay-liye-kafan-tayyar-rakhna-kaisa		
???? ???? ?? ?????	Al Madina-tul-Ilmiyah	32	https://data2.dawateislami.net/Data/Books/Read/ur/2016/1529/bt1529.jpg	https://data2.dawateislami.net/Data/Books/Download/ur/pdf/2016/1529-1.pdf?fn=tamam-dinon-ka-sardar		
????? ??? ?? ??????	Al Madina-tul-Ilmiyah	10	https://data2.dawateislami.net/Data/Books/Read/ur/2016/1528/bt1528.jpg	https://data2.dawateislami.net/Data/Books/Download/ur/pdf/2016/1528-1.pdf?fn=meethay-bol-ki-barkatain		
????? ???? ????? ???	Al Madina-tul-Ilmiyah	0	https://data2.dawateislami.net/Data/Books/Read/ur/2016/1527/bt1527.jpg	https://data2.dawateislami.net/Data/Books/Download/ur/pdf/2016/1527-1.pdf?fn=hafiza-kaisay-mazboot-ho		
?????? ???? ?? ????	Al Madina-tul-Ilmiyah	30	https://data2.dawateislami.net/Data/Books/Read/ur/2016/1524/bt1524.jpg	https://data2.dawateislami.net/Data/Books/Download/ur/pdf/2016/1524-1.pdf?fn=sadaat-e-kiram-ki-azmat		
????? ?? ?????	Al Madina-tul-Ilmiyah	36	https://data2.dawateislami.net/Data/Books/Read/ur/2016/1523/bt1523.jpg	https://data2.dawateislami.net/Data/Books/Download/ur/pdf/2016/1523-1.pdf?fn=masajid-kay-aadab		
????? ?? ????? ????? : ????? ???	Imam-e-Ahl-e-Sunnat Ahmad Raza Khan	112	https://data2.dawateislami.net/Data/Books/Read/ur/2016/1519/bt1519.jpg	https://data2.dawateislami.net/Data/Books/Download/ur/pdf/2016/1519-1.pdf?fn=wilayat-ka-aasan-rasta-tasawwur-e-shaikh		
???? ??????????	Al Madina-tul-Ilmiyah	590	https://data2.dawateislami.net/Data/Books/Read/ur/2016/1515/bt1515.jpg	https://data2.dawateislami.net/Data/Books/Download/ur/pdf/2016/1515-1.pdf?fn=sharah-us-sudoor		
??????? ??? ??????? ?? ?????? ????	Al Madina-tul-Ilmiyah	144	https://data2.dawateislami.net/Data/Books/Read/ur/2016/1514/bt1514.jpg	https://data2.dawateislami.net/Data/Books/Download/ur/pdf/2016/1514-1.pdf?fn=sahabiyat-aur-nasihaton-kay-madani-phool		
??????? ??? ????	Al Madina-tul-Ilmiyah	57	https://data2.dawateislami.net/Data/Books/Read/ur/2016/1513/bt1513.jpg	https://data2.dawateislami.net/Data/Books/Download/ur/pdf/2016/1513-1.pdf?fn=sahabiyat-aur-parda		
?????? ?????	Majlis-e-Ifta	41	https://data2.dawateislami.net/Data/Books/Read/ur/2016/1509/bt1509.jpg	https://data2.dawateislami.net/Data/Books/Download/ur/pdf/2016/1509-1.pdf?fn=aqeeda-e-aakhirat		
???? ???? ?????? ?? ????? ??? ?? ?? ??	Al Madina-tul-Ilmiyah	0	https://data2.dawateislami.net/Data/Books/Read/ur/2016/1505/bt1505.jpg	https://data2.dawateislami.net/Data/Books/Download/ur/pdf/2016/1505-1.pdf?fn=shadi-khana-barbadi-kay-asbab-aur-in-ka-hal		
???? ?? ????? ????	Al Madina-tul-Ilmiyah	63	https://data2.dawateislami.net/Data/Books/Read/ur/2016/1500/bt1500.jpg	https://data2.dawateislami.net/Data/Books/Download/ur/pdf/2016/1500-1.pdf?fn=aaqa-ka-pyara-kon		
???????? ??? ?????? ?????	Al Madina-tul-Ilmiyah	64	https://data2.dawateislami.net/Data/Books/Read/ur/2016/1499/bt1499.jpg	https://data2.dawateislami.net/Data/Books/Download/ur/pdf/2016/1499-1.pdf?fn=sahabiyat-aur-ishq-e-rasool		
??? ???? ???? ????? ?	Al Madina-tul-Ilmiyah	44	https://data2.dawateislami.net/Data/Books/Read/ur/2016/1498/bt1498.jpg	https://data2.dawateislami.net/Data/Books/Download/ur/pdf/2016/1498-1.pdf?fn=naam-kesay-rakhay-jaen		
??? ???? ?? ?????	Al Madina-tul-Ilmiyah	36	https://data2.dawateislami.net/Data/Books/Read/ur/2016/1496/bt1496.jpg	https://data2.dawateislami.net/Data/Books/Download/ur/pdf/2016/1496-1.pdf?fn=waliullah-ki-pehchan		
?? ?????? ?????	Al Madina-tul-Ilmiyah	220	https://data2.dawateislami.net/Data/Books/Read/ur/2016/1495/bt1495.jpg	https://data2.dawateislami.net/Data/Books/Download/ur/pdf/2016/1495-1.pdf?fn=dus-islami-aqeeday		
??????? ?? ?????	Al Madina-tul-Ilmiyah	32	https://data2.dawateislami.net/Data/Books/Read/ur/2016/1494/bt1494.jpg	https://data2.dawateislami.net/Data/Books/Download/ur/pdf/2016/1494-1.pdf?fn=dakuon-ki-wapsi		
???? ????	Al Madina-tul-Ilmiyah	139	https://data2.dawateislami.net/Data/Books/Read/ur/2016/1493/bt1493.jpg	https://data2.dawateislami.net/Data/Books/Download/ur/pdf/2016/1493-1.pdf?fn=behtar-kon		
??????? ????? ??? ??????? ?? ??????	Al Madina-tul-Ilmiyah	14	https://data2.dawateislami.net/Data/Books/Read/ur/2016/1492/bt1492.jpg	https://data2.dawateislami.net/Data/Books/Download/ur/pdf/2016/1492-1.pdf?fn=bargah-e-risalat-main-sahabiyat-kay-nazranay		
??? ???? ?? ???? 19 ?????? ??????? ????? ???? ? ???? ?????	Al Madina-tul-Ilmiyah	0	https://data2.dawateislami.net/Data/Books/Read/ur/2015/1491/bt1491.jpg	https://data2.dawateislami.net/Data/Books/Download/ur/pdf/2015/1491-1.pdf?fn=19-madani-inamaat-baray-umrah-o-safar-e-madinah		
19 ?????? ??????? ????? ?? ? ???? ?????	Al Madina-tul-Ilmiyah	6	https://data2.dawateislami.net/Data/Books/Read/ur/2015/1490/bt1490.jpg	https://data2.dawateislami.net/Data/Books/Download/ur/pdf/2015/1490-1.pdf?fn=19-madani-inamaat-baraye-hajj-o-safar-e-madinah		
??? ??? ?? ???? (?????? ?? ?????)	Al Madina-tul-Ilmiyah	38	https://data2.dawateislami.net/Data/Books/Read/ur/2015/1489/bt1489.jpg	https://data2.dawateislami.net/Data/Books/Download/ur/pdf/2015/1489-1.pdf?fn=aik-chup-100-sukh-khamoshi-kay-fazail		
?????? ???? ???? ??? ???????? ????? ???????? ????????	Al Madina-tul-Ilmiyah	53	https://data2.dawateislami.net/Data/Books/Read/ur/2015/1487/bt1487.jpg	https://data2.dawateislami.net/Data/Books/Download/ur/pdf/2015/1487-1.pdf?fn=faizan-e-hazrat-sabir-pak		
?? ?? ??? ?? ???? ??	Al Madina-tul-Ilmiyah	112	https://data2.dawateislami.net/Data/Books/Read/ur/2015/1483/bt1483.jpg	https://data2.dawateislami.net/Data/Books/Download/ur/pdf/2015/1483-1.pdf?fn=wo-hum-main-say-nahi		
????? ???? ????	Ameer-e-Ahl-e-Sunnat	29	https://data2.dawateislami.net/Data/Books/Read/ur/2015/1481/bt1481.jpg	https://data2.dawateislami.net/Data/Books/Download/ur/pdf/2015/1481-1.pdf?fn=mendak-sawar-bicho		
????? ?????? ???? ??? ???????- ??? ????- ???? ?? ?? ??	Mufti Muhammad Qasim Attari	401	https://data2.dawateislami.net/Data/Books/Read/ur/2015/1478/bt1478.jpg	https://data2.dawateislami.net/Data/Books/Download/ur/pdf/2015/1478-1.pdf?fn=marfatul-quran-jild-2		
???? ?????? ?? ????? ?????? ???-????- ????  ???? ?? ????	Mufti Muhammad Qasim Attari	625	https://data2.dawateislami.net/Data/Books/Read/ur/2015/1448/bt1448.jpg	https://data2.dawateislami.net/Data/Books/Download/ur/pdf/2015/1448-1.pdf?fn=sirat-ul-jinan-jild-7		
?????? ??????? ?????? ???????? ????? ???????? ????????	Al Madina-tul-Ilmiyah	86	https://data2.dawateislami.net/Data/Books/Read/ur/2015/1445/bt1445.jpg	https://data2.dawateislami.net/Data/Books/Download/ur/pdf/2015/1445-1.pdf?fn=faizan-e-data-ali-hajveri		
????? ?? ???????? ?? ???	Al Madina-tul-Ilmiyah	11	https://data2.dawateislami.net/Data/Books/Read/ur/2015/1444/bt1444.jpg	https://data2.dawateislami.net/Data/Books/Download/ur/pdf/2015/1444-1.pdf?fn=maflooj-ki-shifa-yabi-ka-raaz		
??? ?????? ??? ???	Al Madina-tul-Ilmiyah	784	https://data2.dawateislami.net/Data/Books/Read/ur/2015/1440/bt1440.jpg	https://data2.dawateislami.net/Data/Books/Download/ur/pdf/2015/1440-1.pdf?fn=qoot-ul-quloob-jild-2		
?????? ???????????? ????????? ?????? ???????? ????? ???????? ????????	Al Madina-tul-Ilmiyah	74	https://data2.dawateislami.net/Data/Books/Read/ur/2015/1439/bt1439.jpg	https://data2.dawateislami.net/Data/Books/Download/ur/pdf/2015/1439-1.pdf?fn=faizan-e-baha-uddin-zakariya-multani		
?????? ????? ? ??? ??	Al Madina-tul-Ilmiyah	0	https://data2.dawateislami.net/Data/Books/Read/ur/2015/1413/bt1413.jpg	https://data2.dawateislami.net/Data/Books/Download/ur/pdf/2015/1413-1.pdf?fn=bahar-e-shariat-hissa-16		
????? ??? ???? ? ???????	Al Madina-tul-Ilmiyah	0	https://data2.dawateislami.net/Data/Books/Read/ur/2015/1411/bt1411.jpg	https://data2.dawateislami.net/Data/Books/Download/ur/pdf/2015/1411-1.pdf?fn=aeiay-wudu-karen		
76 ????? ????	Al Madina-tul-Ilmiyah	268	https://data2.dawateislami.net/Data/Books/Read/ur/2015/1408/bt1408.jpg	https://data2.dawateislami.net/Data/Books/Download/ur/pdf/2015/1408-1.pdf?fn=76-kabira-gunah		
?????? ????? ???? ????	Al Madina-tul-Ilmiyah	58	https://data2.dawateislami.net/Data/Books/Read/ur/2015/1405/bt1405.jpg	https://data2.dawateislami.net/Data/Books/Download/ur/pdf/2015/1405-1.pdf?fn=madani-mahol-kaisay-mila		
?????? ???? ???? ???? ??? ???? ???? ?????? ????	Al Madina-tul-Ilmiyah	112	https://data2.dawateislami.net/Data/Books/Read/ur/2015/1403/bt1403.jpg	https://data2.dawateislami.net/Data/Books/Download/ur/pdf/2015/1403-1.pdf?fn=faizan-e-baba-farid-ganj-e-shakar		
12 ???? ?????? ???? ?? ?????? ??????	Al Madina-tul-Ilmiyah	0	https://data2.dawateislami.net/Data/Books/Read/ur/2015/1402/bt1402.jpg	https://data2.dawateislami.net/Data/Books/Download/ur/pdf/2015/1402-1.pdf?fn=12-roza-madani-course-ki-madani-baharain		
??????? ?? ?????? ??? ?????? ???? ??? ?????? ?????? ???? ????? ???? ?? ??????	Al Madina-tul-Ilmiyah	118	https://data2.dawateislami.net/Data/Books/Read/ur/2015/1394/bt1394.jpg	https://data2.dawateislami.net/Data/Books/Download/ur/pdf/2015/1394-1.pdf?fn=aarabi-kay-sawalat-aur-arabi-aaqa-kay-jawabat		
???? ???? ???? ?????	Al Madina-tul-Ilmiyah	114	https://data2.dawateislami.net/Data/Books/Read/ur/2015/1392/bt1392.jpg	https://data2.dawateislami.net/Data/Books/Download/ur/pdf/2015/1392-1.pdf?fn=jaisi-karni-waisi-bharni		
??? ???? ???? ????	Al Madina-tul-Ilmiyah	0	https://data2.dawateislami.net/Data/Books/Read/ur/2015/1391/bt1391.jpg	https://data2.dawateislami.net/Data/Books/Download/ur/pdf/2015/1391-1.pdf?fn=khushnaseeb-miyan-bevi		
??????? ?????? ?? ???? ????	Majlis-e-Ifta	20	https://data2.dawateislami.net/Data/Books/Read/ur/2015/1385/bt1385.jpg	https://data2.dawateislami.net/Data/Books/Download/ur/pdf/2015/1385-1.pdf?fn=ijtamae-qurbani-kay-madani-phool		
???? ????? ?? ????? ??? ?	Al Madina-tul-Ilmiyah	514	https://data2.dawateislami.net/Data/Books/Read/ur/2015/1383/bt1383.jpg	https://data2.dawateislami.net/Data/Books/Download/ur/pdf/2015/1383-1.pdf?fn=allah-walon-ki-batain-jild-4		
???? ????? ?? ????? ??? ?	Al Madina-tul-Ilmiyah	584	https://data2.dawateislami.net/Data/Books/Read/ur/2015/1382/bt1382.jpg	https://data2.dawateislami.net/Data/Books/Download/ur/pdf/2015/1382-1.pdf?fn=allah-walon-ki-batain-jild-3		
????? ?????? ???? ??? ???????- ??? ??? - ???? ??? ?? ????	Mufti Muhammad Qasim Attari	411	https://data2.dawateislami.net/Data/Books/Read/ur/2015/1379/bt1379.jpg	https://data2.dawateislami.net/Data/Books/Download/ur/pdf/2015/1379-1.pdf?fn=marifatul-quran-ala-kanzul-irfan-jild-1		
???? ???? ?????	Al Madina-tul-Ilmiyah	28	https://data2.dawateislami.net/Data/Books/Read/ur/2015/1373/bt1373.jpg	https://data2.dawateislami.net/Data/Books/Download/ur/pdf/2015/1373-1.pdf?fn=miata-aamil-manzom		
????? ?? ????? ?????	Al Madina-tul-Ilmiyah	75	https://data2.dawateislami.net/Data/Books/Read/ur/2015/1371/bt1371.jpg	https://data2.dawateislami.net/Data/Books/Download/ur/pdf/2015/1371-1.pdf?fn=majosi-ka-qabol-e-islam		
????? ?????? ???? ??? ???????- ??????? ????	Mufti Muhammad Qasim Attari	87	https://data2.dawateislami.net/Data/Books/Read/ur/2015/1367/bt1367.jpg	https://data2.dawateislami.net/Data/Books/Download/ur/pdf/2015/1367-1.pdf?fn=marifatul-quran-ala-kanzul-irfan-para-5		
???? ?????? ?? ????? ?????? ???-???- ????  ???? ?? ??????	Mufti Muhammad Qasim Attari	726	https://data2.dawateislami.net/Data/Books/Read/ur/2015/1363/bt1363.jpg	https://data2.dawateislami.net/Data/Books/Download/ur/pdf/2015/1363-1.pdf?fn=sirat-ul-jinan-jild-6		
????? ????	Ameer-e-Ahl-e-Sunnat	48	https://data2.dawateislami.net/Data/Books/Read/ur/2015/1360/bt1360.jpg	https://data2.dawateislami.net/Data/Books/Download/ur/pdf/2015/1360-1.pdf?fn=bemar-abid		
????? ? ??	Others	0	https://data2.dawateislami.net/Data/Books/Read/ur/2015/1353/bt1353.jpg	https://data2.dawateislami.net/Data/Books/Download/ur/pdf/2015/1353-1.pdf?fn=para-no-30		
???????? ???????? ? ??	Others	0	https://data2.dawateislami.net/Data/Books/Read/ur/2015/1352/bt1352.jpg	https://data2.dawateislami.net/Data/Books/Download/ur/pdf/2015/1352-1.pdf?fn=para-no-29		
???? ?????? ????? ? ??	Others	0	https://data2.dawateislami.net/Data/Books/Read/ur/2015/1351/bt1351.jpg	https://data2.dawateislami.net/Data/Books/Download/ur/pdf/2015/1351-1.pdf?fn=para-no-28		
????? ????? ?????????? ? ??	Others	0	https://data2.dawateislami.net/Data/Books/Read/ur/2015/1350/bt1350.jpg	https://data2.dawateislami.net/Data/Books/Download/ur/pdf/2015/1350-1.pdf?fn=para-no-27		
???? ? ??	Others	0	https://data2.dawateislami.net/Data/Books/Read/ur/2015/1349/bt1349.jpg	https://data2.dawateislami.net/Data/Books/Download/ur/pdf/2015/1349-1.pdf?fn=para-no-26		
???????? ??????? ? ??	Others	0	https://data2.dawateislami.net/Data/Books/Read/ur/2015/1348/bt1348.jpg	https://data2.dawateislami.net/Data/Books/Download/ur/pdf/2015/1348-1.pdf?fn=para-no-25		
?????? ???????? ? ??	Others	0	https://data2.dawateislami.net/Data/Books/Read/ur/2015/1347/bt1347.jpg	https://data2.dawateislami.net/Data/Books/Download/ur/pdf/2015/1347-1.pdf?fn=para-no-24		
????? ???? ? ??	Others	0	https://data2.dawateislami.net/Data/Books/Read/ur/2015/1346/bt1346.jpg	https://data2.dawateislami.net/Data/Books/Download/ur/pdf/2015/1346-1.pdf?fn=para-no-23		
?????? ????????? ? ??	Others	0	https://data2.dawateislami.net/Data/Books/Read/ur/2015/1345/bt1345.jpg	https://data2.dawateislami.net/Data/Books/Download/ur/pdf/2015/1345-1.pdf?fn=para-no-22		
?????? ???? ???????? ? ??	Others	0	https://data2.dawateislami.net/Data/Books/Read/ur/2015/1344/bt1344.jpg	https://data2.dawateislami.net/Data/Books/Download/ur/pdf/2015/1344-1.pdf?fn=para-no-21		
??????? ?????? ? ??	Others	0	https://data2.dawateislami.net/Data/Books/Read/ur/2015/1343/bt1343.jpg	https://data2.dawateislami.net/Data/Books/Download/ur/pdf/2015/1343-1.pdf?fn=para-no-20		
?? ????? ?????????? ? ??	Others	0	https://data2.dawateislami.net/Data/Books/Read/ur/2015/1342/bt1342.jpg	https://data2.dawateislami.net/Data/Books/Download/ur/pdf/2015/1342-1.pdf?fn=para-no-19		
???? ???????? ? ??	Others	0	https://data2.dawateislami.net/Data/Books/Read/ur/2015/1341/bt1341.jpg	https://data2.dawateislami.net/Data/Books/Download/ur/pdf/2015/1341-1.pdf?fn=para-no18		
?????????? ? ??	Others	0	https://data2.dawateislami.net/Data/Books/Read/ur/2015/1340/bt1340.jpg	https://data2.dawateislami.net/Data/Books/Download/ur/pdf/2015/1340-1.pdf?fn=para-no-17		
????? ?????? ? ??	Others	0	https://data2.dawateislami.net/Data/Books/Read/ur/2015/1339/bt1339.jpg	https://data2.dawateislami.net/Data/Books/Download/ur/pdf/2015/1339-1.pdf?fn=para-no-16		
???????? ????????? ? ??	Others	0	https://data2.dawateislami.net/Data/Books/Read/ur/2015/1338/bt1338.jpg	https://data2.dawateislami.net/Data/Books/Download/ur/pdf/2015/1338-1.pdf?fn=para-no-15		
??????? ? ??	Others	0	https://data2.dawateislami.net/Data/Books/Read/ur/2015/1337/bt1337.jpg	https://data2.dawateislami.net/Data/Books/Download/ur/pdf/2015/1337-1.pdf?fn=para-no-14		
?????? ????????? ? ??	Others	0	https://data2.dawateislami.net/Data/Books/Read/ur/2015/1336/bt1336.jpg	https://data2.dawateislami.net/Data/Books/Download/ur/pdf/2015/1336-1.pdf?fn=para-no-13		
????? ???? ????????? ? ??	Others	0	https://data2.dawateislami.net/Data/Books/Read/ur/2015/1335/bt1335.jpg	https://data2.dawateislami.net/Data/Books/Download/ur/pdf/2015/1335-1.pdf?fn=para-no-12		
?????????????? ? ??	Others	0	https://data2.dawateislami.net/Data/Books/Read/ur/2015/1334/bt1334.jpg	https://data2.dawateislami.net/Data/Books/Download/ur/pdf/2015/1334-1.pdf?fn=para-no-11		
????????????? ? ??	Others	0	https://data2.dawateislami.net/Data/Books/Read/ur/2015/1333/bt1333.jpg	https://data2.dawateislami.net/Data/Books/Download/ur/pdf/2015/1333-1.pdf?fn=para-no-10		
????? ????????? ? ?	Others	0	https://data2.dawateislami.net/Data/Books/Read/ur/2015/1332/bt1332.jpg	https://data2.dawateislami.net/Data/Books/Download/ur/pdf/2015/1332-1.pdf?fn=para-no-9		
?????? ???????? ? ?	Others	0	https://data2.dawateislami.net/Data/Books/Read/ur/2015/1331/bt1331.jpg	https://data2.dawateislami.net/Data/Books/Download/ur/pdf/2015/1331-1.pdf?fn=para-no-8		
?? ????? ????????? ? ?	Others	0	https://data2.dawateislami.net/Data/Books/Read/ur/2015/1330/bt1330.jpg	https://data2.dawateislami.net/Data/Books/Download/ur/pdf/2015/1330-1.pdf?fn=para-no-7		
??? ??????? ????? ? ?	Others	0	https://data2.dawateislami.net/Data/Books/Read/ur/2015/1329/bt1329.jpg	https://data2.dawateislami.net/Data/Books/Download/ur/pdf/2015/1329-1.pdf?fn=para-no-6		
???????????????? ? ?	Others	0	https://data2.dawateislami.net/Data/Books/Read/ur/2015/1328/bt1328.jpg	https://data2.dawateislami.net/Data/Books/Download/ur/pdf/2015/1328-1.pdf?fn=para-no-5		
???? ????????? ? ?	Others	0	https://data2.dawateislami.net/Data/Books/Read/ur/2015/1327/bt1327.jpg	https://data2.dawateislami.net/Data/Books/Download/ur/pdf/2015/1327-1.pdf?fn=para-no-4		
?????? ????????? ? ?	Others	0	https://data2.dawateislami.net/Data/Books/Read/ur/2015/1326/bt1326.jpg	https://data2.dawateislami.net/Data/Books/Download/ur/pdf/2015/1326-1.pdf?fn=para-no-3		
?????????? ? ?	Others	0	https://data2.dawateislami.net/Data/Books/Read/ur/2015/1325/bt1325.jpg	https://data2.dawateislami.net/Data/Books/Download/ur/pdf/2015/1325-1.pdf?fn=para-no-2		
??? - ?	Others	0	https://data2.dawateislami.net/Data/Books/Read/ur/2015/1324/bt1324.jpg	https://data2.dawateislami.net/Data/Books/Download/ur/pdf/2015/1324-1.pdf?fn=para-no-1		
???? ?? ????	Markazi Majlis-e-Shoora	10	https://data2.dawateislami.net/Data/Books/Read/ur/2015/1321/bt1321.jpg	https://data2.dawateislami.net/Data/Books/Download/ur/pdf/2015/1321-1.pdf?fn=betay-ki-wasiyat		
????? ?????? ???? ??? ???????- ????? ????	Mufti Muhammad Qasim Attari	87	https://data2.dawateislami.net/Data/Books/Read/ur/2015/1316/bt1316.jpg	https://data2.dawateislami.net/Data/Books/Download/ur/pdf/2015/1316-1.pdf?fn=marifatul-quran-ala-kanzul-irfan-para-4		
?????? ?? ??????? ??????	Al Madina-tul-Ilmiyah	122	https://data2.dawateislami.net/Data/Books/Read/ur/2015/799/bt799.jpg	https://data2.dawateislami.net/Data/Books/Download/ur/pdf/2015/799-1.pdf?fn=islam-kay-bunyadi-aqeeday		
????? ?????? ???? ??? ???????- ????? ????	Mufti Muhammad Qasim Attari	84	https://data2.dawateislami.net/Data/Books/Read/ur/2015/1306/bt1306.jpg	https://data2.dawateislami.net/Data/Books/Download/ur/pdf/2015/1306-1.pdf?fn=marifatul-quran-ala-kanzul-irfan-para-3		
????? ???? ?? ??????	Al Madina-tul-Ilmiyah	32	https://data2.dawateislami.net/Data/Books/Read/ur/2015/1302/bt1302.jpg	https://data2.dawateislami.net/Data/Books/Download/ur/pdf/2015/1302-1.pdf?fn=yaqeen-e-kamil-ki-barkatain		
???? ?? ???? ???? ??????	Markazi Majlis-e-Shoora	47	https://data2.dawateislami.net/Data/Books/Read/ur/2015/1301/bt1301.jpg	https://data2.dawateislami.net/Data/Books/Download/ur/pdf/2015/1301-1.pdf?fn=shohar-ko-kaisa-hona-chahiye		
????? ?????? ???? ?????? ???? ?????? ?????? ?? ?????? ?????? ???	Al Madina-tul-Ilmiyah	32	https://data2.dawateislami.net/Data/Books/Read/ur/2015/1300/bt1300.jpg	https://data2.dawateislami.net/Data/Books/Download/ur/pdf/2015/1300-1.pdf?fn=sarkar-ka-andaz-e-tableegh-e-deen		
??????? ?? ?????	Al Madina-tul-Ilmiyah	32	https://data2.dawateislami.net/Data/Books/Read/ur/2015/1299/bt1299.jpg	https://data2.dawateislami.net/Data/Books/Download/ur/pdf/2015/1299-1.pdf?fn=sharabion-ka-anjam		
???? ?? ????? ????? ?? ?????	Majlis-e-Ifta	35	https://data2.dawateislami.net/Data/Books/Read/ur/2015/1296/bt1296.jpg	https://data2.dawateislami.net/Data/Books/Download/ur/pdf/2015/1296-1.pdf?fn=kursi-par-namaz-phrnay-kay-ahkam		
????? ?????	Al Madina-tul-Ilmiyah	54	https://data2.dawateislami.net/Data/Books/Read/ur/2015/1295/bt1295.jpg	https://data2.dawateislami.net/Data/Books/Download/ur/pdf/2015/1295-1.pdf?fn=ishq-e-rasool		
???? ?? ????	Al Madina-tul-Ilmiyah	32	https://data2.dawateislami.net/Data/Books/Read/ur/2015/1294/bt1294.jpg	https://data2.dawateislami.net/Data/Books/Download/ur/pdf/2015/1294-1.pdf?fn=khoni-ki-toba		
??????? ?? ??? ???? ??? ????	Al Madina-tul-Ilmiyah	32	https://data2.dawateislami.net/Data/Books/Read/ur/2015/1292/bt1292.jpg	https://data2.dawateislami.net/Data/Books/Download/ur/pdf/2015/1292-1.pdf?fn=adakari-ka-shoq-kaisay-khatam-hoa		
????? ??? ??? ????? ?????? ?? ?????	Al Madina-tul-Ilmiyah	28	https://data2.dawateislami.net/Data/Books/Read/ur/2015/1291/bt1291.jpg	https://data2.dawateislami.net/Data/Books/Download/ur/pdf/2015/1291-1.pdf?fn=islah-e-ummat-main-dawateislami-ka-kirdar		
???? ??? ????? ????	Ameer-e-Ahl-e-Sunnat	35	https://data2.dawateislami.net/Data/Books/Read/ur/2015/1289/bt1289.jpg	https://data2.dawateislami.net/Data/Books/Download/ur/pdf/2015/1289-1.pdf?fn=chirya-aur-andha-sanp		
????? ?????? ???? ??? ???????- ????? ????	Mufti Muhammad Qasim Attari	87	https://data2.dawateislami.net/Data/Books/Read/ur/2015/1278/bt1278.jpg	https://data2.dawateislami.net/Data/Books/Download/ur/pdf/2015/1278-1.pdf?fn=marifatul-quran-ala-kanzul-irfan-para-2		
27 ?????? ???????	Al Madina-tul-Ilmiyah	0	https://data2.dawateislami.net/Data/Books/Read/ur/2015/1275/bt1275.jpg	https://data2.dawateislami.net/Data/Books/Download/ur/pdf/2015/1275-1.pdf?fn=27-madani-inamaat		
??? ????? ??? ????? ?? ?????	Majlis-e-Ifta	42	https://data2.dawateislami.net/Data/Books/Read/ur/2015/1273/bt1273.jpg	https://data2.dawateislami.net/Data/Books/Download/ur/pdf/2015/1273-1.pdf?fn=maal-e-virasat-main-khiyanat-na-kijiay		
????? ???? ???????	Al Madina-tul-Ilmiyah	44	https://data2.dawateislami.net/Data/Books/Read/ur/2015/1272/bt1272.jpg	https://data2.dawateislami.net/Data/Books/Download/ur/pdf/2015/1272-1.pdf?fn=jawani-kaisay-guzarain		
???????? ???????? ??? ????	Al Madina-tul-Ilmiyah	818	https://data2.dawateislami.net/Data/Books/Read/ur/2015/1270/bt1270.jpg	https://data2.dawateislami.net/Data/Books/Download/ur/pdf/2015/1270-1.pdf?fn=ihya-ul-uloom-jild-5		
??????? ?? ?????? ??? ??	Markazi Majlis-e-Shoora	34	https://data2.dawateislami.net/Data/Books/Read/ur/2015/1266/bt1266.jpg	https://data2.dawateislami.net/Data/Books/Download/ur/pdf/2015/1266-1.pdf?fn=ulama-par-aitraaz-mana-hay		
?????? ????????? ???????? ??? ???? ?????? ?????????	Al Madina-tul-Ilmiyah	367	https://data2.dawateislami.net/Data/Books/Read/ur/2015/1265/bt1265.jpg	https://data2.dawateislami.net/Data/Books/Download/ur/pdf/2015/1265-1.pdf?fn=faizan-e-ummahatul-momineen		
???? ???? ????? ??? ????? ??	Ameer-e-Ahl-e-Sunnat	33	https://data2.dawateislami.net/Data/Books/Read/ur/2015/1264/bt1264.jpg	https://data2.dawateislami.net/Data/Books/Download/ur/pdf/2015/1264-1.pdf?fn=zinda-beti-kuwain-main-phenk-di		
?? ??? ??? ??? ???? ??	Markazi Majlis-e-Shoora	11	https://data2.dawateislami.net/Data/Books/Read/ur/2015/1262/bt1262.jpg	https://data2.dawateislami.net/Data/Books/Download/ur/pdf/2015/1262-1.pdf?fn=ya-waqt-bhi-guzar-jay-ga	https://data2.dawateislami.net/download/islam/ur/mp3/2019/70952.mp3	https://data2.dawateislami.net/download/islam/ur/mp3/2019/70952.mp3?fn=%DB%8C%DB%81%20%D9%88%D9%82%D8%AA%20%D8%A8%DA%BE%DB%8C%20%DA%AF%D8%B2%D8%B1%20%D8%AC%D8%A7%D8%A6%DB%92%20%DA%AF%D8%A7.mp3
?????????? ?? ’’ ????? ? ???? ?? ????? ??? ‘‘	Majlis-e-Ifta	34	https://data2.dawateislami.net/Data/Books/Read/ur/2015/1261/bt1261.jpg	https://data2.dawateislami.net/Data/Books/Download/ur/pdf/2015/1261-1.pdf?fn=valentine-day-quran-o-hadees-ki-roshni-main		
???????? ???? ?? ???? ??????? ?????	Markazi Majlis-e-Shoora	52	https://data2.dawateislami.net/Data/Books/Read/ur/2015/1258/bt1258.jpg	https://data2.dawateislami.net/Data/Books/Download/ur/pdf/2015/1258-1.pdf?fn=gustakhan-e-rasol-ka-aamli-boycott-kijiye		
????? ??? ???????? ????	Majlis-e-Tehqiqat-e-Sharia	16	https://data2.dawateislami.net/Data/Books/Read/ur/2015/1254/bt1254.jpg	https://data2.dawateislami.net/Data/Books/Download/ur/pdf/2015/1254-1.pdf?fn=ahram-aur-khushboo-dar-sabun		
??? ????? ?????	Al Madina-tul-Ilmiyah	32	https://data2.dawateislami.net/Data/Books/Read/ur/2015/1253/bt1253.jpg	https://data2.dawateislami.net/Data/Books/Download/ur/pdf/2015/1253-1.pdf?fn=3-sharabi-bhai		
??????? ???? ??????	Al Madina-tul-Ilmiyah	32	https://data2.dawateislami.net/Data/Books/Read/ur/2015/1252/bt1252.jpg	https://data2.dawateislami.net/Data/Books/Download/ur/pdf/2015/1252-1.pdf?fn=jhagralu-kaisay-sudhra		
???? ?????? ?? ????? ?????? ???-????- ????  ???? ?? ?????	Mufti Muhammad Qasim Attari	626	https://data2.dawateislami.net/Data/Books/Read/ur/2015/1250/bt1250.jpg	https://data2.dawateislami.net/Data/Books/Download/ur/pdf/2015/1250-1.pdf?fn=sirat-ul-jinan-jild-5		
???????? ?? ????	Al Madina-tul-Ilmiyah	31	https://data2.dawateislami.net/Data/Books/Read/ur/2015/1247/bt1247.jpg	https://data2.dawateislami.net/Data/Books/Download/ur/pdf/2015/1247-1.pdf?fn=jannation-ki-zaban		
????? ?????? ???? ??? ???????- ???? ????	Mufti Muhammad Qasim Attari	83	https://data2.dawateislami.net/Data/Books/Read/ur/2015/1244/bt1244.jpg	https://data2.dawateislami.net/Data/Books/Download/ur/pdf/2015/1244-1.pdf?fn=marifatul-quran-ala-kanzul-irfan-para-1		
?????? ?????? ????	Al Madina-tul-Ilmiyah	389	https://data2.dawateislami.net/Data/Books/Read/ur/2014/1240/bt1240.jpg	https://data2.dawateislami.net/Data/Books/Download/ur/pdf/2014/1240-1.pdf?fn=rasail-e-madani-bahar		
????? ???	Ameer-e-Ahl-e-Sunnat	44	https://data2.dawateislami.net/Data/Books/Read/ur/2014/1239/bt1239.jpg	https://data2.dawateislami.net/Data/Books/Download/ur/pdf/2014/1239-1.pdf?fn=jhoota-chor		
???? ????? ??? ??	Al Madina-tul-Ilmiyah	32	https://data2.dawateislami.net/Data/Books/Read/ur/2014/1236/bt1236.jpg	https://data2.dawateislami.net/Data/Books/Download/ur/pdf/2014/1236-1.pdf?fn=ghareeb-faiday-main-hay		
?????? ?????	Al Madina-tul-Ilmiyah	161	https://data2.dawateislami.net/Data/Books/Read/ur/2014/1233/bt1233.jpg	https://data2.dawateislami.net/Data/Books/Download/ur/pdf/2014/1233-1.pdf?fn=faizan-e-tajveed		
?????? ?? ??????? ?? ????	Al Madina-tul-Ilmiyah	32	https://data2.dawateislami.net/Data/Books/Read/ur/2014/1227/bt1227.jpg	https://data2.dawateislami.net/Data/Books/Download/ur/pdf/2014/1227-1.pdf?fn=walidain-kay-nafarman-ki-tauba		
????? ??? ???	Al Madina-tul-Ilmiyah	32	https://data2.dawateislami.net/Data/Books/Read/ur/2014/1226/bt1226.jpg	https://data2.dawateislami.net/Data/Books/Download/ur/pdf/2014/1226-1.pdf?fn=khushboo-dar-qabar		
?????? ???? ??????? ?? ???? ????	Ameer-e-Ahl-e-Sunnat	25	https://data2.dawateislami.net/Data/Books/Read/ur/2014/1225/bt1225.jpg	https://data2.dawateislami.net/Data/Books/Download/ur/pdf/2014/1225-1.pdf?fn=hatho-hath-phuppi-say-sulah-karli		
?????? ?????? ???? ??? ???? ????? ??? - ??? ???	Al Madina-tul-Ilmiyah	856	https://data2.dawateislami.net/Data/Books/Read/ur/2014/1221/bt1221.jpg	https://data2.dawateislami.net/Data/Books/Download/ur/pdf/2014/1221-1.pdf?fn=faizan-e-farooq-e-azam-jild-2		
????? ?????? ???? ??? ???? ????? ???? ????	Al Madina-tul-Ilmiyah	760	https://data2.dawateislami.net/Data/Books/Read/ur/2014/1220/bt1220.jpg	https://data2.dawateislami.net/Data/Books/Download/ur/pdf/2014/1220-1.pdf?fn=seerat-e-rasool-e-arabi		
?????? ?????? ???? ??? ???? ????? ??? ? ??? ???	Al Madina-tul-Ilmiyah	349	https://data2.dawateislami.net/Data/Books/Read/ur/2014/1214/bt1214.jpg	https://data2.dawateislami.net/Data/Books/Download/ur/pdf/2014/1214-1.pdf?fn=faizan-e-farooq-e-azam-jild-1		
???? ?? ?? ????	Ameer-e-Ahl-e-Sunnat	52	https://data2.dawateislami.net/Data/Books/Read/ur/2014/1211/bt1211.jpg	https://data2.dawateislami.net/Data/Books/Download/ur/pdf/2014/1211-1.pdf?fn=beta-ho-to-aisa		
??????? ?????? ? ????	Al Madina-tul-Ilmiyah	660	https://data2.dawateislami.net/Data/Books/Read/ur/2014/1205/bt1205.jpg	https://data2.dawateislami.net/Data/Books/Download/ur/pdf/2014/1205-1.pdf?fn=guldasta-e-durood-o-salam		
????? ?????? ??? ?? ?? ???? ? ???? ????? ?? ???? ??? ???? ????? ?????? ?? ??????	Al Madina-tul-Ilmiyah	761	https://data2.dawateislami.net/Data/Books/Read/ur/2015/1200/bt1200.jpg	https://data2.dawateislami.net/Data/Books/Download/ur/pdf/2015/1200-1.pdf?fn=1163-ulama-e-ahlesunnat-kay-tasurat		
?????? ???? ?????? ??? ???? ???? ????? ????	Al Madina-tul-Ilmiyah	75	https://data2.dawateislami.net/Data/Books/Read/ur/2014/1199/bt1199.jpg	https://data2.dawateislami.net/Data/Books/Download/ur/pdf/2014/1199-1.pdf?fn=faizan-e-baba-bulleh-shah		
40 ???? ???????	Al Madina-tul-Ilmiyah	25	https://data2.dawateislami.net/Data/Books/Read/ur/2014/1198/bt1198.jpg	https://data2.dawateislami.net/Data/Books/Download/ur/pdf/2014/1198-1.pdf?fn=40-madani-inamaat		
????? ?? ??? ????? ?? ????	Al Madina-tul-Ilmiyah	32	https://data2.dawateislami.net/Data/Books/Read/ur/2014/1197/bt1197.jpg	https://data2.dawateislami.net/Data/Books/Download/ur/pdf/2014/1197-1.pdf?fn=dancer-ban-gaya-sunnaton-ka-paikar		
?? ?????? ?????	Al Madina-tul-Ilmiyah	32	https://data2.dawateislami.net/Data/Books/Read/ur/2014/1196/bt1196.jpg	https://data2.dawateislami.net/Data/Books/Download/ur/pdf/2014/1196-1.pdf?fn=ba-kirdar-attari		
?????? ????? ????? ???? ???? ????? ????	Al Madina-tul-Ilmiyah	70	https://data2.dawateislami.net/Data/Books/Read/ur/2014/1195/bt1195.jpg	https://data2.dawateislami.net/Data/Books/Download/ur/pdf/2014/1195-1.pdf?fn=faizan-e-allama-kazmi		
????? ?? 50 ???? ????	Ameer-e-Ahl-e-Sunnat	12	https://data2.dawateislami.net/Data/Books/Read/ur/2014/1194/bt1194.jpg	https://data2.dawateislami.net/Data/Books/Download/ur/pdf/2014/1194-1.pdf?fn=methi-kay-50-madani-phool		
???? ?????? ?? ????? ?????? ???-?????- ????  ?? ?? ????	Mufti Muhammad Qasim Attari	585	https://data2.dawateislami.net/Data/Books/Read/ur/2014/1192/bt1192.jpg	https://data2.dawateislami.net/Data/Books/Download/ur/pdf/2014/1192-1.pdf?fn=sirat-ul-jinan-jild-4		
?????? ?????? ??? ?????	Al Madina-tul-Ilmiyah	0	https://data2.dawateislami.net/Data/Books/Read/ur/2014/1191/bt1191.jpg	https://data2.dawateislami.net/Data/Books/Download/ur/pdf/2014/1191-1.pdf?fn=ihya-ul-uloom-jild-4		
???? ? ????? ?? ????	Markazi Majlis-e-Shoora	51	https://data2.dawateislami.net/Data/Books/Read/ur/2014/1189/bt1189.jpg	https://data2.dawateislami.net/Data/Books/Download/ur/pdf/2014/1189-1.pdf?fn=ilm-o-ulama-ki-shan		
???? ????? ?? ?????? ?????	Markazi Majlis-e-Shoora	68	https://data2.dawateislami.net/Data/Books/Read/ur/2014/1188/bt1188.jpg	https://data2.dawateislami.net/Data/Books/Download/ur/pdf/2014/1188-1.pdf?fn=allah-walon-ka-andaz-e-tijarat		
????? ???????? ?? ???????	Al Madina-tul-Ilmiyah	346	https://data2.dawateislami.net/Data/Books/Read/ur/2014/1187/bt1187.jpg	https://data2.dawateislami.net/Data/Books/Download/ur/pdf/2014/1187-1.pdf?fn=batini-bemarion-ki-malomat		
???? ??? ??? ???? ?? ??? ???????	Al Madina-tul-Ilmiyah	4	https://data2.dawateislami.net/Data/Books/Read/ur/2014/1186/bt1186.jpg	https://data2.dawateislami.net/Data/Books/Download/ur/pdf/2014/1186-1.pdf?fn=sadqa-e-fitr-or-zakat-pamphlet		
???? ???? ?? ???? ?? ??? ??????	Al Madina-tul-Ilmiyah	32	https://data2.dawateislami.net/Data/Books/Read/ur/2014/1185/bt1185.jpg	https://data2.dawateislami.net/Data/Books/Download/ur/pdf/2014/1185-1.pdf?fn=paanch-rupay-ki-barkat-say-saath-shadian		
???? ?????? ?? ????	Ameer-e-Ahl-e-Sunnat	44	https://data2.dawateislami.net/Data/Books/Read/ur/2014/1184/bt1184.jpg	https://data2.dawateislami.net/Data/Books/Download/ur/pdf/2014/1184-1.pdf?fn=sawab-barhanay-kay-nuskhay		
?????? ????? ?????? ??? ???? ????? ????	Al Madina-tul-Ilmiyah	84	https://data2.dawateislami.net/Data/Books/Read/ur/2014/1183/bt1183.jpg	https://data2.dawateislami.net/Data/Books/Download/ur/pdf/2014/1183-1.pdf?fn=faizan-e-khadija-tul-kubra		
????? ?? ?????? ????? ? ??? ?	Al Madina-tul-Ilmiyah	353	https://data2.dawateislami.net/Data/Books/Read/ur/2014/1182/bt1182.jpg	https://data2.dawateislami.net/Data/Books/Download/ur/pdf/2014/1182-1.pdf?fn=islam-ki-bunyadi-batain-part-03		
?????? ??? ? ????	Al Madina-tul-Ilmiyah	40	https://data2.dawateislami.net/Data/Books/Read/ur/2014/1181/bt1181.jpg	https://data2.dawateislami.net/Data/Books/Download/ur/pdf/2014/1181-1.pdf?fn=faizan-e-ilm-o-ulama		
?? ????? ??? ???? ???? ????	Al Madina-tul-Ilmiyah	32	https://data2.dawateislami.net/Data/Books/Read/ur/2014/1178/bt1178.jpg	https://data2.dawateislami.net/Data/Books/Download/ur/pdf/2014/1178-1.pdf?fn=bad-atwar-shakhs-aalim-kesay-bana		
???? ????? ??? ??? ? ??? ?	Al Madina-tul-Ilmiyah	0	https://data2.dawateislami.net/Data/Books/Read/ur/2014/1177/bt1177.jpg	https://data2.dawateislami.net/Data/Books/Download/ur/pdf/2014/1177-1.pdf?fn=bahar-e-shariat-jild-3-b		
???? ????? ??? ??? ? ??? ???	Al Madina-tul-Ilmiyah	0	https://data2.dawateislami.net/Data/Books/Read/ur/2014/1176/bt1176.jpg	https://data2.dawateislami.net/Data/Books/Download/ur/pdf/2014/1176-1.pdf?fn=bahar-e-shariat-jild-3-a		
???? ????? ??? ??? ? ??? ?	Al Madina-tul-Ilmiyah	0	https://data2.dawateislami.net/Data/Books/Read/ur/2014/1175/bt1175.jpg	https://data2.dawateislami.net/Data/Books/Download/ur/pdf/2014/1175-1.pdf?fn=bahar-e-shariat-jild-2-b		
???? ????? ??? ??? ? ??? ???	Al Madina-tul-Ilmiyah	0	https://data2.dawateislami.net/Data/Books/Read/ur/2014/1174/bt1174.jpg	https://data2.dawateislami.net/Data/Books/Download/ur/pdf/2014/1174-1.pdf?fn=bahar-e-shariat-jild-2-a		
???? ????? ??? ??? ? ??? ?	Al Madina-tul-Ilmiyah	605	https://data2.dawateislami.net/Data/Books/Read/ur/2014/1173/bt1173.jpg	https://data2.dawateislami.net/Data/Books/Download/ur/pdf/2014/1173-1.pdf?fn=bahar-e-shariat-jild-1-b		
???? ????? ??? ??? ? ??? ???	Al Madina-tul-Ilmiyah	0	https://data2.dawateislami.net/Data/Books/Read/ur/2014/1172/bt1172.jpg	https://data2.dawateislami.net/Data/Books/Download/ur/pdf/2014/1172-1.pdf?fn=bahar-e-shariat-jild-1-a		
??? ????? ?? ?????	Al Madina-tul-Ilmiyah	179	https://data2.dawateislami.net/Data/Books/Read/ur/2014/801/bt801.jpg	https://data2.dawateislami.net/Data/Books/Download/ur/pdf/2014/801-1.pdf?fn=naam-rakhnay-kay-ahkam		
?????? ????? ???????? ???? ???? ????? ???? ??? ????? ?????	Al Madina-tul-Ilmiyah	45	https://data2.dawateislami.net/Data/Books/Read/ur/2014/1166/bt1166.jpg	https://data2.dawateislami.net/Data/Books/Download/ur/pdf/2014/1166-1.pdf?fn=faizan-e-usman-marwandi-lal-shahbaz-qalandar		
???? ??????	Hazrat Allama Syed Ahmed Saeed Kazmi ???? ????? ???? ?????	131	https://data2.dawateislami.net/Data/Books/Read/ur/2014/1165/bt1165.jpg	https://data2.dawateislami.net/Data/Books/Download/ur/pdf/2014/1165-1.pdf?fn=al-haqq-ul-mubeen		
?????? ?????? ?????	Imam-e-Ahl-e-Sunnat Ahmad Raza Khan	0	https://data2.dawateislami.net/Data/Books/Read/ur/2014/1162/bt1162.jpg	https://data2.dawateislami.net/Data/Books/Download/ur/pdf/2014/1162-1.pdf?fn=faizan-e-khutbat-e-razawiyya		
?????? ????? ???? ???????	Al Madina-tul-Ilmiyah	62	https://data2.dawateislami.net/Data/Books/Read/ur/2014/1161/bt1161.jpg	https://data2.dawateislami.net/Data/Books/Download/ur/pdf/2014/1161-1.pdf?fn=faizan-e-muhaddis-e-azam-pakistan		
???? ?????? ?? ????? ?????? ???-????- ????  ??? ?? ??	Mufti Muhammad Qasim Attari	581	https://data2.dawateislami.net/Data/Books/Read/ur/2014/1159/bt1159.jpg	https://data2.dawateislami.net/Data/Books/Download/ur/pdf/2014/1159-1.pdf?fn=sirat-ul-jinan-jild-3		
????? ?? ?????	Al Madina-tul-Ilmiyah	519	https://data2.dawateislami.net/Data/Books/Read/ur/2014/1156/bt1156.jpg	https://data2.dawateislami.net/Data/Books/Download/ur/pdf/2014/1156-1.pdf?fn=imamay-kay-fazail		
???? ?? ????	Al Madina-tul-Ilmiyah	32	https://data2.dawateislami.net/Data/Books/Read/ur/2014/1155/bt1155.jpg	https://data2.dawateislami.net/Data/Books/Download/ur/pdf/2014/1155-1.pdf?fn=singer-ki-toba		
?????? ?????	Al Madina-tul-Ilmiyah	123	https://data2.dawateislami.net/Data/Books/Read/ur/2014/1154/bt1154.jpg	https://data2.dawateislami.net/Data/Books/Download/ur/pdf/2014/1154-1.pdf?fn=faizan-e-meraj		
?????? ????? ???? ??? ???	Al Madina-tul-Ilmiyah	107	https://data2.dawateislami.net/Data/Books/Read/ur/2014/1152/bt1152.jpg	https://data2.dawateislami.net/Data/Books/Download/ur/pdf/2014/1152-1.pdf?fn=faizan-e-islam-course-part-2		
????? ????? ???? ???? ???? ???? ????? ????	Al Madina-tul-Ilmiyah	31	https://data2.dawateislami.net/Data/Books/Read/ur/2014/1151/bt1151.jpg	https://data2.dawateislami.net/Data/Books/Download/ur/pdf/2014/1151-1.pdf?fn=faizan-e-khwaja-ghareeb-nawaz		
????? ?? ???????	Ameer-e-Ahl-e-Sunnat	53	https://data2.dawateislami.net/Data/Books/Read/ur/2014/1150/bt1150.jpg	https://data2.dawateislami.net/Data/Books/Download/ur/pdf/2014/1150-1.pdf?fn=machli-kay-ajaibat		
?????? ????? ???? ??? ???	Al Madina-tul-Ilmiyah	0	https://data2.dawateislami.net/Data/Books/Read/ur/2014/1148/bt1148.jpg	https://data2.dawateislami.net/Data/Books/Download/ur/pdf/2014/1148-1.pdf?fn=faizan-e-islam-course-part-1		
?? ??? ???? ???? ????	Al Madina-tul-Ilmiyah	32	https://data2.dawateislami.net/Data/Books/Read/ur/2014/1147/bt1147.jpg	https://data2.dawateislami.net/Data/Books/Download/ur/pdf/2014/1147-1.pdf?fn=bad-chalan-kaisay-taib-hoa		
?????? ??? ???? ???? ????? ???? ???? ???? ?????	Al Madina-tul-Ilmiyah	34	https://data2.dawateislami.net/Data/Books/Read/ur/2014/1146/bt1146.jpg	https://data2.dawateislami.net/Data/Books/Download/ur/pdf/2014/1146-1.pdf?fn=faizan-e-syed-ahmed-kabir-rafae		
?????? ???? ??? ???? ???? ????? ????	Al Madina-tul-Ilmiyah	32	https://data2.dawateislami.net/Data/Books/Read/ur/2014/1145/bt1145.jpg	https://data2.dawateislami.net/Data/Books/Download/ur/pdf/2014/1145-1.pdf?fn=faizan-e-hafiz-e-millat		
?????? ????? ???? ???? ???? ????? ????	Al Madina-tul-Ilmiyah	31	https://data2.dawateislami.net/Data/Books/Read/ur/2014/1144/bt1144.jpg	https://data2.dawateislami.net/Data/Books/Download/ur/pdf/2014/1144-1.pdf?fn=faizan-e-sultan-bahoo		
??? (????? ?? ????) ?? ????? ???? ????	Al Madina-tul-Ilmiyah	0	https://data2.dawateislami.net/Data/Books/Read/ur/2014/956/bt956.jpg	https://data2.dawateislami.net/Data/Books/Download/ur/pdf/2014/956-1.pdf?fn=ushar-faslon-ki-zakat-kay-mutaliq-sawal-jawab		
???? ?????? ?? ???? ?????	Al Madina-tul-Ilmiyah	472	https://data2.dawateislami.net/Data/Books/Read/ur/2014/931/bt931.jpg	https://data2.dawateislami.net/Data/Books/Download/ur/pdf/2014/931-1.pdf?fn=ameer-e-ahlesunnat-ki-deeni-khidmat		
????? ?????? ?? ????? (????)	Ameer-e-Ahl-e-Sunnat	21	https://data2.dawateislami.net/Data/Books/Read/ur/2014/62/bt62.jpg	https://data2.dawateislami.net/Data/Books/Download/ur/pdf/2014/62-1.pdf?fn=namaz-e-janaza-ka-tariqa		
??? ????? ???? ??? ??	Markazi Majlis-e-Shoora	51	https://data2.dawateislami.net/Data/Books/Read/ur/2014/929/bt929.jpg	https://data2.dawateislami.net/Data/Books/Download/ur/pdf/2014/929-1.pdf?fn=aik-zamana-aisa-aye-ga		
??? ???? ?? ????	Al Madina-tul-Ilmiyah	32	https://data2.dawateislami.net/Data/Books/Read/ur/2014/928/bt928.jpg	https://data2.dawateislami.net/Data/Books/Download/ur/pdf/2014/928-1.pdf?fn=buri-sangat-ka-wabal		
????? ?? ???? ?? ?????	Al Madina-tul-Ilmiyah	32	https://data2.dawateislami.net/Data/Books/Read/ur/2014/927/bt927.jpg	https://data2.dawateislami.net/Data/Books/Download/ur/pdf/2014/927-1.pdf?fn=jaraim-ki-dunya-say-wapsi		
????? ?? ????	Al Madina-tul-Ilmiyah	10	https://data2.dawateislami.net/Data/Books/Read/ur/2014/926/bt926.jpg	https://data2.dawateislami.net/Data/Books/Download/ur/pdf/2014/926-1.pdf?fn=cancer-ka-ilaj		
?????? ?????	Al Madina-tul-Ilmiyah	32	https://data2.dawateislami.net/Data/Books/Read/ur/2014/925/bt925.jpg	https://data2.dawateislami.net/Data/Books/Download/ur/pdf/2014/925-1.pdf?fn=anokhi-kamae		
????? ?? ????	Al Madina-tul-Ilmiyah	32	https://data2.dawateislami.net/Data/Books/Read/ur/2014/919/bt919.jpg	https://data2.dawateislami.net/Data/Books/Download/ur/pdf/2014/919-1.pdf?fn=ajnabi-ka-tohfa		
??? ?????? ?? ????? (????)	Ameer-e-Ahl-e-Sunnat	25	https://data2.dawateislami.net/Data/Books/Read/ur/2014/70/bt70.jpg	https://data2.dawateislami.net/Data/Books/Download/ur/pdf/2014/70-1.pdf?fn=qaza-namazon-ka-tariqa		
????? ?? ????	Ameer-e-Ahl-e-Sunnat	45	https://data2.dawateislami.net/Data/Books/Read/ur/2014/893/bt893.jpg	https://data2.dawateislami.net/Data/Books/Download/ur/pdf/2014/893-1.pdf?fn=firon-ka-khwab		
?????? ????	Ameer-e-Ahl-e-Sunnat	29	https://data2.dawateislami.net/Data/Books/Read/ur/2014/64/bt64.jpg	https://data2.dawateislami.net/Data/Books/Download/ur/pdf/2014/64-1.pdf?fn=faizan-e-azan		
????? ?????? ??? ???	Al Madina-tul-Ilmiyah	1244	https://data2.dawateislami.net/Data/Books/Read/ur/2013/892/bt892.jpg	https://data2.dawateislami.net/Data/Books/Download/ur/pdf/2013/892-1.pdf?fn=ihya-ul-uloom-jild-3		
???? ?????? ?? ????? ?????? ???-????- ????  ??? ?? ??	Mufti Muhammad Qasim Attari	561	https://data2.dawateislami.net/Data/Books/Read/ur/2013/891/bt891.jpg	https://data2.dawateislami.net/Data/Books/Download/ur/pdf/2013/891-1.pdf?fn=sirat-ul-jinan-jild-2		
????? ????? ???? ?? ?????	Imam-e-Ahl-e-Sunnat Ahmad Raza Khan	0	https://data2.dawateislami.net/Data/Books/Read/ur/2013/890/bt890.jpg	https://data2.dawateislami.net/Data/Books/Download/ur/pdf/2013/890-1.pdf?fn=fatawa-razawiyya-mukammal-30-jildain		
????? ???? ???	Mufti Muhammad Qasim Attari	129	https://data2.dawateislami.net/Data/Books/Read/ur/2013/1691/bt1691.jpg	https://data2.dawateislami.net/Data/Books/Download/ur/pdf/2013/1691-1.pdf?fn=tafseer-surah-noor		
????? ??? ??? ??? ??? ???? ???? ?????? ????	Al Madina-tul-Ilmiyah	33	https://data2.dawateislami.net/Data/Books/Read/ur/2013/888/bt888.jpg	https://data2.dawateislami.net/Data/Books/Download/ur/pdf/2013/888-1.pdf?fn=faizan-e-peer-meher-ali-shah		
????? ????? ??? ??	Imam-e-Ahl-e-Sunnat Ahmad Raza Khan	0	https://data2.dawateislami.net/Data/Books/Read/ur/2013/887/bt887.jpg	https://data2.dawateislami.net/Data/Books/Download/ur/pdf/2013/887-1.pdf?fn=fatawa-razawiyya-jild-30		
????? ????? ??? ??	Imam-e-Ahl-e-Sunnat Ahmad Raza Khan	0	https://data2.dawateislami.net/Data/Books/Read/ur/2013/886/bt886.jpg	https://data2.dawateislami.net/Data/Books/Download/ur/pdf/2013/886-1.pdf?fn=fatawa-razawiyya-jild-29		
????? ????? ??? ??	Imam-e-Ahl-e-Sunnat Ahmad Raza Khan	0	https://data2.dawateislami.net/Data/Books/Read/ur/2013/885/bt885.jpg	https://data2.dawateislami.net/Data/Books/Download/ur/pdf/2013/885-1.pdf?fn=fatawa-razawiyya-jild-28		
????? ????? ??? ??	Imam-e-Ahl-e-Sunnat Ahmad Raza Khan	0	https://data2.dawateislami.net/Data/Books/Read/ur/2013/884/bt884.jpg	https://data2.dawateislami.net/Data/Books/Download/ur/pdf/2013/884-1.pdf?fn=fatawa-razawiyya-jild-27		
????? ????? ??? ??	Imam-e-Ahl-e-Sunnat Ahmad Raza Khan	0	https://data2.dawateislami.net/Data/Books/Read/ur/2013/883/bt883.jpg	https://data2.dawateislami.net/Data/Books/Download/ur/pdf/2013/883-1.pdf?fn=fatawa-razawiyya-jild-26		
????? ????? ??? ??	Imam-e-Ahl-e-Sunnat Ahmad Raza Khan	0	https://data2.dawateislami.net/Data/Books/Read/ur/2013/882/bt882.jpg	https://data2.dawateislami.net/Data/Books/Download/ur/pdf/2013/882-1.pdf?fn=fatawa-razawiyya-jild-25		
????? ????? ??? ??	Imam-e-Ahl-e-Sunnat Ahmad Raza Khan	0	https://data2.dawateislami.net/Data/Books/Read/ur/2013/881/bt881.jpg	https://data2.dawateislami.net/Data/Books/Download/ur/pdf/2013/881-1.pdf?fn=fatawa-razawiyya-jild-24		
????? ????? ??? ??	Imam-e-Ahl-e-Sunnat Ahmad Raza Khan	0	https://data2.dawateislami.net/Data/Books/Read/ur/2013/880/bt880.jpg	https://data2.dawateislami.net/Data/Books/Download/ur/pdf/2013/880-1.pdf?fn=fatawa-razawiyya-jild-23		
????? ????? ??? ??	Imam-e-Ahl-e-Sunnat Ahmad Raza Khan	0	https://data2.dawateislami.net/Data/Books/Read/ur/2013/879/bt879.jpg	https://data2.dawateislami.net/Data/Books/Download/ur/pdf/2013/879-1.pdf?fn=fatawa-razawiyya-jild-22		
????? ????? ??? ??	Imam-e-Ahl-e-Sunnat Ahmad Raza Khan	0	https://data2.dawateislami.net/Data/Books/Read/ur/2013/878/bt878.jpg	https://data2.dawateislami.net/Data/Books/Download/ur/pdf/2013/878-1.pdf?fn=fatawa-razawiyya-jild-21		
????? ????? ??? ??	Imam-e-Ahl-e-Sunnat Ahmad Raza Khan	0	https://data2.dawateislami.net/Data/Books/Read/ur/2013/877/bt877.jpg	https://data2.dawateislami.net/Data/Books/Download/ur/pdf/2013/877-1.pdf?fn=fatawa-razawiyya-jild-20		
????? ????? ??? ??	Imam-e-Ahl-e-Sunnat Ahmad Raza Khan	0	https://data2.dawateislami.net/Data/Books/Read/ur/2013/876/bt876.jpg	https://data2.dawateislami.net/Data/Books/Download/ur/pdf/2013/876-1.pdf?fn=fatawa-razawiyya-jild-19		
????? ????? ??? ??	Imam-e-Ahl-e-Sunnat Ahmad Raza Khan	0	https://data2.dawateislami.net/Data/Books/Read/ur/2013/875/bt875.jpg	https://data2.dawateislami.net/Data/Books/Download/ur/pdf/2013/875-1.pdf?fn=fatawa-razawiyya-jild-18		
????? ????? ??? ??	Imam-e-Ahl-e-Sunnat Ahmad Raza Khan	715	https://data2.dawateislami.net/Data/Books/Read/ur/2013/874/bt874.jpg	https://data2.dawateislami.net/Data/Books/Download/ur/pdf/2013/874-1.pdf?fn=fatawa-razawiyya-jild-17		
????? ????? ??? ??	Imam-e-Ahl-e-Sunnat Ahmad Raza Khan	631	https://data2.dawateislami.net/Data/Books/Read/ur/2013/873/bt873.jpg	https://data2.dawateislami.net/Data/Books/Download/ur/pdf/2013/873-1.pdf?fn=fatawa-razawiyya-jild-16		
????? ????? ??? ??	Imam-e-Ahl-e-Sunnat Ahmad Raza Khan	0	https://data2.dawateislami.net/Data/Books/Read/ur/2013/872/bt872.jpg	https://data2.dawateislami.net/Data/Books/Download/ur/pdf/2013/872-1.pdf?fn=fatawa-razawiyya-jild-15		
????? ????? ??? ??	Imam-e-Ahl-e-Sunnat Ahmad Raza Khan	0	https://data2.dawateislami.net/Data/Books/Read/ur/2013/871/bt871.jpg	https://data2.dawateislami.net/Data/Books/Download/ur/pdf/2013/871-1.pdf?fn=fatawa-razawiyya-jild-14		
????? ????? ??? ??	Imam-e-Ahl-e-Sunnat Ahmad Raza Khan	0	https://data2.dawateislami.net/Data/Books/Read/ur/2013/870/bt870.jpg	https://data2.dawateislami.net/Data/Books/Download/ur/pdf/2013/870-1.pdf?fn=fatawa-razawiyya-jild-13		
????? ????? ??? ??	Imam-e-Ahl-e-Sunnat Ahmad Raza Khan	0	https://data2.dawateislami.net/Data/Books/Read/ur/2013/869/bt869.jpg	https://data2.dawateislami.net/Data/Books/Download/ur/pdf/2013/869-1.pdf?fn=fatawa-razawiyya-jild-12		
????? ????? ??? ??	Imam-e-Ahl-e-Sunnat Ahmad Raza Khan	0	https://data2.dawateislami.net/Data/Books/Read/ur/2013/868/bt868.jpg	https://data2.dawateislami.net/Data/Books/Download/ur/pdf/2013/868-1.pdf?fn=fatawa-razawiyya-jild-11		
?????? ????? ??? ??	Imam-e-Ahl-e-Sunnat Ahmad Raza Khan	0	https://data2.dawateislami.net/Data/Books/Read/ur/2013/867/bt867.jpg	https://data2.dawateislami.net/Data/Books/Download/ur/pdf/2013/867-1.pdf?fn=fatawa-razawiyya-jild-10		
????? ????? ?	Imam-e-Ahl-e-Sunnat Ahmad Raza Khan	948	https://data2.dawateislami.net/Data/Books/Read/ur/2013/866/bt866.jpg	https://data2.dawateislami.net/Data/Books/Download/ur/pdf/2013/866-1.pdf?fn=fatawa-razawiyya-jild-9		
????? ????? ??? ?	Imam-e-Ahl-e-Sunnat Ahmad Raza Khan	673	https://data2.dawateislami.net/Data/Books/Read/ur/2013/865/bt865.jpg	https://data2.dawateislami.net/Data/Books/Download/ur/pdf/2013/865-1.pdf?fn=fatawa-razawiyya-jild-8		
????? ????? ??? ?	Imam-e-Ahl-e-Sunnat Ahmad Raza Khan	721	https://data2.dawateislami.net/Data/Books/Read/ur/2013/864/bt864.jpg	https://data2.dawateislami.net/Data/Books/Download/ur/pdf/2013/864-1.pdf?fn=fatawa-razawiyya-jild-7		
????? ????? ??? ?	Imam-e-Ahl-e-Sunnat Ahmad Raza Khan	736	https://data2.dawateislami.net/Data/Books/Read/ur/2013/863/bt863.jpg	https://data2.dawateislami.net/Data/Books/Download/ur/pdf/2013/863-1.pdf?fn=fatawa-razawiyya-jild-6		
????? ????? ??? ?	Imam-e-Ahl-e-Sunnat Ahmad Raza Khan	696	https://data2.dawateislami.net/Data/Books/Read/ur/2013/862/bt862.jpg	https://data2.dawateislami.net/Data/Books/Download/ur/pdf/2013/862-1.pdf?fn=fatawa-razawiyya-jild-5		
????? ????? ??? ?	Imam-e-Ahl-e-Sunnat Ahmad Raza Khan	761	https://data2.dawateislami.net/Data/Books/Read/ur/2013/861/bt861.jpg	https://data2.dawateislami.net/Data/Books/Download/ur/pdf/2013/861-1.pdf?fn=fatawa-razawiyya-jild-4		
????? ????? ??? ?	Imam-e-Ahl-e-Sunnat Ahmad Raza Khan	756	https://data2.dawateislami.net/Data/Books/Read/ur/2013/860/bt860.jpg	https://data2.dawateislami.net/Data/Books/Download/ur/pdf/2013/860-1.pdf?fn=fatawa-razawiyya-jild-3		
????? ????? ??? ?	Imam-e-Ahl-e-Sunnat Ahmad Raza Khan	711	https://data2.dawateislami.net/Data/Books/Read/ur/2013/859/bt859.jpg	https://data2.dawateislami.net/Data/Books/Download/ur/pdf/2013/859-1.pdf?fn=fatawa-razawiyya-jild-2		
?????? ????? ??? ? (??? ???)	Imam-e-Ahl-e-Sunnat Ahmad Raza Khan	564	https://data2.dawateislami.net/Data/Books/Read/ur/2013/858/bt858.jpg	https://data2.dawateislami.net/Data/Books/Download/ur/pdf/2013/858-1.pdf?fn=fatawa-razawiyya-jild-1-part-2		
????? ????? ??? ? (??? ???)	Imam-e-Ahl-e-Sunnat Ahmad Raza Khan	588	https://data2.dawateislami.net/Data/Books/Read/ur/2013/857/bt857.jpg	https://data2.dawateislami.net/Data/Books/Download/ur/pdf/2013/857-1.pdf?fn=fatawa-razawiyya-jild-1-part-1		
?? ?????	Al Madina-tul-Ilmiyah	128	https://data2.dawateislami.net/Data/Books/Read/ur/2013/854/bt854.jpg	https://data2.dawateislami.net/Data/Books/Download/ur/pdf/2013/854-1.pdf?fn=bad-shuguni		
?????? ????? ????? ??? ???? ????? ????	Al Madina-tul-Ilmiyah	608	https://data2.dawateislami.net/Data/Books/Read/ur/2014/848/bt848.jpg	https://data2.dawateislami.net/Data/Books/Download/ur/pdf/2014/848-1.pdf?fn=faizan-e-ayesha-siddiqa		
?????? ??? ?? ????	Al Madina-tul-Ilmiyah	32	https://data2.dawateislami.net/Data/Books/Read/ur/2014/847/bt847.jpg	https://data2.dawateislami.net/Data/Books/Download/ur/pdf/2014/847-1.pdf?fn=bhangray-baz-sudhar-gaya		
?? ? ???? ??? ??? ??? ?? ????? ????	Mufti Ali Asghar	7	https://data2.dawateislami.net/Data/Books/Read/ur/2013/846/bt846.jpg	https://data2.dawateislami.net/Data/Books/Download/ur/pdf/2013/846-1.pdf?fn=hajj-o-umrah-aik-nazar-main		
?????? ?? ?????	Markazi Majlis-e-Shoora	0	https://data2.dawateislami.net/Data/Books/Read/ur/2013/845/bt845.jpg	https://data2.dawateislami.net/Data/Books/Download/ur/pdf/2013/845-1.pdf?fn=gunahon-ki-nahusat		
?????? ???	Al Madina-tul-Ilmiyah	32	https://data2.dawateislami.net/Data/Books/Read/ur/2013/844/bt844.jpg	https://data2.dawateislami.net/Data/Books/Download/ur/pdf/2013/844-1.pdf?fn=chamakdar-kafan		
????? ?? ??????	Al Madina-tul-Ilmiyah	32	https://data2.dawateislami.net/Data/Books/Read/ur/2013/843/bt843.jpg	https://data2.dawateislami.net/Data/Books/Download/ur/pdf/2013/843-1.pdf?fn=aslahay-ka-saudagar		
????? ???? ????? ???????	Al Madina-tul-Ilmiyah	0	https://data2.dawateislami.net/Data/Books/Read/ur/2013/842/bt842.jpg	https://data2.dawateislami.net/Data/Books/Download/ur/pdf/2013/842-1.pdf?fn=auqat-e-namaz-baraye-pakistan		
???????? ???????? ??? ???	Al Madina-tul-Ilmiyah	1396	https://data2.dawateislami.net/Data/Books/Read/ur/2013/802/bt802.jpg	https://data2.dawateislami.net/Data/Books/Download/ur/pdf/2013/802-1.pdf?fn=ihya-ul-uloom-jild-2		
?????? ????? ???????? ??? ???	Al Madina-tul-Ilmiyah	667	https://data2.dawateislami.net/Data/Books/Read/ur/2013/800/bt800.jpg	https://data2.dawateislami.net/Data/Books/Download/ur/pdf/2013/800-1.pdf?fn=faizan-e-riaz-us-saliheen		
???? ???????? ???? 6 ?????	Maulana Muhammad Haneef Khan Razavi	0	https://data2.dawateislami.net/Data/Books/Read/ur/2013/796/bt796.jpg	https://data2.dawateislami.net/Data/Books/Download/ur/pdf/2013/796-1.pdf?fn=jame-ul-ahadees-mukammal-6-jilden		
???? ???????? ??? ???	Maulana Muhammad Haneef Khan Razavi	0	https://data2.dawateislami.net/Data/Books/Read/ur/2013/795/bt795.jpg	https://data2.dawateislami.net/Data/Books/Download/ur/pdf/2013/795-1.pdf?fn=jame-ul-ahadees-jild-6		
???? ???????? ??? ????	Maulana Muhammad Haneef Khan Razavi	0	https://data2.dawateislami.net/Data/Books/Read/ur/2013/794/bt794.jpg	https://data2.dawateislami.net/Data/Books/Download/ur/pdf/2013/794-1.pdf?fn=jame-ul-ahadees-jild-5		
???? ???????? ??? ?????	Maulana Muhammad Haneef Khan Razavi	0	https://data2.dawateislami.net/Data/Books/Read/ur/2013/793/bt793.jpg	https://data2.dawateislami.net/Data/Books/Download/ur/pdf/2013/793-1.pdf?fn=jame-ul-ahadees-jild-4		
???? ??????? ??? ???	Maulana Muhammad Haneef Khan Razavi	0	https://data2.dawateislami.net/Data/Books/Read/ur/2013/792/bt792.jpg	https://data2.dawateislami.net/Data/Books/Download/ur/pdf/2013/792-1.pdf?fn=jame-ul-ahadees-jild-3		
???? ???????? ??? ???	Maulana Muhammad Haneef Khan Razavi	0	https://data2.dawateislami.net/Data/Books/Read/ur/2013/791/bt791.jpg	https://data2.dawateislami.net/Data/Books/Download/ur/pdf/2013/791-1.pdf?fn=jame-ul-ahadees-jild-2		
???? ???????? ??? ???	Maulana Muhammad Haneef Khan Razavi	0	https://data2.dawateislami.net/Data/Books/Read/ur/2013/790/bt790.jpg	https://data2.dawateislami.net/Data/Books/Download/ur/pdf/2013/790-1.pdf?fn=jame-ul-ahadees-jild-1		
???? ?????? ?? ????? ?????? ???-???-???? ??? ?? ???	Mufti Muhammad Qasim Attari	612	https://data2.dawateislami.net/Data/Books/Read/ur/2013/752/bt752.jpg	https://data2.dawateislami.net/Data/Books/Download/ur/pdf/2013/752-1.pdf?fn=sirat-ul-jinan-jild-1		
??? ???? ????	Ameer-e-Ahl-e-Sunnat	37	https://data2.dawateislami.net/Data/Books/Read/ur/2013/751/bt751.jpg	https://data2.dawateislami.net/Data/Books/Download/ur/pdf/2013/751-1.pdf?fn=noor-wala-chehra		
????? ???? ?? 122 ??????	Al Madina-tul-Ilmiyah	208	https://data2.dawateislami.net/Data/Books/Read/ur/2013/747/bt747.jpg	https://data2.dawateislami.net/Data/Books/Download/ur/pdf/2013/747-1.pdf?fn=mahboob-e-attar-ki-122-hikayaat		
???? ????	Ameer-e-Ahl-e-Sunnat	9	https://data2.dawateislami.net/Data/Books/Read/ur/2013/750/bt750.jpg	https://data2.dawateislami.net/Data/Books/Download/ur/pdf/2013/750-1.pdf?fn=basant-mela		
?????? ???? ??? ????	Ameer-e-Ahl-e-Sunnat	1587	https://data2.dawateislami.net/Data/Books/Read/ur/2013/482/bt482.jpg	https://data2.dawateislami.net/Data/Books/Download/ur/pdf/2013/482-1.pdf?fn=faizan-e-sunnat		
???? ???????? ??? ?????????????? ???? 8 ?????	Mufti Ahmad yar khan Naeemi	0	https://data2.dawateislami.net/Data/Books/Read/ur/2013/749/bt749.jpg	https://data2.dawateislami.net/Data/Books/Download/ur/pdf/2013/749-1.pdf?fn=miraat-ul-manajeeh-sharah-mishkaat-8-jilden		
??? ? ????	Al Madina-tul-Ilmiyah	83	https://data2.dawateislami.net/Data/Books/Read/ur/2013/748/bt748.jpg	https://data2.dawateislami.net/Data/Books/Download/ur/pdf/2013/748-1.pdf?fn=bughz-o-keena		
??????? ???????	Al Madina-tul-Ilmiyah	92	https://data2.dawateislami.net/Data/Books/Read/ur/2013/746/bt746.jpg	https://data2.dawateislami.net/Data/Books/Download/ur/pdf/2013/746-1.pdf?fn=rehnuma-e-mudarriseen		
?????? ?????? ????	Others	578	https://data2.dawateislami.net/Data/Books/Read/ur/2013/745/bt745.jpg	https://data2.dawateislami.net/Data/Books/Download/ur/pdf/2013/745-1.pdf?fn=al-quran-ul-kareem		
??? ???? ???? ????	Markazi Majlis-e-Shoora	48	https://data2.dawateislami.net/Data/Books/Read/ur/2013/742/bt742.jpg	https://data2.dawateislami.net/Data/Books/Download/ur/pdf/2013/742-1.pdf?fn=aik-aankh-wala-aadmi		
????? ??? ????? ???? ?? ?????	Ameer-e-Ahl-e-Sunnat	28	https://data2.dawateislami.net/Data/Books/Read/ur/2013/66/bt66.jpg	https://data2.dawateislami.net/Data/Books/Download/ur/pdf/2013/66-1.pdf?fn=fatiha-aur-esal-e-sawab-ka-tariqa		
???? ?? ?????	Markazi Majlis-e-Shoora	79	https://data2.dawateislami.net/Data/Books/Read/ur/2013/740/bt740.jpg	https://data2.dawateislami.net/Data/Books/Download/ur/pdf/2013/740-1.pdf?fn=beti-ki-parwarish		
?????? ?????? ??? ???? ?????? ????	Al Madina-tul-Ilmiyah	352	https://data2.dawateislami.net/Data/Books/Read/ur/2013/737/bt737.jpg	https://data2.dawateislami.net/Data/Books/Download/ur/pdf/2013/737-1.pdf?fn=khulfa-e-rashideen		
???? ?????? ???? ??? ???? ?????? ????	Al Madina-tul-Ilmiyah	489	https://data2.dawateislami.net/Data/Books/Read/ur/2013/736/bt736.jpg	https://data2.dawateislami.net/Data/Books/Download/ur/pdf/2013/736-1.pdf?fn=shan-e-khatoon-e-jannat		
?????? ????	Al Madina-tul-Ilmiyah	182	https://data2.dawateislami.net/Data/Books/Read/ur/2013/735/bt735.jpg	https://data2.dawateislami.net/Data/Books/Download/ur/pdf/2013/735-1.pdf?fn=khazina-e-rahmat		
??? ??????	Al Madina-tul-Ilmiyah	826	https://data2.dawateislami.net/Data/Books/Read/ur/2013/734/bt734.jpg	https://data2.dawateislami.net/Data/Books/Download/ur/pdf/2013/734-1.pdf?fn=qoot-ul-quloob-jild-1		
????? ????? ?? ????? ????? ?? ?????	Imam-e-Ahl-e-Sunnat Ahmad Raza Khan	0	https://data2.dawateislami.net/Data/Books/Read/ur/2013/686/bt686.jpg	https://data2.dawateislami.net/Data/Books/Download/ur/pdf/2013/686-1.pdf?fn=tamheed-ul-iman		
????? ?? ??? ??????	Ameer-e-Ahl-e-Sunnat	54	https://data2.dawateislami.net/Data/Books/Read/ur/2013/733/bt733.jpg	https://data2.dawateislami.net/Data/Books/Download/ur/pdf/2013/733-1.pdf?fn=shaitan-kay-baaz-hathyar		
?? ????	Al Madina-tul-Ilmiyah	0	https://data2.dawateislami.net/Data/Books/Read/ur/2013/732/bt732.jpg	https://data2.dawateislami.net/Data/Books/Download/ur/pdf/2013/732-1.pdf?fn=aab-e-kausar		
?????? ??????? ??? ?	Ameer-e-Ahl-e-Sunnat	0	https://data2.dawateislami.net/Data/Books/Read/ur/2013/731/bt731.jpg	https://data2.dawateislami.net/Data/Books/Download/ur/pdf/2013/731-1.pdf?fn=bayanaat-e-attariya-hissa-3		
???? ??? ????? ??	Markazi Majlis-e-Shoora	116	https://data2.dawateislami.net/Data/Books/Read/ur/2013/729/bt729.jpg	https://data2.dawateislami.net/Data/Books/Download/ur/pdf/2013/729-1.pdf?fn=hamain-kiya-hogaya-hay		
???? ????? ???	Markazi Majlis-e-Shoora	87	https://data2.dawateislami.net/Data/Books/Read/ur/2013/728/bt728.jpg	https://data2.dawateislami.net/Data/Books/Download/ur/pdf/2013/728-1.pdf?fn=jaame-sharait-peer		
???? ????	Markazi Majlis-e-Shoora	48	https://data2.dawateislami.net/Data/Books/Read/ur/2013/727/bt727.jpg	https://data2.dawateislami.net/Data/Books/Download/ur/pdf/2013/727-1.pdf?fn=kaamil-mureed		
??? ?? ?????? ??? ??	Markazi Majlis-e-Shoora	59	https://data2.dawateislami.net/Data/Books/Read/ur/2013/726/bt726.jpg	https://data2.dawateislami.net/Data/Books/Download/ur/pdf/2013/726-1.pdf?fn=peer-par-aitraz-mana-hay		
??? ?? ?????	Markazi Majlis-e-Shoora	42	https://data2.dawateislami.net/Data/Books/Read/ur/2013/725/bt725.jpg	https://data2.dawateislami.net/Data/Books/Download/ur/pdf/2013/725-1.pdf?fn=maut-ka-tasawwur		
???? ?? ?????	Markazi Majlis-e-Shoora	60	https://data2.dawateislami.net/Data/Books/Read/ur/2013/724/bt724.jpg	https://data2.dawateislami.net/Data/Books/Download/ur/pdf/2013/724-1.pdf?fn=sadqay-ka-inaam		
???? ??? ??? ???????	Hujjat-ul-Islam Maulana Haamid Raza khan	37	https://data2.dawateislami.net/Data/Books/Read/ur/2013/723/bt723.jpg	https://data2.dawateislami.net/Data/Books/Download/ur/pdf/2013/723-1.pdf?fn=bayaz-e-paak-hujjat-ul-islam		
???? ?? ?????	Markazi Majlis-e-Shoora	62	https://data2.dawateislami.net/Data/Books/Read/ur/2013/722/bt722.jpg	https://data2.dawateislami.net/Data/Books/Download/ur/pdf/2013/722-1.pdf?fn=jannat-ka-raasta		
????? ???? ???? ?? ?????? ????	Al Madina-tul-Ilmiyah	22	https://data2.dawateislami.net/Data/Books/Read/ur/2013/721/bt721.jpg	https://data2.dawateislami.net/Data/Books/Download/ur/pdf/2013/721-1.pdf?fn=qaseeda-burda-shareef-say-rohani-ilaj		
????? ???? ?? ??? ??? ???? ?????? ???	Al Madina-tul-Ilmiyah	46	https://data2.dawateislami.net/Data/Books/Read/ur/2013/720/bt720.jpg	https://data2.dawateislami.net/Data/Books/Download/ur/pdf/2013/720-1.pdf?fn=faizan-e-saeed-bin-zaid		
????? ?? ??????? ????	Markazi Majlis-e-Shoora	124	https://data2.dawateislami.net/Data/Books/Read/ur/2013/719/bt719.jpg	https://data2.dawateislami.net/Data/Books/Download/ur/pdf/2013/719-1.pdf?fn=sahabi-ki-infiradi-koshish		
???? ????	Markazi Majlis-e-Shoora	60	https://data2.dawateislami.net/Data/Books/Read/ur/2013/718/bt718.jpg	https://data2.dawateislami.net/Data/Books/Download/ur/pdf/2013/718-1.pdf?fn=maqsad-e-hayat		
???? ????? ?? ????? ??? ?	Al Madina-tul-Ilmiyah	504	https://data2.dawateislami.net/Data/Books/Read/ur/2013/717/bt717.jpg	https://data2.dawateislami.net/Data/Books/Download/ur/pdf/2013/717-1.pdf?fn=allah-walon-ki-batain-jild-2		
?????????? ??? ???? ??????	Al Madina-tul-Ilmiyah	0	https://data2.dawateislami.net/Data/Books/Read/ur/2013/716/bt716.jpg	https://data2.dawateislami.net/Data/Books/Download/ur/pdf/2013/716-1.pdf?fn=kanzul-iman-aur-dawateislami		
???? ???????? ??? ?????? ???????? ??? ????	Mufti Ahmad yar khan Naeemi	0	https://data2.dawateislami.net/Data/Books/Read/ur/2013/715/bt715.jpg	https://data2.dawateislami.net/Data/Books/Download/ur/pdf/2013/715-1.pdf?fn=miraat-ul-manajeeh-sharah-mishkaat-jild-8		
???? ???????? ??? ????? ???????? ??? ????	Mufti Ahmad yar khan Naeemi	457	https://data2.dawateislami.net/Data/Books/Read/ur/2013/714/bt714.jpg	https://data2.dawateislami.net/Data/Books/Download/ur/pdf/2013/714-1.pdf?fn=miraat-ul-manajeeh-sharah-mishkaat-jild-7		
???? ???????? ??? ?????? ???????? ??? ????	Mufti Ahmad yar khan Naeemi	751	https://data2.dawateislami.net/Data/Books/Read/ur/2013/713/bt713.jpg	https://data2.dawateislami.net/Data/Books/Download/ur/pdf/2013/713-1.pdf?fn=miraat-ul-manajeeh-sharah-mishkaat-jild-5		
???? ???????? ??? ?????????????? ??? ?????	Mufti Ahmad yar khan Naeemi	445	https://data2.dawateislami.net/Data/Books/Read/ur/2013/712/bt712.jpg	https://data2.dawateislami.net/Data/Books/Download/ur/pdf/2013/712-1.pdf?fn=miraat-ul-manajeeh-sharah-mishkaat-jild-4		
??? ?????	Al Madina-tul-Ilmiyah	248	https://data2.dawateislami.net/Data/Books/Read/ur/2013/704/bt704.jpg	https://data2.dawateislami.net/Data/Books/Download/ur/pdf/2013/704-1.pdf?fn=faizul-adab		
????? ??????? ?? ??? ????? ???????	Al Madina-tul-Ilmiyah	0	https://data2.dawateislami.net/Data/Books/Read/ur/2013/703/bt703.jpg	https://data2.dawateislami.net/Data/Books/Download/ur/pdf/2013/703-1.pdf?fn=itqan-ul-firaasah-fi-sharah-deewanil-hamasa		
?????? ?????? ????? ?????	Majlis-e-Ifta	612	https://data2.dawateislami.net/Data/Books/Read/ur/2013/701/bt701.jpg	https://data2.dawateislami.net/Data/Books/Download/ur/pdf/2013/701-1.pdf?fn=fatawa-e-ahlesunnat-ahkam-e-zakat		
?????? ??????????????	Al Madina-tul-Ilmiyah	25	https://data2.dawateislami.net/Data/Books/Read/ur/2012/700/bt700.jpg	https://data2.dawateislami.net/Data/Books/Download/ur/pdf/2012/700-1.pdf?fn=tazkira-e-sadr-ul-afazil		
???? ?? ??????	Shaikh-ul-Hadees Allama Abdul Mustafa Al-Aazami	245	https://data2.dawateislami.net/Data/Books/Read/ur/2012/699/bt699.jpg	https://data2.dawateislami.net/Data/Books/Download/ur/pdf/2012/699-1.pdf?fn=bihisht-ki-kunjiyan		
???? ?? ???? ?? ?????	Al Madina-tul-Ilmiyah	0	https://data2.dawateislami.net/Data/Books/Read/ur/2012/698/bt698.jpg	https://data2.dawateislami.net/Data/Books/Download/ur/pdf/2012/698-1.pdf?fn=neki-ki-dawat-kay-fazail		
?????? ?????	Al Madina-tul-Ilmiyah	112	https://data2.dawateislami.net/Data/Books/Read/ur/2012/697/bt697.jpg	https://data2.dawateislami.net/Data/Books/Download/ur/pdf/2012/697-1.pdf?fn=arbaeen-e-hanfiya		
???? ??????	Al Madina-tul-Ilmiyah	150	https://data2.dawateislami.net/Data/Books/Read/ur/2012/696/bt696.jpg	https://data2.dawateislami.net/Data/Books/Download/ur/pdf/2012/696-1.pdf?fn=nisab-ul-mantiq		
????? ? ?????	Imam-e-Ahl-e-Sunnat Ahmad Raza Khan	57	https://data2.dawateislami.net/Data/Books/Read/ur/2012/695/bt695.jpg	https://data2.dawateislami.net/Data/Books/Download/ur/pdf/2012/695-1.pdf?fn=shariat-o-tareeqat		
????	Al Madina-tul-Ilmiyah	232	https://data2.dawateislami.net/Data/Books/Read/ur/2012/694/bt694.jpg	https://data2.dawateislami.net/Data/Books/Download/ur/pdf/2012/694-1.pdf?fn=hirs		
83 ???? ???????	Al Madina-tul-Ilmiyah	34	https://data2.dawateislami.net/Data/Books/Read/ur/2012/692/bt692.jpg	https://data2.dawateislami.net/Data/Books/Download/ur/pdf/2012/692-1.pdf?fn=83-madani-inamaat		
52 ???? ???????	Al Madina-tul-Ilmiyah	23	https://data2.dawateislami.net/Data/Books/Read/ur/2012/691/bt691.jpg	https://data2.dawateislami.net/Data/Books/Download/ur/pdf/2012/691-1.pdf?fn=52-madani-inamaat		
???? ???????? ??? ?????? ???????? ??? ???	Mufti Ahmad yar khan Naeemi	558	https://data2.dawateislami.net/Data/Books/Read/ur/2013/690/bt690.jpg	https://data2.dawateislami.net/Data/Books/Download/ur/pdf/2013/690-1.pdf?fn=miraat-ul-manajeeh-sharah-mishkaat-jild-6		
???? ???????? ??? ?????? ???????? ??? ???	Mufti Ahmad yar khan Naeemi	0	https://data2.dawateislami.net/Data/Books/Read/ur/2013/689/bt689.jpg	https://data2.dawateislami.net/Data/Books/Download/ur/pdf/2013/689-1.pdf?fn=miraat-ul-manajeeh-sharah-mishkaat-jild-3		
???? ???????? ??? ?????? ???????? ??? ???	Mufti Ahmad yar khan Naeemi	0	https://data2.dawateislami.net/Data/Books/Read/ur/2013/688/bt688.jpg	https://data2.dawateislami.net/Data/Books/Download/ur/pdf/2013/688-1.pdf?fn=miraat-ul-manajeeh-sharah-mishkaat-jild-2		
???? ???????? ??? ?????? ???????? ??? ???	Mufti Ahmad yar khan Naeemi	0	https://data2.dawateislami.net/Data/Books/Read/ur/2013/687/bt687.jpg	https://data2.dawateislami.net/Data/Books/Download/ur/pdf/2013/687-1.pdf?fn=miraat-ul-manajeeh-sharah-mishkaat-jild-1		
?????? ????? ?????	Al Madina-tul-Ilmiyah	0	https://data2.dawateislami.net/Data/Books/Read/ur/2012/685/bt685.jpg	https://data2.dawateislami.net/Data/Books/Download/ur/pdf/2012/685-1.pdf?fn=khasiyaat-e-abwab-us-sarf		
???? ??????? ???? ?? ???? ????	Ameer-e-Ahl-e-Sunnat	30	https://data2.dawateislami.net/Data/Books/Read/ur/2012/680/bt680.jpg	https://data2.dawateislami.net/Data/Books/Download/ur/pdf/2012/680-1.pdf?fn=bijli-istemal-karnay-kay-madani-phool		
??? ????? ????? ?? ???	Al Madina-tul-Ilmiyah	32	https://data2.dawateislami.net/Data/Books/Read/ur/2012/679/bt679.jpg	https://data2.dawateislami.net/Data/Books/Download/ur/pdf/2012/679-1.pdf?fn=nashay-baaz-ki-islah-ka-raaz		
?????	Al Madina-tul-Ilmiyah	97	https://data2.dawateislami.net/Data/Books/Read/ur/2012/678/bt678.jpg	https://data2.dawateislami.net/Data/Books/Download/ur/pdf/2012/678-1.pdf?fn=hasad		
??? ?? ???? ??? ???? ????	Ameer-e-Ahl-e-Sunnat	42	https://data2.dawateislami.net/Data/Books/Read/ur/2012/677/bt677.jpg	https://data2.dawateislami.net/Data/Books/Download/ur/pdf/2012/677-1.pdf?fn=qasam-kay-baray-main-madani-phool		
???? ?????? ??? ???? ??????? ???? 5 ?????	Mufti Muhammad Shareef-ul-Haq Amjadi	0	https://data2.dawateislami.net/Data/Books/Read/ur/2012/675/bt675.jpg	https://data2.dawateislami.net/Data/Books/Download/ur/pdf/2012/675-1.pdf?fn=nuzhat-ul-qari-mukammal-5-jild		
???? ?????? ??? ???? ??????? ??? 5	Mufti Muhammad Shareef-ul-Haq Amjadi	0	https://data2.dawateislami.net/Data/Books/Read/ur/2012/674/bt674.jpg	https://data2.dawateislami.net/Data/Books/Download/ur/pdf/2012/674-1.pdf?fn=nuzhat-ul-qari-sharah-sahih-al-bukhari-jild-5		
???? ?????? ??? ???? ??????? ??? 4	Mufti Muhammad Shareef-ul-Haq Amjadi	0	https://data2.dawateislami.net/Data/Books/Read/ur/2012/673/bt673.jpg	https://data2.dawateislami.net/Data/Books/Download/ur/pdf/2012/673-1.pdf?fn=nuzhat-ul-qari-sharah-sahih-al-bukhari-jild-4		
???? ?????? ??? ???? ??????? ??? 3	Mufti Muhammad Shareef-ul-Haq Amjadi	0	https://data2.dawateislami.net/Data/Books/Read/ur/2012/672/bt672.jpg	https://data2.dawateislami.net/Data/Books/Download/ur/pdf/2012/672-1.pdf?fn=nuzhat-ul-qari-sharah-sahih-al-bukhari-jild-3		
???? ?????? ??? ???? ??????? ??? 2	Mufti Muhammad Shareef-ul-Haq Amjadi	0	https://data2.dawateislami.net/Data/Books/Read/ur/2012/671/bt671.jpg	https://data2.dawateislami.net/Data/Books/Download/ur/pdf/2012/671-1.pdf?fn=nuzhat-ul-qari-sharah-sahih-al-bukhari-jild-2		
???? ?????? ??? ???? ??????? ??? 1	Mufti Muhammad Shareef-ul-Haq Amjadi	0	https://data2.dawateislami.net/Data/Books/Read/ur/2012/670/bt670.jpg	https://data2.dawateislami.net/Data/Books/Download/ur/pdf/2012/670-1.pdf?fn=nuzhat-ul-qari-sharah-sahih-al-bukhari-jild-1		
?????? ???? ?? 130 ?????? ?? ??? ????? ?? ???????	Ameer-e-Ahl-e-Sunnat	328	https://data2.dawateislami.net/Data/Books/Read/ur/2012/669/bt669.jpg	https://data2.dawateislami.net/Data/Books/Download/ur/pdf/2012/669-1.pdf?fn=aashiqan-e-rasool-ki-130-hikayaat		
?????? ??? ???	Ameer-e-Ahl-e-Sunnat	98	https://data2.dawateislami.net/Data/Books/Read/ur/2012/668/bt668.jpg	https://data2.dawateislami.net/Data/Books/Download/ur/pdf/2012/668-1.pdf?fn=karamaat-e-sher-e-khuda		
???? ??????	Al Madina-tul-Ilmiyah	192	https://data2.dawateislami.net/Data/Books/Read/ur/2012/667/bt667.jpg	https://data2.dawateislami.net/Data/Books/Download/ur/pdf/2012/667-1.pdf?fn=aasan-nekiyan		
???? ????? ?????????? ?? ??? ??? ???? ?????? ???	Al Madina-tul-Ilmiyah	0	https://data2.dawateislami.net/Data/Books/Read/ur/2012/666/bt666.jpg	https://data2.dawateislami.net/Data/Books/Download/ur/pdf/2012/666-1.pdf?fn=hazrat-sayyiduna-abdur-rehman-bin-auf		
????? ?? ???? ??? ???? ????	Ameer-e-Ahl-e-Sunnat	60	https://data2.dawateislami.net/Data/Books/Read/ur/2012/665/bt665.jpg	https://data2.dawateislami.net/Data/Books/Download/ur/pdf/2012/665-1.pdf?fn=akhbar-kay-baray-main-sawal-jawab		
???? ???? ?? ?????	Imam-e-Ahl-e-Sunnat Ahmad Raza Khan	59	https://data2.dawateislami.net/Data/Books/Read/ur/2012/661/bt661.jpg	https://data2.dawateislami.net/Data/Books/Download/ur/pdf/2012/661-1.pdf?fn=saboot-e-hilal-kay-tariqay		
?????? ?????? ?? ??????	Al Madina-tul-Ilmiyah	19	https://data2.dawateislami.net/Data/Books/Read/ur/2012/658/bt658.jpg	https://data2.dawateislami.net/Data/Books/Download/ur/pdf/2012/658-1.pdf?fn=mazarat-e-auliya-ki-hikayaat		
??? ?? ??????	Al Madina-tul-Ilmiyah	18	https://data2.dawateislami.net/Data/Books/Read/ur/2012/657/bt657.jpg	https://data2.dawateislami.net/Data/Books/Download/ur/pdf/2012/657-1.pdf?fn=kafan-ki-salamti		
???? ?????????	Ameer-e-Ahl-e-Sunnat	42	https://data2.dawateislami.net/Data/Books/Read/ur/2012/655/bt655.jpg	https://data2.dawateislami.net/Data/Books/Download/ur/pdf/2012/655-1.pdf?fn=rafiq-ul-mutamirin		
?????	Al Madina-tul-Ilmiyah	25	https://data2.dawateislami.net/Data/Books/Read/ur/2012/654/bt654.jpg	https://data2.dawateislami.net/Data/Books/Download/ur/pdf/2012/654-1.pdf?fn=zakat		
????? ???? ???? ?? ????? ??? ????? ??????	Al Madina-tul-Ilmiyah	0	https://data2.dawateislami.net/Data/Books/Read/ur/2012/652/bt652.jpg	https://data2.dawateislami.net/Data/Books/Download/ur/pdf/2012/652-1.pdf?fn=faizan-e-yaseen-shareef-ma-dua-e-nisf		
???? ???? ?? ???	Al Madina-tul-Ilmiyah	32	https://data2.dawateislami.net/Data/Books/Read/ur/2012/651/bt651.jpg	https://data2.dawateislami.net/Data/Books/Download/ur/pdf/2012/651-1.pdf?fn=kalay-bicho-ka-khof		
???? ???? ???? ?? ?????? ??????	Imam-e-Ahl-e-Sunnat Ahmad Raza Khan	95	https://data2.dawateislami.net/Data/Books/Read/ur/2012/649/bt649.jpg	https://data2.dawateislami.net/Data/Books/Download/ur/pdf/2012/649-1.pdf?fn=nisab-e-usool-e-hadees-ma-ifadaat-e-razawiya		
????? ??????	Al Madina-tul-Ilmiyah	468	https://data2.dawateislami.net/Data/Books/Read/ur/2012/648/bt648.jpg	https://data2.dawateislami.net/Data/Books/Download/ur/pdf/2012/648-1.pdf?fn=anwaar-ul-hadees		
???? ????? ??? ?? ??? ???? ??? ???? ?????? ???	Al Madina-tul-Ilmiyah	89	https://data2.dawateislami.net/Data/Books/Read/ur/2012/647/bt647.jpg	https://data2.dawateislami.net/Data/Books/Download/ur/pdf/2012/647-1.pdf?fn=hazrat-sayyiduna-saad-bin-abi-waqas		
????? ????? ????	Al Madina-tul-Ilmiyah	724	https://data2.dawateislami.net/Data/Books/Read/ur/2012/646/bt646.jpg	https://data2.dawateislami.net/Data/Books/Download/ur/pdf/2012/646-1.pdf?fn=faizan-e-siddiq-e-akbar		
????? ?? ????	Al Madina-tul-Ilmiyah	32	https://data2.dawateislami.net/Data/Books/Read/ur/2012/645/bt645.jpg	https://data2.dawateislami.net/Data/Books/Download/ur/pdf/2012/645-1.pdf?fn=jinnon-ki-dunya		
????? ??? ???? ?? ???	Al Madina-tul-Ilmiyah	32	https://data2.dawateislami.net/Data/Books/Read/ur/2012/644/bt644.jpg	https://data2.dawateislami.net/Data/Books/Download/ur/pdf/2012/644-1.pdf?fn=dancer-naat-khuwan-ban-gaya		
????? ?? ?????? ????? ? ??? ?	Al Madina-tul-Ilmiyah	45	https://data2.dawateislami.net/Data/Books/Read/ur/2012/643/bt643.jpg	https://data2.dawateislami.net/Data/Books/Download/ur/pdf/2012/643-1.pdf?fn=islam-ki-bunyadi-batain-part-02		
???? ????? ???? ??????	Al Madina-tul-Ilmiyah	32	https://data2.dawateislami.net/Data/Books/Read/ur/2012/642/bt642.jpg	https://data2.dawateislami.net/Data/Books/Download/ur/pdf/2012/642-1.pdf?fn=break-dancer-kaisay-sudhra		
??? ?? ???? ????? ???? ??? ????	Al Madina-tul-Ilmiyah	32	https://data2.dawateislami.net/Data/Books/Read/ur/2012/641/bt641.jpg	https://data2.dawateislami.net/Data/Books/Download/ur/pdf/2012/641-1.pdf?fn=mene-video-center-kyun-band-kiya		
?????? ???? ???? ????	Al Madina-tul-Ilmiyah	32	https://data2.dawateislami.net/Data/Books/Read/ur/2012/640/bt640.jpg	https://data2.dawateislami.net/Data/Books/Download/ur/pdf/2012/640-1.pdf?fn=noorani-chehray-walay-buzurg		
?????? ???? ??????	Al Madina-tul-Ilmiyah	32	https://data2.dawateislami.net/Data/Books/Read/ur/2012/639/bt639.jpg	https://data2.dawateislami.net/Data/Books/Download/ur/pdf/2012/639-1.pdf?fn=gulukar-kaisay-sudhra		
???? ?????? ???	Al Madina-tul-Ilmiyah	32	https://data2.dawateislami.net/Data/Books/Read/ur/2012/638/bt638.jpg	https://data2.dawateislami.net/Data/Books/Download/ur/pdf/2012/638-1.pdf?fn=ajeeb-ul-khilqat-bachi		
???? ??? ????	Al Madina-tul-Ilmiyah	48	https://data2.dawateislami.net/Data/Books/Read/ur/2012/637/bt637.jpg	https://data2.dawateislami.net/Data/Books/Download/ur/pdf/2012/637-1.pdf?fn=ghairat-mand-shohar		
????? ?????? ??? ???	Al Madina-tul-Ilmiyah	1124	https://data2.dawateislami.net/Data/Books/Read/ur/2012/635/bt635.jpg	https://data2.dawateislami.net/Data/Books/Download/ur/pdf/2012/635-1.pdf?fn=ihya-ul-uloom-jild-1		
??? ???? ?? ???????	Al Madina-tul-Ilmiyah	168	https://data2.dawateislami.net/Data/Books/Read/ur/2012/634/bt634.jpg	https://data2.dawateislami.net/Data/Books/Download/ur/pdf/2012/634-1.pdf?fn=jald-bazi-kay-nuqsanat		
??? ?????? ???? ???	Al Madina-tul-Ilmiyah	32	https://data2.dawateislami.net/Data/Books/Read/ur/2012/633/bt633.jpg	https://data2.dawateislami.net/Data/Books/Download/ur/pdf/2012/633-1.pdf?fn=main-hayadar-kesay-bani		
????? ????	Al Madina-tul-Ilmiyah	32	https://data2.dawateislami.net/Data/Books/Read/ur/2012/632/bt632.jpg	https://data2.dawateislami.net/Data/Books/Download/ur/pdf/2012/632-1.pdf?fn=nadan-aashiq		
???? ??? ????? ?? ???? ??? ???? ?????? ???	Al Madina-tul-Ilmiyah	0	https://data2.dawateislami.net/Data/Books/Read/ur/2012/631/bt631.jpg	https://data2.dawateislami.net/Data/Books/Download/ur/pdf/2012/631-1.pdf?fn=hazrat-abu-ubaidah-bin-jarah		
????? ??? ?? ??????	Al Madina-tul-Ilmiyah	32	https://data2.dawateislami.net/Data/Books/Read/ur/2012/630/bt630.jpg	https://data2.dawateislami.net/Data/Books/Download/ur/pdf/2012/630-1.pdf?fn=cinema-ghar-ka-shedai		
???? ???? ?? ???? ??? ????? ? ?????? ?? ?????? ?? ???????? ??? 6	Al Madina-tul-Ilmiyah	48	https://data2.dawateislami.net/Data/Books/Read/ur/2012/629/bt629.jpg	https://data2.dawateislami.net/Data/Books/Download/ur/pdf/2012/629-1.pdf?fn=madani-channel-kay-baray-main-tasurat-qist-6		
???? ?????	Al Madina-tul-Ilmiyah	287	https://data2.dawateislami.net/Data/Books/Read/ur/2012/628/bt628.jpg	https://data2.dawateislami.net/Data/Books/Download/ur/pdf/2012/628-1.pdf?fn=nisab-ul-nahw		
? 152 ???? ???? ??????	Al Madina-tul-Ilmiyah	326	https://data2.dawateislami.net/Data/Books/Read/ur/2012/627/bt627.jpg	https://data2.dawateislami.net/Data/Books/Download/ur/pdf/2012/627-1.pdf?fn=152-rahmat-bhari-hikayaat		
????? ????	Al Madina-tul-Ilmiyah	49	https://data2.dawateislami.net/Data/Books/Read/ur/2012/626/bt626.jpg	https://data2.dawateislami.net/Data/Books/Download/ur/pdf/2012/626-1.pdf?fn=faizan-e-namaaz		
??? ???? ??? ??	Ameer-e-Ahl-e-Sunnat	27	https://data2.dawateislami.net/Data/Books/Read/ur/2012/625/bt625.jpg	https://data2.dawateislami.net/Data/Books/Download/ur/pdf/2012/625-1.pdf?fn=noor-wala-aaya-hay		
19???? ? ????	Al Madina-tul-Ilmiyah	16	https://data2.dawateislami.net/Data/Books/Read/ur/2012/624/bt624.jpg	https://data2.dawateislami.net/Data/Books/Download/ur/pdf/2012/624-1.pdf?fn=19-durood-o-salam		
???? ????? ??? ?? ????????? ???? ???????? ?????? ?? 425 ??????	Al Madina-tul-Ilmiyah	590	https://data2.dawateislami.net/Data/Books/Read/ur/2012/623/bt623.jpg	https://data2.dawateislami.net/Data/Books/Download/ur/pdf/2012/623-1.pdf?fn=umar-bin-abdul-aziz-ki-425-hikiyaat		
??? ???? ??? ????? ?? ?????	Al Madina-tul-Ilmiyah	750	https://data2.dawateislami.net/Data/Books/Read/ur/2012/622/bt622.jpg	https://data2.dawateislami.net/Data/Books/Download/ur/pdf/2012/622-1.pdf?fn=naik-bannay-aur-bananay-kay-tariqay		
????? ????? ?? ???? ??? ???? ????	Ameer-e-Ahl-e-Sunnat	23	https://data2.dawateislami.net/Data/Books/Read/ur/2012/621/bt621.jpg	https://data2.dawateislami.net/Data/Books/Download/ur/pdf/2012/621-1.pdf?fn=goongay-behron-kay-baray-main-sawal-jawab		
??? ??? ???? ????	Al Madina-tul-Ilmiyah	33	https://data2.dawateislami.net/Data/Books/Read/ur/2012/620/bt620.jpg	https://data2.dawateislami.net/Data/Books/Download/ur/pdf/2012/620-1.pdf?fn=main-naik-kesay-bana		
????? ?? ????	Al Madina-tul-Ilmiyah	33	https://data2.dawateislami.net/Data/Books/Read/ur/2012/619/bt619.jpg	https://data2.dawateislami.net/Data/Books/Download/ur/pdf/2012/619-1.pdf?fn=sharabi-ki-toba		
?????? ?????? ???? ???	Al Madina-tul-Ilmiyah	32	https://data2.dawateislami.net/Data/Books/Read/ur/2012/618/bt618.jpg	https://data2.dawateislami.net/Data/Books/Download/ur/pdf/2012/618-1.pdf?fn=khofnak-daanton-wala-bacha		
???? ?? ???????? ?? ??? ???? ??????	Al Madina-tul-Ilmiyah	0	https://data2.dawateislami.net/Data/Books/Read/ur/2012/616/bt616.jpg	https://data2.dawateislami.net/Data/Books/Download/ur/pdf/2012/616-1.pdf?fn=jannat-kay-talabgaron-kay-liye-madani-guldasta		
????? ?????	Al Madina-tul-Ilmiyah	32	https://data2.dawateislami.net/Data/Books/Read/ur/2012/615/bt615.jpg	https://data2.dawateislami.net/Data/Books/Download/ur/pdf/2012/615-1.pdf?fn=gumshuda-dulha		
92 ???? ???????	Al Madina-tul-Ilmiyah	35	https://data2.dawateislami.net/Data/Books/Read/ur/2011/614/bt614.jpg	https://data2.dawateislami.net/Data/Books/Download/ur/pdf/2011/614-1.pdf?fn=92-madani-inamaat		
????? ??????	Ameer-e-Ahl-e-Sunnat	48	https://data2.dawateislami.net/Data/Books/Read/ur/2011/613/bt613.jpg	https://data2.dawateislami.net/Data/Books/Download/ur/pdf/2011/613-1.pdf?fn=khamosh-shehzada		
?????? ?????? - ?????????? ?? ????? ???????	Imam-e-Ahl-e-Sunnat Ahmad Raza Khan	1220	https://data2.dawateislami.net/Data/Books/Read/ur/2011/612/bt612.jpg	https://data2.dawateislami.net/Data/Books/Download/ur/pdf/2011/612-1.pdf?fn=al-quran-ul-kareem-kanzul-iman-ma-khazain-ul-irfan		
?? ? ???? ?? ????? ?????	Al Madina-tul-Ilmiyah	17	https://data2.dawateislami.net/Data/Books/Read/ur/2011/552/bt552.jpg	https://data2.dawateislami.net/Data/Books/Download/ur/pdf/2011/552-1.pdf?fn=hajj-o-umrah-ka-mukhtasar-tariqa		
???? ??? ?? ???? ???? ????? ??? 2	Al Madina-tul-Ilmiyah	0	https://data2.dawateislami.net/Data/Books/Read/ur/2011/610/bt610.jpg	https://data2.dawateislami.net/Data/Books/Download/ur/pdf/2011/610-1.pdf?fn=jahannam-main-lay-janay-walay-amaal-jild-2		
????? ???? ?? ???? ????	Markazi Majlis-e-Shoora	56	https://data2.dawateislami.net/Data/Books/Read/ur/2011/609/bt609.jpg	https://data2.dawateislami.net/Data/Books/Download/ur/pdf/2011/609-1.pdf?fn=faisla-karnay-kay-madani-phool		
????? ????	Markazi Majlis-e-Shoora	48	https://data2.dawateislami.net/Data/Books/Read/ur/2011/608/bt608.jpg	https://data2.dawateislami.net/Data/Books/Download/ur/pdf/2011/608-1.pdf?fn=pyaray-murshid		
???? ????? ???? ?? ????? ??? ???? ?????? ???	Al Madina-tul-Ilmiyah	72	https://data2.dawateislami.net/Data/Books/Read/ur/2011/607/bt607.jpg	https://data2.dawateislami.net/Data/Books/Download/ur/pdf/2011/607-1.pdf?fn=hazrat-e-sayyiduna-zubair-bin-awwam		
??????? ?? ???	Markazi Majlis-e-Shoora	109	https://data2.dawateislami.net/Data/Books/Read/ur/2011/606/bt606.jpg	https://data2.dawateislami.net/Data/Books/Download/ur/pdf/2011/606-1.pdf?fn=buraiyon-ki-maa		
????? ???? ????? ???? ? ?????	Majlis e Tauqeet	0	https://data2.dawateislami.net/Data/Books/Read/ur/2011/605/bt605.jpg	https://data2.dawateislami.net/Data/Books/Download/ur/pdf/2011/605-1.pdf?fn=auqat-e-namaz-baraye-makka-o-madina		
???? ?????	Al Madina-tul-Ilmiyah	0	https://data2.dawateislami.net/Data/Books/Read/ur/2011/604/bt604.jpg	https://data2.dawateislami.net/Data/Books/Download/ur/pdf/2011/604-1.pdf?fn=nisab-ul-adab		
???? ??? ???	Al Madina-tul-Ilmiyah	124	https://data2.dawateislami.net/Data/Books/Read/ur/2011/603/bt603.jpg	https://data2.dawateislami.net/Data/Books/Download/ur/pdf/2011/603-1.pdf?fn=achay-buray-aamal		
????? ?????	Al Madina-tul-Ilmiyah	866	https://data2.dawateislami.net/Data/Books/Read/ur/2011/602/bt602.jpg	https://data2.dawateislami.net/Data/Books/Download/ur/pdf/2011/602-1.pdf?fn=islah-e-amaal		
???? ?????? ?? ????????	Al Madina-tul-Ilmiyah	44	https://data2.dawateislami.net/Data/Books/Read/ur/2011/601/bt601.jpg	https://data2.dawateislami.net/Data/Books/Download/ur/pdf/2011/601-1.pdf?fn=huquq-ul-ibad-ki-ehtiyatain		
???? ?? ????	Ameer-e-Ahl-e-Sunnat	616	https://data2.dawateislami.net/Data/Books/Read/ur/2011/597/bt597.jpg	https://data2.dawateislami.net/Data/Books/Download/ur/pdf/2011/597-1.pdf?fn=neki-ki-dawat		
??? ?? ???? ?? ?????	Ameer-e-Ahl-e-Sunnat	16	https://data2.dawateislami.net/Data/Books/Read/ur/2011/594/bt594.jpg	https://data2.dawateislami.net/Data/Books/Download/ur/pdf/2011/594-1.pdf?fn=wazan-kam-karnay-ka-tariqa		
????? ???? ??????	Al Madina-tul-Ilmiyah	144	https://data2.dawateislami.net/Data/Books/Read/ur/2011/593/bt593.jpg	https://data2.dawateislami.net/Data/Books/Download/ur/pdf/2011/593-1.pdf?fn=talkhees-usool-ul-shashi		
??? ????? ?? ?????	Al Madina-tul-Ilmiyah	32	https://data2.dawateislami.net/Data/Books/Read/ur/2011/592/bt592.jpg	https://data2.dawateislami.net/Data/Books/Download/ur/pdf/2011/592-1.pdf?fn=khush-naseebi-ki-kirnain		
??? ?????? ?? ????	Al Madina-tul-Ilmiyah	32	https://data2.dawateislami.net/Data/Books/Read/ur/2011/591/bt591.jpg	https://data2.dawateislami.net/Data/Books/Download/ur/pdf/2011/591-1.pdf?fn=chand-ghariyon-ka-sauda		
??? ?????	Al Madina-tul-Ilmiyah	98	https://data2.dawateislami.net/Data/Books/Read/ur/2011/590/bt590.jpg	https://data2.dawateislami.net/Data/Books/Download/ur/pdf/2011/590-1.pdf?fn=husn-e-akhlaq		
?????? ???? ?? ??????	Al Madina-tul-Ilmiyah	97	https://data2.dawateislami.net/Data/Books/Read/ur/2011/589/bt589.jpg	https://data2.dawateislami.net/Data/Books/Download/ur/pdf/2011/589-1.pdf?fn=aashiqan-e-hadees-ki-hikayaat		
??????? ?? ???? ????	Al Madina-tul-Ilmiyah	54	https://data2.dawateislami.net/Data/Books/Read/ur/2011/588/bt588.jpg	https://data2.dawateislami.net/Data/Books/Download/ur/pdf/2011/588-1.pdf?fn=nasihaton-kay-madani-phool		
???? ????? ????? ?? ???? ???? ??? ???? ?????? ???	Al Madina-tul-Ilmiyah	56	https://data2.dawateislami.net/Data/Books/Read/ur/2011/587/bt587.jpg	https://data2.dawateislami.net/Data/Books/Download/ur/pdf/2011/587-1.pdf?fn=hazrat-sayyiduna-talha-bin-ubaidullah		
???? ????? ?? ????? ??	Al Madina-tul-Ilmiyah	32	https://data2.dawateislami.net/Data/Books/Read/ur/2011/586/bt586.jpg	https://data2.dawateislami.net/Data/Books/Download/ur/pdf/2011/586-1.pdf?fn=qatil-imamat-ke-musalle-par		
????? ??????	Al Madina-tul-Ilmiyah	246	https://data2.dawateislami.net/Data/Books/Read/ur/2011/585/bt585.jpg	https://data2.dawateislami.net/Data/Books/Download/ur/pdf/2011/585-1.pdf?fn=muntakhab-hadeesen		
?????? ?? ????	Al Madina-tul-Ilmiyah	32	https://data2.dawateislami.net/Data/Books/Read/ur/2011/584/bt584.jpg	https://data2.dawateislami.net/Data/Books/Download/ur/pdf/2011/584-1.pdf?fn=aankhon-ka-tara		
??? ????? ?? ????????	Ameer-e-Ahl-e-Sunnat	22	https://data2.dawateislami.net/Data/Books/Read/ur/2011/583/bt583.jpg	https://data2.dawateislami.net/Data/Books/Download/ur/pdf/2011/583-1.pdf?fn=kafan-choron-kay-inkishafat		
163 ???? ????	Ameer-e-Ahl-e-Sunnat	40	https://data2.dawateislami.net/Data/Books/Read/ur/2011/582/bt582.jpg	https://data2.dawateislami.net/Data/Books/Download/ur/pdf/2011/582-1.pdf?fn=163-madani-phool		
??????? ???? ?? ?????	Al Madina-tul-Ilmiyah	32	https://data2.dawateislami.net/Data/Books/Read/ur/2011/581/bt581.jpg	https://data2.dawateislami.net/Data/Books/Download/ur/pdf/2011/581-1.pdf?fn=aghwa-shuda-bachon-ki-wapsi		
??? ?? ???? ?? ????	Al Madina-tul-Ilmiyah	0	https://data2.dawateislami.net/Data/Books/Read/ur/2011/580/bt580.jpg	https://data2.dawateislami.net/Data/Books/Download/ur/pdf/2011/580-1.pdf?fn=wali-say-nisbat-ki-barkat		
?? ????? ?? ????	Al Madina-tul-Ilmiyah	32	https://data2.dawateislami.net/Data/Books/Read/ur/2011/579/bt579.jpg	https://data2.dawateislami.net/Data/Books/Download/ur/pdf/2011/579-1.pdf?fn=bad-kirdar-ki-tauba		
????? ????? ???? ???	Al Madina-tul-Ilmiyah	48	https://data2.dawateislami.net/Data/Books/Read/ur/2011/578/bt578.jpg	https://data2.dawateislami.net/Data/Books/Download/ur/pdf/2011/578-1.pdf?fn=sharabi-muazzin-kaisay-bana		
?? ????? ?? ????? ?? ???	Al Madina-tul-Ilmiyah	32	https://data2.dawateislami.net/Data/Books/Read/ur/2011/577/bt577.jpg	https://data2.dawateislami.net/Data/Books/Download/ur/pdf/2011/577-1.pdf?fn=chal-madina-ki-saadat-mil-gayi		
??????? ???????	Imam-e-Ahl-e-Sunnat Ahmad Raza Khan	46	https://data2.dawateislami.net/Data/Books/Read/ur/2011/576/bt576.jpg	https://data2.dawateislami.net/Data/Books/Download/ur/pdf/2011/576-1.pdf?fn=al-wazifa-tul-karima		
??? ??? ??? ???? ????	Al Madina-tul-Ilmiyah	115	https://data2.dawateislami.net/Data/Books/Read/ur/2011/575/bt575.jpg	https://data2.dawateislami.net/Data/Books/Download/ur/pdf/2011/575-1.pdf?fn=qabar-main-aanay-wala-dost		
??????? ?? ?? ??????	Al Madina-tul-Ilmiyah	32	https://data2.dawateislami.net/Data/Books/Read/ur/2011/574/bt574.jpg	https://data2.dawateislami.net/Data/Books/Download/ur/pdf/2011/574-1.pdf?fn=musical-show-ka-matwala		
????? ????	Al Madina-tul-Ilmiyah	32	https://data2.dawateislami.net/Data/Books/Read/ur/2011/572/bt572.jpg	https://data2.dawateislami.net/Data/Books/Download/ur/pdf/2011/572-1.pdf?fn=nakam-aashiq		
????? ?? ???? ?? ????	Al Madina-tul-Ilmiyah	32	https://data2.dawateislami.net/Data/Books/Read/ur/2011/571/bt571.jpg	https://data2.dawateislami.net/Data/Books/Download/ur/pdf/2011/571-1.pdf?fn=modern-naujawan-ki-tauba		
????? ????	Ameer-e-Ahl-e-Sunnat	26	https://data2.dawateislami.net/Data/Books/Read/ur/2011/570/bt570.jpg	https://data2.dawateislami.net/Data/Books/Download/ur/pdf/2011/570-1.pdf?fn=faizan-e-jumma		
????? ??? ????? ??? ???? ?????? ???	Markazi Majlis-e-Shoora	75	https://data2.dawateislami.net/Data/Books/Read/ur/2011/569/bt569.jpg	https://data2.dawateislami.net/Data/Books/Download/ur/pdf/2011/569-1.pdf?fn=seerat-e-sayyiduna-abu-darda		
????? ?? ???	Al Madina-tul-Ilmiyah	32	https://data2.dawateislami.net/Data/Books/Read/ur/2011/568/bt568.jpg	https://data2.dawateislami.net/Data/Books/Download/ur/pdf/2011/568-1.pdf?fn=islah-ka-raaz		
??? ?? ?????	Al Madina-tul-Ilmiyah	15	https://data2.dawateislami.net/Data/Books/Read/ur/2011/567/bt567.jpg	https://data2.dawateislami.net/Data/Books/Download/ur/pdf/2011/567-1.pdf?fn=shukr-kay-fazail		
????? ?? ?????	Ameer-e-Ahl-e-Sunnat	44	https://data2.dawateislami.net/Data/Books/Read/ur/2011/566/bt566.jpg	https://data2.dawateislami.net/Data/Books/Download/ur/pdf/2011/566-1.pdf?fn=madinay-ki-machli		
????? ??????? ??????	Al Madina-tul-Ilmiyah	148	https://data2.dawateislami.net/Data/Books/Read/ur/2011/565/bt565.jpg	https://data2.dawateislami.net/Data/Books/Download/ur/pdf/2011/565-1.pdf?fn=faizan-e-mazarat-e-auliya		
??? ?? ?????	Ameer-e-Ahl-e-Sunnat	26	https://data2.dawateislami.net/Data/Books/Read/ur/2011/564/bt564.jpg	https://data2.dawateislami.net/Data/Books/Download/ur/pdf/2011/564-1.pdf?fn=ghusl-ka-tariqa		
???? ????? ??? ?	Al Madina-tul-Ilmiyah	0	https://data2.dawateislami.net/Data/Books/Read/ur/2011/563/bt563.jpg	https://data2.dawateislami.net/Data/Books/Download/ur/pdf/2011/563-1.pdf?fn=bahar-e-shariat-jild-3		
????? ?????? ???? ????	Al Madina-tul-Ilmiyah	32	https://data2.dawateislami.net/Data/Books/Read/ur/2011/562/bt562.jpg	https://data2.dawateislami.net/Data/Books/Download/ur/pdf/2011/562-1.pdf?fn=chamakti-aankhon-walay-buzurg		
?????? ??????	Ameer-e-Ahl-e-Sunnat	26	https://data2.dawateislami.net/Data/Books/Read/ur/2011/561/bt561.jpg	https://data2.dawateislami.net/Data/Books/Download/ur/pdf/2011/561-1.pdf?fn=khofnak-jadugar		
??? ??? ?? ?? ????	Markazi Majlis-e-Shoora	92	https://data2.dawateislami.net/Data/Books/Read/ur/2011/560/bt560.jpg	https://data2.dawateislami.net/Data/Books/Download/ur/pdf/2011/560-1.pdf?fn=sood-aur-us-ka-ilaj		
????? ??? ?? ?? ????	Ameer-e-Ahl-e-Sunnat	59	https://data2.dawateislami.net/Data/Books/Read/ur/2011/559/bt559.jpg	https://data2.dawateislami.net/Data/Books/Download/ur/pdf/2011/559-1.pdf?fn=waswasay-aur-in-ka-ilaj		
?????? ???? ??? ???? ????	Al Madina-tul-Ilmiyah	33	https://data2.dawateislami.net/Data/Books/Read/ur/2010/556/bt556.jpg	https://data2.dawateislami.net/Data/Books/Download/ur/pdf/2010/556-1.pdf?fn=mukhalifat-muhabbat-main-kaisay-badli		
????? ?????	Ameer-e-Ahl-e-Sunnat	2	https://data2.dawateislami.net/Data/Books/Read/ur/2010/555/bt555.jpg	https://data2.dawateislami.net/Data/Books/Download/ur/pdf/2010/555-1.pdf?fn=hussaini-dulha		
????? ???? ?????	Ameer-e-Ahl-e-Sunnat	20	https://data2.dawateislami.net/Data/Books/Read/ur/2010/553/bt553.jpg	https://data2.dawateislami.net/Data/Books/Download/ur/pdf/2010/553-1.pdf?fn=sayyidi-qutb-e-madina		
?????? ?? ?????	Ameer-e-Ahl-e-Sunnat	20	https://data2.dawateislami.net/Data/Books/Read/ur/2010/551/bt551.jpg	https://data2.dawateislami.net/Data/Books/Download/ur/pdf/2010/551-1.pdf?fn=istinja-ka-tariqa		
?????? ????? ?????	Ameer-e-Ahl-e-Sunnat	16	https://data2.dawateislami.net/Data/Books/Read/ur/2010/550/bt550.jpg	https://data2.dawateislami.net/Data/Books/Download/ur/pdf/2010/550-1.pdf?fn=aarzoo-e-deedar-e-madina		
???? ???????	Ameer-e-Ahl-e-Sunnat	342	https://data2.dawateislami.net/Data/Books/Read/ur/2010/549/bt549.jpg	https://data2.dawateislami.net/Data/Books/Download/ur/pdf/2010/549-1.pdf?fn=rafiq-ul-haramain		
??? ? ???? ?? 125 ???? ????	Al Madina-tul-Ilmiyah	102	https://data2.dawateislami.net/Data/Books/Read/ur/2010/548/bt548.jpg	https://data2.dawateislami.net/Data/Books/Download/ur/pdf/2010/548-1.pdf?fn=ilm-o-hikmat-kay-125-madani-phool		
???? ??? ?? ?????	Ameer-e-Ahl-e-Sunnat	10	https://data2.dawateislami.net/Data/Books/Read/ur/2010/547/bt547.jpg	https://data2.dawateislami.net/Data/Books/Download/ur/pdf/2010/547-1.pdf?fn=namaz-e-eid-ka-tariqa		
?????? ????	Ameer-e-Ahl-e-Sunnat	32	https://data2.dawateislami.net/Data/Books/Read/ur/2010/546/bt546.jpg	https://data2.dawateislami.net/Data/Books/Download/ur/pdf/2010/546-1.pdf?fn=samandari-gumbad		
????? ?? ?????	Ameer-e-Ahl-e-Sunnat	40	https://data2.dawateislami.net/Data/Books/Read/ur/2010/545/bt545.jpg	https://data2.dawateislami.net/Data/Books/Download/ur/pdf/2010/545-1.pdf?fn=khazanay-kay-ambaar		
???? ?????? ?? ???????	Markazi Majlis-e-Shoora	0	https://data2.dawateislami.net/Data/Books/Read/ur/2010/543/bt543.jpg	https://data2.dawateislami.net/Data/Books/Download/ur/pdf/2010/543-1.pdf?fn=dawateislami-ka-taaruf		
???????? ?? 25 ??????	Ameer-e-Ahl-e-Sunnat	48	https://data2.dawateislami.net/Data/Books/Read/ur/2010/542/bt542.jpg	https://data2.dawateislami.net/Data/Books/Download/ur/pdf/2010/542-1.pdf?fn=qabr-waalon-ki-25-hikayaat		
????? ?? ?????	Ameer-e-Ahl-e-Sunnat	38	https://data2.dawateislami.net/Data/Books/Read/ur/2010/541/bt541.jpg	https://data2.dawateislami.net/Data/Books/Download/ur/pdf/2010/541-1.pdf?fn=ashkon-ki-barsat		
??? ?? ?????	Ameer-e-Ahl-e-Sunnat	5	https://data2.dawateislami.net/Data/Books/Read/ur/2010/540/bt540.jpg	https://data2.dawateislami.net/Data/Books/Download/ur/pdf/2010/540-1.pdf?fn=aaqa-ka-mahina	https://data2.dawateislami.net/download/islam/ur/mp3/2019/65007.mp3	https://data2.dawateislami.net/download/islam/ur/mp3/2019/65007.mp3?fn=%D8%A2%D9%82%D8%A7%20%DA%A9%D8%A7%20%D9%85%DB%81%DB%8C%D9%86%D8%A7.mp3
????? ???	Al Madina-tul-Ilmiyah	326	https://data2.dawateislami.net/Data/Books/Read/ur/2010/539/bt539.jpg	https://data2.dawateislami.net/Data/Books/Download/ur/pdf/2010/539-1.pdf?fn=fazail-e-dua		
???? ????	Ameer-e-Ahl-e-Sunnat	64	https://data2.dawateislami.net/Data/Books/Read/ur/2010/533/bt533.jpg	https://data2.dawateislami.net/Data/Books/Download/ur/pdf/2010/533-1.pdf?fn=aashiq-e-akbar		
??? ??? ???	Al Madina-tul-Ilmiyah	45	https://data2.dawateislami.net/Data/Books/Read/ur/2010/530/bt530.jpg	https://data2.dawateislami.net/Data/Books/Download/ur/pdf/2010/530-1.pdf?fn=qabar-khul-gai		
?????? ???? ??? ??? ?	Al Madina-tul-Ilmiyah	73	https://data2.dawateislami.net/Data/Books/Read/ur/2010/529/bt529.jpg	https://data2.dawateislami.net/Data/Books/Download/ur/pdf/2010/529-1.pdf?fn=kamyab-talib-e-ilm-kaun		
??? ?? ?? ???????	Al Madina-tul-Ilmiyah	157	https://data2.dawateislami.net/Data/Books/Read/ur/2010/528/bt528.jpg	https://data2.dawateislami.net/Data/Books/Download/ur/pdf/2010/528-1.pdf?fn=jannat-ki-2-chabiyan		
??????? ???? ?? 25 ??????? ????????	Al Madina-tul-Ilmiyah	200	https://data2.dawateislami.net/Data/Books/Read/ur/2010/527/bt527.jpg	https://data2.dawateislami.net/Data/Books/Download/ur/pdf/2010/527-1.pdf?fn=infiradi-koshish-main-25-hikayaat-e-attaria		
???? ?????	Majlis Madrasa Almadinah	54	https://data2.dawateislami.net/Data/Books/Read/ur/2010/526/bt526.jpg	https://data2.dawateislami.net/Data/Books/Download/ur/pdf/2010/526-1.pdf?fn=madani-qaida		
??? ?? ???? ???	Ameer-e-Ahl-e-Sunnat	36	https://data2.dawateislami.net/Data/Books/Read/ur/2010/524/bt524.jpg	https://data2.dawateislami.net/Data/Books/Download/ur/pdf/2010/524-1.pdf?fn=qabar-ki-pehli-raat		
???? ?????? ??????	Ameer-e-Ahl-e-Sunnat	73	https://data2.dawateislami.net/Data/Books/Read/ur/2012/521/bt521.jpg	https://data2.dawateislami.net/Data/Books/Download/ur/pdf/2012/521-1.pdf?fn=shajra-shareef		
????? ????	Ameer-e-Ahl-e-Sunnat	735	https://data2.dawateislami.net/Data/Books/Read/ur/2010/519/bt519.jpg	https://data2.dawateislami.net/Data/Books/Download/ur/pdf/2010/519-1.pdf?fn=wasail-e-bakhshish		
????	Al Madina-tul-Ilmiyah	97	https://data2.dawateislami.net/Data/Books/Read/ur/2010/512/bt512.jpg	https://data2.dawateislami.net/Data/Books/Download/ur/pdf/2010/512-1.pdf?fn=takabbur		
?????? ????? ???? ??? ???? ?????? ???	Ameer-e-Ahl-e-Sunnat	48	https://data2.dawateislami.net/Data/Books/Read/ur/2010/511/bt511.jpg	https://data2.dawateislami.net/Data/Books/Download/ur/pdf/2010/511-1.pdf?fn=karamaat-e-farooq-e-azam		
28 ????? ???	Ameer-e-Ahl-e-Sunnat	17	https://data2.dawateislami.net/Data/Books/Read/ur/2012/498/bt498.jpg	https://data2.dawateislami.net/Data/Books/Download/ur/pdf/2012/498-1.pdf?fn=28-kalimaat-e-kufr		
???? ????? ??? ???	Al Madina-tul-Ilmiyah	0	https://data2.dawateislami.net/Data/Books/Read/ur/2009/497/bt497.jpg	https://data2.dawateislami.net/Data/Books/Download/ur/pdf/2009/497-1.pdf?fn=bahar-e-shariat-jild-2		
????? ????? ?? ???? ??? ???? ????	Ameer-e-Ahl-e-Sunnat	710	https://data2.dawateislami.net/Data/Books/Read/ur/2009/494/bt494.jpg	https://data2.dawateislami.net/Data/Books/Download/ur/pdf/2009/494-1.pdf?fn=kufriya-kalmaat-kay-baray-main-sawal-jawab		
???? ?? ???? ??????	Ameer-e-Ahl-e-Sunnat	504	https://data2.dawateislami.net/Data/Books/Read/ur/2009/493/bt493.jpg	https://data2.dawateislami.net/Data/Books/Download/ur/pdf/2009/493-1.pdf?fn=gheebat-ki-tabah-kariyan		
????? ?? ?????	Ameer-e-Ahl-e-Sunnat	51	https://data2.dawateislami.net/Data/Books/Read/ur/2009/492/bt492.jpg	https://data2.dawateislami.net/Data/Books/Download/ur/pdf/2009/492-1.pdf?fn=tilawat-ki-fazilat		
??? ??? ???	Al Madina-tul-Ilmiyah	49	https://data2.dawateislami.net/Data/Books/Read/ur/2009/490/bt490.jpg	https://data2.dawateislami.net/Data/Books/Download/ur/pdf/2009/490-1.pdf?fn=shoq-e-ilm-e-deen-qist-4		
??? ?????? ?? ????? ?? ??? ??? ???? ????	Ameer-e-Ahl-e-Sunnat	34	https://data2.dawateislami.net/Data/Books/Read/ur/2009/488/bt488.jpg	https://data2.dawateislami.net/Data/Books/Download/ur/pdf/2009/488-1.pdf?fn=afw-o-darguzar-ki-fazilat-ma-aik-aham		
???? ?? ???? ??? ???? ????	Ameer-e-Ahl-e-Sunnat	411	https://data2.dawateislami.net/Data/Books/Read/ur/2009/487/bt487.jpg	https://data2.dawateislami.net/Data/Books/Download/ur/pdf/2009/487-1.pdf?fn=parday-kay-baray-main-sawal-jawab		
???? ???? ??? ???? ??? ?? ??????	Al Madina-tul-Ilmiyah	43	https://data2.dawateislami.net/Data/Books/Read/ur/2009/365/bt365.jpg	https://data2.dawateislami.net/Data/Books/Download/ur/pdf/2009/365-1.pdf?fn=imam-e-azam-ki-wasiyatain		
???? ???????? (??? ???)?	Al Madina-tul-Ilmiyah	0	https://data2.dawateislami.net/Data/Books/Read/ur/2009/364/bt364.jpg	https://data2.dawateislami.net/Data/Books/Download/ur/pdf/2009/364-1.pdf?fn=uyun-ul-hikayaat-hissa-2		
?? ???? ?? ??? ???? ??????	Al Madina-tul-Ilmiyah	33	https://data2.dawateislami.net/Data/Books/Read/ur/2009/363/bt363.jpg	https://data2.dawateislami.net/Data/Books/Download/ur/pdf/2009/363-1.pdf?fn=no-muslim-ki-dard-bhari-dastan		
??? ?? ??????	Al Madina-tul-Ilmiyah	33	https://data2.dawateislami.net/Data/Books/Read/ur/2009/362/bt362.jpg	https://data2.dawateislami.net/Data/Books/Download/ur/pdf/2009/362-1.pdf?fn=noor-ka-khilona		
????? ???	Ameer-e-Ahl-e-Sunnat	48	https://data2.dawateislami.net/Data/Books/Read/ur/2009/361/bt361.jpg	https://data2.dawateislami.net/Data/Books/Download/ur/pdf/2009/361-1.pdf?fn=meethay-bol		
???????? (???? ???? ????) ?? ??????? ??????	Al Madina-tul-Ilmiyah	49	https://data2.dawateislami.net/Data/Books/Read/ur/2009/360/bt360.jpg	https://data2.dawateislami.net/Data/Books/Download/ur/pdf/2009/360-1.pdf?fn=aala-hazrat-ki-infiradi-koshish		
????? ?? ????? ???? ?? ???	Al Madina-tul-Ilmiyah	49	https://data2.dawateislami.net/Data/Books/Read/ur/2009/359/bt359.jpg	https://data2.dawateislami.net/Data/Books/Download/ur/pdf/2009/359-1.pdf?fn=sarkar-ka-pegham-attar-kay-naam		
???? ???? ?? ???? ??? ????? ? ?????? ?? ?????? (??? 5)?	Al Madina-tul-Ilmiyah	48	https://data2.dawateislami.net/Data/Books/Read/ur/2009/357/bt357.jpg	https://data2.dawateislami.net/Data/Books/Download/ur/pdf/2009/357-1.pdf?fn=madani-channel-kay-baray-main-tasurat-qist-5		
??? ????? ??? ????	Ameer-e-Ahl-e-Sunnat	32	https://data2.dawateislami.net/Data/Books/Read/ur/2009/356/bt356.jpg	https://data2.dawateislami.net/Data/Books/Download/ur/pdf/2009/356-1.pdf?fn=4-sansani-khez-khwab		
???? ?????	Markazi Majlis-e-Shoora	86	https://data2.dawateislami.net/Data/Books/Read/ur/2009/355/bt355.jpg	https://data2.dawateislami.net/Data/Books/Download/ur/pdf/2009/355-1.pdf?fn=waqf-e-madina		
?????? ?????? ??? ???	Ameer-e-Ahl-e-Sunnat	0	https://data2.dawateislami.net/Data/Books/Read/ur/2009/354/bt354.jpg	https://data2.dawateislami.net/Data/Books/Download/ur/pdf/2009/354-1.pdf?fn=bayanat-e-attariya-hissa-2		
???? ????? ?? ????? (??? ???)	Al Madina-tul-Ilmiyah	699	https://data2.dawateislami.net/Data/Books/Read/ur/2009/353/bt353.jpg	https://data2.dawateislami.net/Data/Books/Download/ur/pdf/2009/353-1.pdf?fn=allah-walon-ki-batain-jild-1		
?? ???? ?? ???	Al Madina-tul-Ilmiyah	33	https://data2.dawateislami.net/Data/Books/Read/ur/2009/352/bt352.jpg	https://data2.dawateislami.net/Data/Books/Download/ur/pdf/2009/352-1.pdf?fn=bay-qasoor-ki-madad		
???? ??? ????	Ameer-e-Ahl-e-Sunnat	50	https://data2.dawateislami.net/Data/Books/Read/ur/2009/351/bt351.jpg	https://data2.dawateislami.net/Data/Books/Download/ur/pdf/2009/351-1.pdf?fn=siyah-faam-ghulam		
???? ?????	Ameer-e-Ahl-e-Sunnat	34	https://data2.dawateislami.net/Data/Books/Read/ur/2009/350/bt350.jpg	https://data2.dawateislami.net/Data/Books/Download/ur/pdf/2009/350-1.pdf?fn=budha-pujari		
???? ?????? ???? ???? ???	Imam-e-Ahl-e-Sunnat Ahmad Raza Khan	47	https://data2.dawateislami.net/Data/Books/Read/ur/2009/349/bt349.jpg	https://data2.dawateislami.net/Data/Books/Download/ur/pdf/2009/349-1.pdf?fn=huquq-ul-ibad-kaisay-maaf-hon		
???? ???	Al Madina-tul-Ilmiyah	63	https://data2.dawateislami.net/Data/Books/Read/ur/2009/348/bt348.jpg	https://data2.dawateislami.net/Data/Books/Download/ur/pdf/2009/348-1.pdf?fn=aadab-e-deen		
????? ?????? ??? ????? ?? ???? ?????	Al Madina-tul-Ilmiyah	33	https://data2.dawateislami.net/Data/Books/Read/ur/2009/345/bt345.jpg	https://data2.dawateislami.net/Data/Books/Download/ur/pdf/2009/345-1.pdf?fn=25-christian-qaidiyon-aur-padri-ka-qabool-e-islam		
????? ???? ?? ?????	Al Madina-tul-Ilmiyah	33	https://data2.dawateislami.net/Data/Books/Read/ur/2009/344/bt344.jpg	https://data2.dawateislami.net/Data/Books/Download/ur/pdf/2009/344-1.pdf?fn=salat-o-salam-ki-aashiqa		
101 ???? ????	Ameer-e-Ahl-e-Sunnat	32	https://data2.dawateislami.net/Data/Books/Read/ur/2009/343/bt343.jpg	https://data2.dawateislami.net/Data/Books/Download/ur/pdf/2009/343-1.pdf?fn=101-madani-phool		
????? ????	Ameer-e-Ahl-e-Sunnat	26	https://data2.dawateislami.net/Data/Books/Read/ur/2009/342/bt342.jpg	https://data2.dawateislami.net/Data/Books/Download/ur/pdf/2009/342-1.pdf?fn=anmol-heeray		
??????? ??? ???????	Al Madina-tul-Ilmiyah	0	https://data2.dawateislami.net/Data/Books/Read/ur/2009/341/bt341.jpg	https://data2.dawateislami.net/Data/Books/Download/ur/pdf/2009/341-1.pdf?fn=hikayatain-aur-naseehatain		
????? ??????	Ameer-e-Ahl-e-Sunnat	64	https://data2.dawateislami.net/Data/Books/Read/ur/2009/339/bt339.jpg	https://data2.dawateislami.net/Data/Books/Download/ur/pdf/2009/339-1.pdf?fn=ba-haya-naujawan		
??????? ????? ??? ?? ???? ??????	Ameer-e-Ahl-e-Sunnat	32	https://data2.dawateislami.net/Data/Books/Read/ur/2009/338/bt338.jpg	https://data2.dawateislami.net/Data/Books/Download/ur/pdf/2009/338-1.pdf?fn=karamaat-e-usman-e-ghani		
????? ??? ????? ???? ???	Al Madina-tul-Ilmiyah	32	https://data2.dawateislami.net/Data/Books/Read/ur/2009/336/bt336.jpg	https://data2.dawateislami.net/Data/Books/Download/ur/pdf/2009/336-1.pdf?fn=mazoor-bachi-mubaligha-kesay-bani		
???? ???? ?? ???? ??? ????? ? ?????? ?? ??????(??? ?????)?	Al Madina-tul-Ilmiyah	48	https://data2.dawateislami.net/Data/Books/Read/ur/2009/335/bt335.jpg	https://data2.dawateislami.net/Data/Books/Download/ur/pdf/2009/335-1.pdf?fn=madani-channel-kay-baray-main-tasurat-qist-4		
??? ?? ?????	Ameer-e-Ahl-e-Sunnat	0	https://data2.dawateislami.net/Data/Books/Read/ur/2009/333/bt333.jpg	https://data2.dawateislami.net/Data/Books/Download/ur/pdf/2009/333-1.pdf?fn=zulm-ka-anjam		
???? ?????? ?? ????	Al Madina-tul-Ilmiyah	32	https://data2.dawateislami.net/Data/Books/Read/ur/2009/332/bt332.jpg	https://data2.dawateislami.net/Data/Books/Download/ur/pdf/2009/332-1.pdf?fn=filmi-adakaar-ki-tauba		
???? ??? ????	Ameer-e-Ahl-e-Sunnat	456	https://data2.dawateislami.net/Data/Books/Read/ur/2009/331/bt331.jpg	https://data2.dawateislami.net/Data/Books/Download/ur/pdf/2009/331-1.pdf?fn=madani-panj-surah		
????? ?????	Al Madina-tul-Ilmiyah	193	https://data2.dawateislami.net/Data/Books/Read/ur/2008/330/bt330.jpg	https://data2.dawateislami.net/Data/Books/Download/ur/pdf/2008/330-1.pdf?fn=sawaneh-e-karbala		
????? ?? ????? ????	Ameer-e-Ahl-e-Sunnat	5	https://data2.dawateislami.net/Data/Books/Read/ur/2008/329/bt329.jpg	https://data2.dawateislami.net/Data/Books/Download/ur/pdf/2008/329-1.pdf?fn=karbala-ka-khooni-manzar	https://data2.dawateislami.net/download/islam/ur/mp3/2019/69982.mp3	https://data2.dawateislami.net/download/islam/ur/mp3/2019/69982.mp3?fn=%DA%A9%D8%B1%D8%A8%D9%84%D8%A7%20%DA%A9%D8%A7%20%D8%AE%D9%88%D9%86%DB%8C%DA%BA%20%D9%85%D9%86%D8%B8%D8%B1.mp3
???? ???? ?? ???? ??? ????? ? ????? ?? ?????? (??? ???)?	Al Madina-tul-Ilmiyah	49	https://data2.dawateislami.net/Data/Books/Read/ur/2008/327/bt327.jpg	https://data2.dawateislami.net/Data/Books/Download/ur/pdf/2008/327-1.pdf?fn=madani-channel-kay-baray-main-tasurat-qist-3		
??? ????	Al Madina-tul-Ilmiyah	166	https://data2.dawateislami.net/Data/Books/Read/ur/2008/326/bt326.jpg	https://data2.dawateislami.net/Data/Books/Download/ur/pdf/2008/326-1.pdf?fn=riya-kari		
????? ?????	Al Madina-tul-Ilmiyah	149	https://data2.dawateislami.net/Data/Books/Read/ur/2008/325/bt325.jpg	https://data2.dawateislami.net/Data/Books/Download/ur/pdf/2008/325-1.pdf?fn=faizan-e-zakat		
???? ???? ?? ???? ??? ????? ? ????? ?? ??????(??? ???)?	Al Madina-tul-Ilmiyah	48	https://data2.dawateislami.net/Data/Books/Read/ur/2008/324/bt324.jpg	https://data2.dawateislami.net/Data/Books/Download/ur/pdf/2008/324-1.pdf?fn=madani-channel-kay-baray-main-tasurat-qist-2		
??? ???	Al Madina-tul-Ilmiyah	207	https://data2.dawateislami.net/Data/Books/Read/ur/2008/323/bt323.jpg	https://data2.dawateislami.net/Data/Books/Download/ur/pdf/2008/323-1.pdf?fn=nahwmeer		
?????? ????	Ameer-e-Ahl-e-Sunnat	108	https://data2.dawateislami.net/Data/Books/Read/ur/2008/322/bt322.jpg	https://data2.dawateislami.net/Data/Books/Download/ur/pdf/2008/322-1.pdf?fn=gharelu-ilaj		
???? ??? ?? ????	Ameer-e-Ahl-e-Sunnat	50	https://data2.dawateislami.net/Data/Books/Read/ur/2008/321/bt321.jpg	https://data2.dawateislami.net/Data/Books/Download/ur/pdf/2008/321-1.pdf?fn=jannati-mehal-ka-soda		
????? ?? ?????	Al Madina-tul-Ilmiyah	32	https://data2.dawateislami.net/Data/Books/Read/ur/2008/320/bt320.jpg	https://data2.dawateislami.net/Data/Books/Download/ur/pdf/2008/320-1.pdf?fn=madinay-ka-musafir		
?? ????? ???? ???? ?	Ameer-e-Ahl-e-Sunnat	45	https://data2.dawateislami.net/Data/Books/Read/ur/2008/319/bt319.jpg	https://data2.dawateislami.net/Data/Books/Download/ur/pdf/2008/319-1.pdf?fn=sag-e-madina-kehna-kaisa		
???? ????? ??? ???	Al Madina-tul-Ilmiyah	1311	https://data2.dawateislami.net/Data/Books/Read/ur/2008/318/bt318.jpg	https://data2.dawateislami.net/Data/Books/Download/ur/pdf/2008/318-1.pdf?fn=bahar-e-shariat-jild-1		
?????? ?? ???? ?????(???? ???? ?? ?????? ??? ???)?	Al Madina-tul-Ilmiyah	33	https://data2.dawateislami.net/Data/Books/Read/ur/2008/317/bt317.jpg	https://data2.dawateislami.net/Data/Books/Download/ur/pdf/2008/317-1.pdf?fn=christian-ka-qabool-e-islam		
???? ???? ?? ???? ??? ????? ? ?????? ?? ??????	Al Madina-tul-Ilmiyah	48	https://data2.dawateislami.net/Data/Books/Read/ur/2008/316/bt316.jpg	https://data2.dawateislami.net/Data/Books/Download/ur/pdf/2008/316-1.pdf?fn=madani-channel-kay-liyeulama-o-shakhsiyaat-kay		
????? ??? ???????	Ameer-e-Ahl-e-Sunnat	53	https://data2.dawateislami.net/Data/Books/Read/ur/2008/315/bt315.jpg	https://data2.dawateislami.net/Data/Books/Download/ur/pdf/2008/315-1.pdf?fn=tazkirah-e-sadr-us-shariah		
??? ???? ????? ???? ??????? ??? 3	Al Madina-tul-Ilmiyah	86	https://data2.dawateislami.net/Data/Books/Read/ur/2008/314/bt314.jpg	https://data2.dawateislami.net/Data/Books/Download/ur/pdf/2008/314-1.pdf?fn=sunnat-e-nikah-qist-3		
?????? ????? ?? ????	Ameer-e-Ahl-e-Sunnat	308	https://data2.dawateislami.net/Data/Books/Read/ur/2008/313/bt313.jpg	https://data2.dawateislami.net/Data/Books/Download/ur/pdf/2008/313-1.pdf?fn=islami-behno-ki-namaz		
????? ???? ?????? ???? ??????? ??????? ??? -2 (??????? ?????)	Al Madina-tul-Ilmiyah	48	https://data2.dawateislami.net/Data/Books/Read/ur/2008/312/bt312.jpg	https://data2.dawateislami.net/Data/Books/Download/ur/pdf/2008/312-1.pdf?fn=ibtidai-halaat-qist-2		
???? ????? ?? ??? ???? ??? ????	Al Madina-tul-Ilmiyah	48	https://data2.dawateislami.net/Data/Books/Read/ur/2008/311/bt311.jpg	https://data2.dawateislami.net/Data/Books/Download/ur/pdf/2008/311-1.pdf?fn=buland-awaz-say-zikr-karnay-main-hikmat		
???? ?? ???? ??? ???? ????	Ameer-e-Ahl-e-Sunnat	100	https://data2.dawateislami.net/Data/Books/Read/ur/2008/310/bt310.jpg	https://data2.dawateislami.net/Data/Books/Download/ur/pdf/2008/310-1.pdf?fn=chanday-kay-baray-main-sawal-jawab		
???? ??? ???? ?? ????? ?? ??????? ?? ????	Ameer-e-Ahl-e-Sunnat	42	https://data2.dawateislami.net/Data/Books/Read/ur/2008/309/bt309.jpg	https://data2.dawateislami.net/Data/Books/Download/ur/pdf/2008/309-1.pdf?fn=kapray-pak-karnay-ka-tariqa-ma-najasaton-ka-bayan	https://data2.dawateislami.net/download/islam/ur/mp3/2019/67764.mp3	https://data2.dawateislami.net/download/islam/ur/mp3/2019/67764.mp3?fn=%DA%A9%D9%BE%DA%91%DB%92%20%D9%BE%D8%A7%DA%A9%20%DA%A9%D8%B1%D9%86%DB%92%20%DA%A9%D8%A7%20%D8%B7%D8%B1%DB%8C%D9%82%DB%81%20%D9%85%D8%B9%20%D9%86%D8%AC%D8%A7%D8%B3%D8%AA%D9%88%DA%BA%20%DA%A9%D8%A7%20%D8%A8%DB%8C%D8%A7%D9%86.mp3
??? ?? ???? ????? ???? ???? ?	Al Madina-tul-Ilmiyah	33	https://data2.dawateislami.net/Data/Books/Read/ur/2008/308/bt308.jpg	https://data2.dawateislami.net/Data/Books/Download/ur/pdf/2008/308-1.pdf?fn=main-nay-madani-burka-kyun-pehna		
????? ?????	Al Madina-tul-Ilmiyah	415	https://data2.dawateislami.net/Data/Books/Read/ur/2008/307/bt307.jpg	https://data2.dawateislami.net/Data/Books/Download/ur/pdf/2008/307-1.pdf?fn=zia-e-sadqat		
???? ??? ????	Al Madina-tul-Ilmiyah	32	https://data2.dawateislami.net/Data/Books/Read/ur/2008/306/bt306.jpg	https://data2.dawateislami.net/Data/Books/Download/ur/pdf/2008/306-1.pdf?fn=murda-bol-utha		
????? ???? ?????? ???? ??????? ???????	Al Madina-tul-Ilmiyah	49	https://data2.dawateislami.net/Data/Books/Read/ur/2008/305/bt305.jpg	https://data2.dawateislami.net/Data/Books/Download/ur/pdf/2008/305-1.pdf?fn=tazkira-e-ameer-e-ahlesunnat-qist-1		
???? ?? ???? ??? ??? ???????	Al Madina-tul-Ilmiyah	49	https://data2.dawateislami.net/Data/Books/Read/ur/2008/304/bt304.jpg	https://data2.dawateislami.net/Data/Books/Download/ur/pdf/2008/304-1.pdf?fn=pani-kay-baray-main-aham-malomat		
???? ??????? ?? ??? ?? ???? ??? ???? ????	Al Madina-tul-Ilmiyah	48	https://data2.dawateislami.net/Data/Books/Read/ur/2008/302/bt302.jpg	https://data2.dawateislami.net/Data/Books/Download/ur/pdf/2008/302-1.pdf?fn=muqaddas-tahrirat-kay-adab		
??? ??? ?????? ??? 8?	Al Madina-tul-Ilmiyah	0	https://data2.dawateislami.net/Data/Books/Read/ur/2008/301/bt301.jpg	https://data2.dawateislami.net/Data/Books/Download/ur/pdf/2008/301-1.pdf?fn=fatawa-ahlesunnat-part-08		
????? ?? 35 ????? ?????	Ameer-e-Ahl-e-Sunnat	32	https://data2.dawateislami.net/Data/Books/Read/ur/2008/300/bt300.jpg	https://data2.dawateislami.net/Data/Books/Download/ur/pdf/2008/300-1.pdf?fn=ganon-kay-35-kufriya-ashaar		
??? ?? ???? ??? ????? ??? ?? ?? ????	Al Madina-tul-Ilmiyah	48	https://data2.dawateislami.net/Data/Books/Read/ur/2008/299/bt299.jpg	https://data2.dawateislami.net/Data/Books/Download/ur/pdf/2008/299-1.pdf?fn=wudu-kay-baray-main-waswasay-aur-in-ka-ilaj		
???????? ?? ????	Al Madina-tul-Ilmiyah	32	https://data2.dawateislami.net/Data/Books/Read/ur/2008/298/bt298.jpg	https://data2.dawateislami.net/Data/Books/Download/ur/pdf/2008/298-1.pdf?fn=heroinchi-ki-toba		
??? ???? ?????? ????? ??????	Al Madina-tul-Ilmiyah	217	https://data2.dawateislami.net/Data/Books/Read/ur/2008/296/bt296.jpg	https://data2.dawateislami.net/Data/Books/Download/ur/pdf/2008/296-1.pdf?fn=sharah-shajra-shareef		
??? ??? ??? ??? ?? ???	Al Madina-tul-Ilmiyah	32	https://data2.dawateislami.net/Data/Books/Read/ur/2008/295/bt295.jpg	https://data2.dawateislami.net/Data/Books/Download/ur/pdf/2008/295-1.pdf?fn=saas-bahu-main-sulha-ka-raaz		
????? ?? ????	Al Madina-tul-Ilmiyah	34	https://data2.dawateislami.net/Data/Books/Read/ur/2008/294/bt294.jpg	https://data2.dawateislami.net/Data/Books/Download/ur/pdf/2008/294-1.pdf?fn=aulad-kay-huqooq		
??? ??????	Ameer-e-Ahl-e-Sunnat	25	https://data2.dawateislami.net/Data/Books/Read/ur/2008/291/bt291.jpg	https://data2.dawateislami.net/Data/Books/Download/ur/pdf/2008/291-1.pdf?fn=josh-e-imani		
????? ????	Imam-e-Ahl-e-Sunnat Ahmad Raza Khan	446	https://data2.dawateislami.net/Data/Books/Read/ur/2003/290/bt290.jpg	https://data2.dawateislami.net/Data/Books/Download/ur/pdf/2003/290-1.pdf?fn=hadaiq-e-bakhshish		
????? ???????????	Al Madina-tul-Ilmiyah	190	https://data2.dawateislami.net/Data/Books/Read/ur/2003/285/bt285.jpg	https://data2.dawateislami.net/Data/Books/Download/ur/pdf/2003/285-1.pdf?fn=faizan-e-ihya-ul-uloom		
???? ?????? ?? ?????? ?? ???????	Maktaba-tul-Madina	3	https://data2.dawateislami.net/Data/Books/Read/ur/2003/280/bt280.jpg	https://data2.dawateislami.net/Data/Books/Download/ur/pdf/2003/280-1.pdf?fn=ameer-e-ahlesunnat-kay-operation-ki-jhalkiyan		
????? ???? ?? ???? ????	Imam-e-Ahl-e-Sunnat Ahmad Raza Khan	116	https://data2.dawateislami.net/Data/Books/Read/ur/2003/279/bt279.jpg	https://data2.dawateislami.net/Data/Books/Download/ur/pdf/2003/279-1.pdf?fn=aala-hazrat-say-sawal-jawab		
????????? ?????	Ameer-e-Ahl-e-Sunnat	24	https://data2.dawateislami.net/Data/Books/Read/ur/2015/275/bt275.jpg	https://data2.dawateislami.net/Data/Books/Download/ur/pdf/2015/275-1.pdf?fn=pur-asrar-khazana		
??????	Others	14	https://data2.dawateislami.net/Data/Books/Read/ur/2003/266/bt266.jpg	https://data2.dawateislami.net/Data/Books/Download/ur/pdf/2003/266-1.pdf?fn=ashura		
???? ???????	Imam-e-Ahl-e-Sunnat Ahmad Raza Khan	0	https://data2.dawateislami.net/Data/Books/Read/ur/2003/259/bt259.jpg	https://data2.dawateislami.net/Data/Books/Download/ur/pdf/2003/259-1.pdf?fn=tamheed-e-iman-ma-hussam-ul-haramain		
???? ?????? ???? ???? ?????? ???? ?????	Shaikh-ul-Hadees Allama Abdul Mustafa Al-Aazami	875	https://data2.dawateislami.net/Data/Books/Read/ur/2012/258/bt258.jpg	https://data2.dawateislami.net/Data/Books/Download/ur/pdf/2012/258-1.pdf?fn=seerat-e-mustafa		
?????? ?????	Al Madina-tul-Ilmiyah	58	https://data2.dawateislami.net/Data/Books/Read/ur/2012/254/bt254.jpg	https://data2.dawateislami.net/Data/Books/Download/ur/pdf/2012/254-1.pdf?fn=islami-tarbiyat		
????? ?????? ?? ????? ??????	Shaikh-ul-Hadees Hazrat Allama Abdul Mustafa Azeemi	430	https://data2.dawateislami.net/Data/Books/Read/ur/2003/252/bt252.jpg	https://data2.dawateislami.net/Data/Books/Download/ur/pdf/2003/252-1.pdf?fn=ajaib-ul-quran-ma-gharaib-ul-quran		
????? ?????	Ameer-e-Ahl-e-Sunnat	183	https://data2.dawateislami.net/Data/Books/Read/ur/2002/249/bt249.jpg	https://data2.dawateislami.net/Data/Books/Download/ur/pdf/2002/249-1.pdf?fn=faizan-e-ramazan		
???? ???????	Al Madina-tul-Ilmiyah	421	https://data2.dawateislami.net/Data/Books/Read/ur/2008/247/bt247.jpg	https://data2.dawateislami.net/Data/Books/Download/ur/pdf/2008/247-1.pdf?fn=lubab-ul-ihya		
40 ?????? ??????	Al Madina-tul-Ilmiyah	91	https://data2.dawateislami.net/Data/Books/Read/ur/2008/244/bt244.jpg	https://data2.dawateislami.net/Data/Books/Download/ur/pdf/2008/244-1.pdf?fn=40-farameen-e-mustafa		
???? ?? ?? ????? ??? ?????? ?? ???	Al Madina-tul-Ilmiyah	28	https://data2.dawateislami.net/Data/Books/Read/ur/2008/243/bt243.jpg	https://data2.dawateislami.net/Data/Books/Download/ur/pdf/2008/243-1.pdf?fn=dunya-se-be-raghbati-aur-umeedon-ki-kami		
???? ??? ?? ?? ?? ??? ???	Al Madina-tul-Ilmiyah	88	https://data2.dawateislami.net/Data/Books/Read/ur/2008/242/bt242.jpg	https://data2.dawateislami.net/Data/Books/Download/ur/pdf/2008/242-1.pdf?fn=saya-e-arsh-kis-kis-ko-milay-ga		
????? ?? ?????	Ameer-e-Ahl-e-Sunnat	20	https://data2.dawateislami.net/Data/Books/Read/ur/2002/241/bt241.jpg	https://data2.dawateislami.net/Data/Books/Download/ur/pdf/2002/241-1.pdf?fn=bareilly-say-madina		
????? ???? ?????? ?? 26 ??????	Al Madina-tul-Ilmiyah	101	https://data2.dawateislami.net/Data/Books/Read/ur/2008/240/bt240.jpg	https://data2.dawateislami.net/Data/Books/Download/ur/pdf/2008/240-1.pdf?fn=faizan-e-ameer-e-ahle-sunnat-ma-26-hikayaat		
???? ?????	Al Madina-tul-Ilmiyah	388	https://data2.dawateislami.net/Data/Books/Read/ur/2008/239/bt239.jpg	https://data2.dawateislami.net/Data/Books/Download/ur/pdf/2008/239-1.pdf?fn=nisab-us-sarf		
??? ?? ?????	Markazi Majlis-e-Shoora	127	https://data2.dawateislami.net/Data/Books/Read/ur/2008/238/bt238.jpg	https://data2.dawateislami.net/Data/Books/Download/ur/pdf/2008/238-1.pdf?fn=jannat-ki-tayyari		
??? ???? ??? ???? ??????	Al Madina-tul-Ilmiyah	262	https://data2.dawateislami.net/Data/Books/Read/ur/2008/237/bt237.jpg	https://data2.dawateislami.net/Data/Books/Download/ur/pdf/2008/237-1.pdf?fn=qom-e-jinnat-aur-ameer-e-ahlesunnat		
??? ???? ????	Al Madina-tul-Ilmiyah	32	https://data2.dawateislami.net/Data/Books/Read/ur/2008/236/bt236.jpg	https://data2.dawateislami.net/Data/Books/Download/ur/pdf/2008/236-1.pdf?fn=khushnaseeb-mareez		
??? ??????	Mufti Ahmad yar khan Naeemi	0	https://data2.dawateislami.net/Data/Books/Read/ur/2007/234/bt234.jpg	https://data2.dawateislami.net/Data/Books/Download/ur/pdf/2007/234-1.pdf?fn=ilm-ul-quran		
???? ???????? (???:?)	Al Madina-tul-Ilmiyah	412	https://data2.dawateislami.net/Data/Books/Read/ur/2007/233/bt233.jpg	https://data2.dawateislami.net/Data/Books/Download/ur/pdf/2007/233-1.pdf?fn=uyun-ul-hikayaat-hissa-1		
????? ????????	Al Madina-tul-Ilmiyah	76	https://data2.dawateislami.net/Data/Books/Read/ur/2007/232/bt232.jpg	https://data2.dawateislami.net/Data/Books/Download/ur/pdf/2007/232-1.pdf?fn=akhlaq-us-saliheen		
???? ????? ?? ????? ?? ?????	Al Madina-tul-Ilmiyah	73	https://data2.dawateislami.net/Data/Books/Read/ur/2007/231/bt231.jpg	https://data2.dawateislami.net/Data/Books/Download/ur/pdf/2007/231-1.pdf?fn=madani-kamon-ki-taqseem-kay-taqazay		
???? ??? ?? ???? ?????	Al Madina-tul-Ilmiyah	105	https://data2.dawateislami.net/Data/Books/Read/ur/2007/230/bt230.jpg	https://data2.dawateislami.net/Data/Books/Download/ur/pdf/2007/230-1.pdf?fn=madani-aaqa-kay-roshan-faislay		
(???? ??? ?? ???? ???? ????? (???-????	Al Madina-tul-Ilmiyah	858	https://data2.dawateislami.net/Data/Books/Read/ur/2007/229/bt229.jpg	https://data2.dawateislami.net/Data/Books/Download/ur/pdf/2007/229-1.pdf?fn=jahannam-main-lay-janay-walay-amaal-jild-1		
????? ????	Markazi Majlis-e-Shoora	46	https://data2.dawateislami.net/Data/Books/Read/ur/2007/228/bt228.jpg	https://data2.dawateislami.net/Data/Books/Download/ur/pdf/2007/228-1.pdf?fn=faizan-e-murshid		
??? ?????	Al Madina-tul-Ilmiyah	53	https://data2.dawateislami.net/Data/Books/Read/ur/2007/227/bt227.jpg	https://data2.dawateislami.net/Data/Books/Download/ur/pdf/2007/227-1.pdf?fn=sarf-e-bahai		
?????? ?? ?????? ??? ?????? ?? ??????	Al Madina-tul-Ilmiyah	150	https://data2.dawateislami.net/Data/Books/Read/ur/2007/226/bt226.jpg	https://data2.dawateislami.net/Data/Books/Download/ur/pdf/2007/226-1.pdf?fn=naikiyon-ki-jazain-aur-gunahon-ki-sazain		
????? ????	Al Madina-tul-Ilmiyah	49	https://data2.dawateislami.net/Data/Books/Read/ur/2007/224/bt224.jpg	https://data2.dawateislami.net/Data/Books/Download/ur/pdf/2007/224-1.pdf?fn=goonga-muballigh		
???? ????	Al Madina-tul-Ilmiyah	35	https://data2.dawateislami.net/Data/Books/Read/ur/2007/223/bt223.jpg	https://data2.dawateislami.net/Data/Books/Download/ur/pdf/2007/223-1.pdf?fn=ghafil-darzi		
?? ???? ?????	Al Madina-tul-Ilmiyah	16	https://data2.dawateislami.net/Data/Books/Read/ur/2007/222/bt222.jpg	https://data2.dawateislami.net/Data/Books/Download/ur/pdf/2007/222-1.pdf?fn=badnaseeb-dulha		
????? ?? ?????? ?????	Ameer-e-Ahl-e-Sunnat	32	https://data2.dawateislami.net/Data/Books/Read/ur/2007/221/bt221.jpg	https://data2.dawateislami.net/Data/Books/Download/ur/pdf/2007/221-1.pdf?fn=khanay-ka-islami-tariqa		
???? ????	Ameer-e-Ahl-e-Sunnat	24	https://data2.dawateislami.net/Data/Books/Read/ur/2007/220/bt220.jpg	https://data2.dawateislami.net/Data/Books/Download/ur/pdf/2007/220-1.pdf?fn=kalay-bicho		
????? ?????? ?????	Al Madina-tul-Ilmiyah	18	https://data2.dawateislami.net/Data/Books/Read/ur/2007/219/bt219.jpg	https://data2.dawateislami.net/Data/Books/Download/ur/pdf/2007/219-1.pdf?fn=christian-musalman-ho-gaya		
???? ?? ?????	Shaikh-ul-Hadees Hazrat Allama Abdul Mustafa Azeemi	57	https://data2.dawateislami.net/Data/Books/Read/ur/2007/218/bt218.jpg	https://data2.dawateislami.net/Data/Books/Download/ur/pdf/2007/218-1.pdf?fn=jahannam-kay-khatrat		
?????? ?? ????	Al Madina-tul-Ilmiyah	301	https://data2.dawateislami.net/Data/Books/Read/ur/2007/216/bt216.jpg	https://data2.dawateislami.net/Data/Books/Download/ur/pdf/2007/216-1.pdf?fn=aansoon-ka-darya		
???????	Al Madina-tul-Ilmiyah	65	https://data2.dawateislami.net/Data/Books/Read/ur/2007/212/bt212.jpg	https://data2.dawateislami.net/Data/Books/Download/ur/pdf/2007/212-1.pdf?fn=badgumani		
????? ??? ??????	Al Madina-tul-Ilmiyah	119	https://data2.dawateislami.net/Data/Books/Read/ur/2007/211/bt211.jpg	https://data2.dawateislami.net/Data/Books/Download/ur/pdf/2007/211-1.pdf?fn=faizan-e-chahal-ahadees		
????? ?????	Al Madina-tul-Ilmiyah	187	https://data2.dawateislami.net/Data/Books/Read/ur/2007/210/bt210.jpg	https://data2.dawateislami.net/Data/Books/Download/ur/pdf/2007/210-1.pdf?fn=tarbiyat-e-aulad		
??? ????? ?? ?????	Ameer-e-Ahl-e-Sunnat	35	https://data2.dawateislami.net/Data/Books/Read/ur/2007/209/bt209.jpg	https://data2.dawateislami.net/Data/Books/Download/ur/pdf/2007/209-1.pdf?fn=buray-khatmay-kay-asbab		
?????? ????? ?? ?????	Al Madina-tul-Ilmiyah	20	https://data2.dawateislami.net/Data/Books/Read/ur/2007/208/bt208.jpg	https://data2.dawateislami.net/Data/Books/Download/ur/pdf/2007/208-1.pdf?fn=ahadees-e-mubarka-kay-anwaar		
???? ????? ?? ?????	Al Madina-tul-Ilmiyah	61	https://data2.dawateislami.net/Data/Books/Read/ur/2007/207/bt207.jpg	https://data2.dawateislami.net/Data/Books/Download/ur/pdf/2007/207-1.pdf?fn=aayat-e-qurani-kay-anwaar		
???? ????? ?? ?????	Markazi Majlis-e-Shoora	29	https://data2.dawateislami.net/Data/Books/Read/ur/2007/206/bt206.jpg	https://data2.dawateislami.net/Data/Books/Download/ur/pdf/2007/206-1.pdf?fn=madani-kamon-ki-taqseem		
???? ?????? ?? ???? ??????	Al Madina-tul-Ilmiyah	220	https://data2.dawateislami.net/Data/Books/Read/ur/2007/205/bt205.jpg	https://data2.dawateislami.net/Data/Books/Download/ur/pdf/2007/205-1.pdf?fn=dawateislami-ki-madani-baharain		
??????? ??????	Ameer-e-Ahl-e-Sunnat	32	https://data2.dawateislami.net/Data/Books/Read/ur/2007/202/bt202.jpg	https://data2.dawateislami.net/Data/Books/Download/ur/pdf/2007/202-1.pdf?fn=pur-asrar-bhikari		
????? ?? ???? ??? ???? ????	Ameer-e-Ahl-e-Sunnat	22	https://data2.dawateislami.net/Data/Books/Read/ur/2007/201/bt201.jpg	https://data2.dawateislami.net/Data/Books/Download/ur/pdf/2007/201-1.pdf?fn=aqeeqay-kay-baray-main-sawal-jawab		
????? ??? ????	Al Madina-tul-Ilmiyah	33	https://data2.dawateislami.net/Data/Books/Read/ur/2007/199/bt199.jpg	https://data2.dawateislami.net/Data/Books/Download/ur/pdf/2007/199-1.pdf?fn=sunnatain-aur-adaab		
?????? ????	Al Madina-tul-Ilmiyah	199	https://data2.dawateislami.net/Data/Books/Read/ur/2006/198/bt198.jpg	https://data2.dawateislami.net/Data/Books/Download/ur/pdf/2006/198-1.pdf?fn=sarmaya-e-aakhirat		
????? ???? ?? ??? ????	Al Madina-tul-Ilmiyah	274	https://data2.dawateislami.net/Data/Books/Read/ur/2007/195/bt195.jpg	https://data2.dawateislami.net/Data/Books/Download/ur/pdf/2007/195-1.pdf?fn=sahaba-e-kiram-ka-ishq-e-rasool		
????? ?????	Allama Maulana Hasan Raza Khan	107	https://data2.dawateislami.net/Data/Books/Read/ur/2007/194/bt194.jpg	https://data2.dawateislami.net/Data/Books/Download/ur/pdf/2007/194-1.pdf?fn=aaina-e-qayamat		
???? ???? ?? ??????	Ameer-e-Ahl-e-Sunnat	44	https://data2.dawateislami.net/Data/Books/Read/ur/2007/193/bt193.jpg	https://data2.dawateislami.net/Data/Books/Download/ur/pdf/2007/193-1.pdf?fn=imam-hussain-ki-karamaat		
?????? ????	Ameer-e-Ahl-e-Sunnat	34	https://data2.dawateislami.net/Data/Books/Read/ur/2012/192/bt192.jpg	https://data2.dawateislami.net/Data/Books/Download/ur/pdf/2012/192-1.pdf?fn=bhayanak-ount		
??? ??? ???????? ????? ???????? ??????? ?? ?????	Al Madina-tul-Ilmiyah	106	https://data2.dawateislami.net/Data/Books/Read/ur/2012/190/bt190.jpg	https://data2.dawateislami.net/Data/Books/Download/ur/pdf/2012/190-1.pdf?fn=ghaus-e-pak-kay-halaat		
??????? ?? ????	Al Madina-tul-Ilmiyah	9	https://data2.dawateislami.net/Data/Books/Read/ur/2006/188/bt188.jpg	https://data2.dawateislami.net/Data/Books/Download/ur/pdf/2006/188-1.pdf?fn=qabristan-ki-churail		
?????? ??????	Al Madina-tul-Ilmiyah	673	https://data2.dawateislami.net/Data/Books/Read/ur/2006/187/bt187.jpg	https://data2.dawateislami.net/Data/Books/Download/ur/pdf/2006/187-1.pdf?fn=mukashafat-ul-quloob		
????? ????	Al Madina-tul-Ilmiyah	137	https://data2.dawateislami.net/Data/Books/Read/ur/2006/183/bt183.jpg	https://data2.dawateislami.net/Data/Books/Download/ur/pdf/2006/183-1.pdf?fn=aaina-e-ibrat		
???? ?? ???? ?????	Mufti Muhammad Qasim Attari	32	https://data2.dawateislami.net/Data/Books/Read/ur/2012/182/bt182.jpg	https://data2.dawateislami.net/Data/Books/Download/ur/pdf/2012/182-1.pdf?fn=talaq-kay-aasan-masail		
??? ?? ?????	Ameer-e-Ahl-e-Sunnat	56	https://data2.dawateislami.net/Data/Books/Read/ur/2014/73/bt73.jpg	https://data2.dawateislami.net/Data/Books/Download/ur/pdf/2014/73-1.pdf?fn=wudu-ka-tariqa		
?????? ?????	Al Madina-tul-Ilmiyah	166	https://data2.dawateislami.net/Data/Books/Read/ur/2006/178/bt178.jpg	https://data2.dawateislami.net/Data/Books/Download/ur/pdf/2006/178-1.pdf?fn=islami-zindagi		
??? ????	Ameer-e-Ahl-e-Sunnat	8	https://data2.dawateislami.net/Data/Books/Read/ur/2006/176/bt176.jpg	https://data2.dawateislami.net/Data/Books/Download/ur/pdf/2006/176-1.pdf?fn=pan-gutka		
????????? ????????	Al Madina-tul-Ilmiyah	0	https://data2.dawateislami.net/Data/Books/Read/ur/2007/175/bt175.jpg	https://data2.dawateislami.net/Data/Books/Download/ur/pdf/2007/175-1.pdf?fn=ummahatul-momineen		
???? ????? ?? ??????	Al Madina-tul-Ilmiyah	57	https://data2.dawateislami.net/Data/Books/Read/ur/2005/174/bt174.jpg	https://data2.dawateislami.net/Data/Books/Download/ur/pdf/2005/174-1.pdf?fn=achay-mahol-ki-barkatain-ma-dosti-ki-sharait		
????? ?? ?? ??? ???	Al Madina-tul-Ilmiyah	24	https://data2.dawateislami.net/Data/Books/Read/ur/2006/171/bt171.jpg	https://data2.dawateislami.net/Data/Books/Download/ur/pdf/2006/171-1.pdf?fn=attari-jin-ka-ghusl-e-maiyit		
????? ???? ??????	Al Madina-tul-Ilmiyah	101	https://data2.dawateislami.net/Data/Books/Read/ur/2006/168/bt168.jpg	https://data2.dawateislami.net/Data/Books/Download/ur/pdf/2006/168-1.pdf?fn=taruf-e-ameer-e-ahlesunnat		
???? ????	Al Madina-tul-Ilmiyah	678	https://data2.dawateislami.net/Data/Books/Read/ur/2006/164/bt164.jpg	https://data2.dawateislami.net/Data/Books/Download/ur/pdf/2006/164-1.pdf?fn=jannati-zevar		
??? ???	Al Madina-tul-Ilmiyah	120	https://data2.dawateislami.net/Data/Books/Read/ur/2006/163/bt163.jpg	https://data2.dawateislami.net/Data/Books/Download/ur/pdf/2006/163-1.pdf?fn=rah-e-ilm		
"???????????? ??? ?????? ?? ????"	Imam-e-Ahl-e-Sunnat Ahmad Raza Khan	142	https://data2.dawateislami.net/Data/Books/Read/ur/2006/159/bt159.jpg	https://data2.dawateislami.net/Data/Books/Download/ur/pdf/2006/159-1.pdf?fn=walidain-zaujain-aur-asatza-kay-huqooq		
???? ???? ??????	Al Madina-tul-Ilmiyah	0	https://data2.dawateislami.net/Data/Books/Read/ur/2006/158/bt158.jpg	https://data2.dawateislami.net/Data/Books/Download/ur/pdf/2006/158-1.pdf?fn=mufti-e-dawateislami		
????? ??? ?? ?????	Imam-e-Ahl-e-Sunnat Ahmad Raza Khan	186	https://data2.dawateislami.net/Data/Books/Read/ur/2006/157/bt157.jpg	https://data2.dawateislami.net/Data/Books/Download/ur/pdf/2006/157-1.pdf?fn=currency-note-kay-masail		
??? ?? ?????	Al Madina-tul-Ilmiyah	50	https://data2.dawateislami.net/Data/Books/Read/ur/2008/156/bt156.jpg	https://data2.dawateislami.net/Data/Books/Download/ur/pdf/2008/156-1.pdf?fn=ushar-kay-ahkam		
??? ??? ?? ???? ???? ?????	Al Madina-tul-Ilmiyah	0	https://data2.dawateislami.net/Data/Books/Read/ur/2006/154/bt154.jpg	https://data2.dawateislami.net/Data/Books/Download/ur/pdf/2006/154-1.pdf?fn=jannat-main-lay-janay-walay-aamal		
????? ???? ???? (???? ???)	Al Madina-tul-Ilmiyah	81	https://data2.dawateislami.net/Data/Books/Read/ur/2006/152/bt152.jpg	https://data2.dawateislami.net/Data/Books/Download/ur/pdf/2006/152-1.pdf?fn=aadab-e-murshid-e-kamil-mukammal-5-hissay		
??? ?????	Al Madina-tul-Ilmiyah	164	https://data2.dawateislami.net/Data/Books/Read/ur/2006/151/bt151.jpg	https://data2.dawateislami.net/Data/Books/Download/ur/pdf/2006/151-1.pdf?fn=fikr-e-madina-ma-41-hikayaat-e-attaria		
?????? ????? ? ?????	Al Madina-tul-Ilmiyah	210	https://data2.dawateislami.net/Data/Books/Read/ur/2006/149/bt149.jpg	https://data2.dawateislami.net/Data/Books/Download/ur/pdf/2006/149-1.pdf?fn=guldasta-e-aqaid-o-amaal		
???? ?? ?????? ? ??????	Al Madina-tul-Ilmiyah	132	https://data2.dawateislami.net/Data/Books/Read/ur/2006/148/bt148.jpg	https://data2.dawateislami.net/Data/Books/Download/ur/pdf/2006/148-1.pdf?fn=toba-ki-riwayaat-o-hikayaat		
?????? ????? ????	Al Madina-tul-Ilmiyah	51	https://data2.dawateislami.net/Data/Books/Read/ur/2006/145/bt145.jpg	https://data2.dawateislami.net/Data/Books/Download/ur/pdf/2006/145-1.pdf?fn=kamyab-ustad-kaun		
??????? ?????	Al Madina-tul-Ilmiyah	19	https://data2.dawateislami.net/Data/Books/Read/ur/2006/144/bt144.jpg	https://data2.dawateislami.net/Data/Books/Download/ur/pdf/2006/144-1.pdf?fn=tareefat-e-nahviya		
???? ??? ???? ???? ?? ?????	Al Madina-tul-Ilmiyah	47	https://data2.dawateislami.net/Data/Books/Read/ur/2006/143/bt143.jpg	https://data2.dawateislami.net/Data/Books/Download/ur/pdf/2006/143-1.pdf?fn=namaz-main-luqma-dainay-kay-masail		
?????? ???? ????	Al Madina-tul-Ilmiyah	15	https://data2.dawateislami.net/Data/Books/Read/ur/2006/141/bt141.jpg	https://data2.dawateislami.net/Data/Books/Download/ur/pdf/2006/141-1.pdf?fn=singhon-wali-dulhan		
?? ?? ??? ????	Al Madina-tul-Ilmiyah	32	https://data2.dawateislami.net/Data/Books/Read/ur/2006/136/bt136.jpg	https://data2.dawateislami.net/Data/Books/Download/ur/pdf/2006/136-1.pdf?fn=tv-aur-movie		
???? ?????? ?? ?? ?? ?? ???? ??? ??????	Others	0	https://data2.dawateislami.net/Data/Books/Read/ur/2005/134/bt134.jpg	https://data2.dawateislami.net/Data/Books/Download/ur/pdf/2005/134-1.pdf?fn=ameer-e-ahlesunnat-kay-tv-kay-baray-main-tassurat		
????? ??? ????	Markazi Majlis-e-Shoora	50	https://data2.dawateislami.net/Data/Books/Read/ur/2005/133/bt133.jpg	https://data2.dawateislami.net/Data/Books/Download/ur/pdf/2005/133-1.pdf?fn=ehsaas-e-zimmedari		
?????? ??????	Al Madina-tul-Ilmiyah	36	https://data2.dawateislami.net/Data/Books/Read/ur/2005/132/bt132.jpg	https://data2.dawateislami.net/Data/Books/Download/ur/pdf/2005/132-1.pdf?fn=shahrah-e-auliya		
?????? ?? ????? ???? ?????	Al Madina-tul-Ilmiyah	32	https://data2.dawateislami.net/Data/Books/Read/ur/2005/131/bt131.jpg	https://data2.dawateislami.net/Data/Books/Download/ur/pdf/2005/131-1.pdf?fn=imtihan-ki-tayyari-kaisay-karain		
???? ???????	Al Madina-tul-Ilmiyah	19	https://data2.dawateislami.net/Data/Books/Read/ur/2005/129/bt129.jpg	https://data2.dawateislami.net/Data/Books/Download/ur/pdf/2005/129-1.pdf?fn=kitab-ul-aqiad		
????? ??? ??? ???? ?????	Al Madina-tul-Ilmiyah	0	https://data2.dawateislami.net/Data/Books/Read/ur/2005/127/bt127.jpg	https://data2.dawateislami.net/Data/Books/Download/ur/pdf/2005/127-1.pdf?fn=eid-main-galey-milna-kaisa		
??? ??? ?????	Al Madina-tul-Ilmiyah	160	https://data2.dawateislami.net/Data/Books/Read/ur/2005/123/bt123.jpg	https://data2.dawateislami.net/Data/Books/Download/ur/pdf/2005/123-1.pdf?fn=khof-e-khuda		
??? ??? ?? ???? ????? ???	Ameer-e-Ahl-e-Sunnat	80	https://data2.dawateislami.net/Data/Books/Read/ur/2005/122/bt122.jpg	https://data2.dawateislami.net/Data/Books/Download/ur/pdf/2005/122-1.pdf?fn=khud-kushi-ka-ilaj		
????? ??? ?????	Maktaba-tul-Madina	21	https://data2.dawateislami.net/Data/Books/Read/ur/2005/120/bt120.jpg	https://data2.dawateislami.net/Data/Books/Download/ur/pdf/2005/120-1.pdf?fn=attari-hon-attari		
??? ??? ????? ??? ??? ???? ?? ?????	Al Madina-tul-Ilmiyah	40	https://data2.dawateislami.net/Data/Books/Read/ur/2005/119/bt119.jpg	https://data2.dawateislami.net/Data/Books/Download/ur/pdf/2005/119-1.pdf?fn=rah-e-khuda-main-kharch-karnay-kay-fazail		
?????? ???? ?? ???? ?? ???????	Al Madina-tul-Ilmiyah	0	https://data2.dawateislami.net/Data/Books/Read/ur/2005/118/bt118.jpg	https://data2.dawateislami.net/Data/Books/Download/ur/pdf/2005/118-1.pdf?fn=shahzada-e-attar-ki-shadi-ki-jhalkiyan		
?????? ?????	Al Madina-tul-Ilmiyah	0	https://data2.dawateislami.net/Data/Books/Read/ur/2005/115/bt115.jpg	https://data2.dawateislami.net/Data/Books/Download/ur/pdf/2005/115-1.pdf?fn=bhayanak-hadsa		
??????? ???	Al Madina-tul-Ilmiyah	0	https://data2.dawateislami.net/Data/Books/Read/ur/2005/112/bt112.jpg	https://data2.dawateislami.net/Data/Books/Download/ur/pdf/2005/112-1.pdf?fn=pur-asrar-kutta		
?????? ???	Al Madina-tul-Ilmiyah	30	https://data2.dawateislami.net/Data/Books/Read/ur/2005/111/bt111.jpg	https://data2.dawateislami.net/Data/Books/Download/ur/pdf/2005/111-1.pdf?fn=khofnak-bala		
???? ?? ?????	Al Madina-tul-Ilmiyah	67	https://data2.dawateislami.net/Data/Books/Read/ur/2005/110/bt110.jpg	https://data2.dawateislami.net/Data/Books/Download/ur/pdf/2005/110-1.pdf?fn=betay-ko-nasihat		
??????? ?? ????? ??? ?? ?? ??	Al Madina-tul-Ilmiyah	33	https://data2.dawateislami.net/Data/Books/Read/ur/2006/109/bt109.jpg	https://data2.dawateislami.net/Data/Books/Download/ur/pdf/2006/109-1.pdf?fn=tangdasti-kay-asbab-aur-in-ka-hal		
???? ???? ? ????	Ameer-e-Ahl-e-Sunnat	16	https://data2.dawateislami.net/Data/Books/Read/ur/2004/107/bt107.jpg	https://data2.dawateislami.net/Data/Books/Download/ur/pdf/2004/107-1.pdf?fn=zia-e-durood-o-salam		
???? ?????? ?????? ??????	Al Madina-tul-Ilmiyah	0	https://data2.dawateislami.net/Data/Books/Read/ur/2004/105/bt105.jpg	https://data2.dawateislami.net/Data/Books/Download/ur/pdf/2004/105-1.pdf?fn=kafir-khandan-ka-qabool-e-islam		
??? ???? ??? ??????	Ameer-e-Ahl-e-Sunnat	24	https://data2.dawateislami.net/Data/Books/Read/ur/2012/104/bt104.jpg	https://data2.dawateislami.net/Data/Books/Download/ur/pdf/2012/104-1.pdf?fn=naat-khuwan-aur-nazrana		
???? ????? ???? ??? ???? ??? ??? ????	Al Madina-tul-Ilmiyah	0	https://data2.dawateislami.net/Data/Books/Read/ur/2004/103/bt103.jpg	https://data2.dawateislami.net/Data/Books/Download/ur/pdf/2004/103-1.pdf?fn=hayat-e-ala-hazrat		
???? ????	Others	0	https://data2.dawateislami.net/Data/Books/Read/ur/2004/102/bt102.jpg	https://data2.dawateislami.net/Data/Books/Download/ur/pdf/2004/102-1.pdf?fn=madani-tohfa		
??? ????	Mufti Ahmad yar khan Naeemi	390	https://data2.dawateislami.net/Data/Books/Read/ur/2004/101/bt101.jpg	https://data2.dawateislami.net/Data/Books/Download/ur/pdf/2004/101-1.pdf?fn=ja-al-haq		
??? ??? ?? ???? ??????	Ameer-e-Ahl-e-Sunnat	45	https://data2.dawateislami.net/Data/Books/Read/ur/2012/99/bt99.jpg	https://data2.dawateislami.net/Data/Books/Download/ur/pdf/2012/99-1.pdf?fn=qom-e-loot-ki-tabahkariyan		
????? ?? ??????	Ameer-e-Ahl-e-Sunnat	34	https://data2.dawateislami.net/Data/Books/Read/ur/2004/95/bt95.jpg	https://data2.dawateislami.net/Data/Books/Download/ur/pdf/2004/95-1.pdf?fn=qayamat-ka-imtihan		
?? ????? ???? ?? ????	Al Madina-tul-Ilmiyah	0	https://data2.dawateislami.net/Data/Books/Read/ur/2004/92/bt92.jpg	https://data2.dawateislami.net/Data/Books/Download/ur/pdf/2004/92-1.pdf?fn=dum-tortay-mareez-ko-shifa		
??? ???? ?? ????	Ameer-e-Ahl-e-Sunnat	24	https://data2.dawateislami.net/Data/Books/Read/ur/2004/91/bt91.jpg	https://data2.dawateislami.net/Data/Books/Download/ur/pdf/2004/91-1.pdf?fn=naik-bannay-ka-nuskha		
??? ??? ?????	Ameer-e-Ahl-e-Sunnat	24	https://data2.dawateislami.net/Data/Books/Read/ur/2004/88/bt88.jpg	https://data2.dawateislami.net/Data/Books/Download/ur/pdf/2004/88-1.pdf?fn=wudu-aur-science		
??? ? ?????	Raees-ul-Tahrer Allama Arshad-ul-Qadri	146	https://data2.dawateislami.net/Data/Books/Read/ur/2004/85/bt85.jpg	https://data2.dawateislami.net/Data/Books/Download/ur/pdf/2004/85-1.pdf?fn=zulf-o-zanjeer		
?????? ????? ??? ???? ?????? ????	Al Madina-tul-Ilmiyah	346	https://data2.dawateislami.net/Data/Books/Read/ur/2003/83/bt83.jpg	https://data2.dawateislami.net/Data/Books/Download/ur/pdf/2003/83-1.pdf?fn=karamaat-e-sahaba		
??? ?????? ????? ???	Ameer-e-Ahl-e-Sunnat	40	https://data2.dawateislami.net/Data/Books/Read/ur/2003/82/bt82.jpg	https://data2.dawateislami.net/Data/Books/Download/ur/pdf/2003/82-1.pdf?fn=main-sudharna-chahta-hon		
???? ?? ?????	Others	0	https://data2.dawateislami.net/Data/Books/Read/ur/2003/81/bt81.jpg	https://data2.dawateislami.net/Data/Books/Download/ur/pdf/2003/81-1.pdf?fn=shabab-ya-jawani		
???? ????? ?????	Al Madina-tul-Ilmiyah	32	https://data2.dawateislami.net/Data/Books/Read/ur/2012/79/bt79.jpg	https://data2.dawateislami.net/Data/Books/Download/ur/pdf/2012/79-1.pdf?fn=herat-angez-hadsa		
???????? ?? ?????	Ameer-e-Ahl-e-Sunnat	27	https://data2.dawateislami.net/Data/Books/Read/ur/2003/43/bt43.jpg	https://data2.dawateislami.net/Data/Books/Download/ur/pdf/2003/43-1.pdf?fn=badshahon-ki-haddiyan		
????? ?? ?? ???	Ameer-e-Ahl-e-Sunnat	0	https://data2.dawateislami.net/Data/Books/Read/ur/2015/42/bt42.jpg	https://data2.dawateislami.net/Data/Books/Download/ur/pdf/2015/42-1.pdf?fn=murday-ki-baybasi		
????????? ????	Ameer-e-Ahl-e-Sunnat	36	https://data2.dawateislami.net/Data/Books/Read/ur/2015/41/bt41.jpg	https://data2.dawateislami.net/Data/Books/Download/ur/pdf/2015/41-1.pdf?fn=ihtiram-e-muslim		
????? ??????	Ameer-e-Ahl-e-Sunnat	28	https://data2.dawateislami.net/Data/Books/Read/ur/2003/39/bt39.jpg	https://data2.dawateislami.net/Data/Books/Download/ur/pdf/2003/39-1.pdf?fn=qabar-ka-imtihan		
???? ????	Ameer-e-Ahl-e-Sunnat	22	https://data2.dawateislami.net/Data/Books/Read/ur/2006/38/bt38.jpg	https://data2.dawateislami.net/Data/Books/Download/ur/pdf/2006/38-1.pdf?fn=zakhmi-sanp		
???? ?? ??????	Ameer-e-Ahl-e-Sunnat	9	https://data2.dawateislami.net/Data/Books/Read/ur/2003/37/bt37.jpg	https://data2.dawateislami.net/Data/Books/Download/ur/pdf/2003/37-1.pdf?fn=jinnat-ka-badshah		
????	Ameer-e-Ahl-e-Sunnat	25	https://data2.dawateislami.net/Data/Books/Read/ur/2003/36/bt36.jpg	https://data2.dawateislami.net/Data/Books/Download/ur/pdf/2003/36-1.pdf?fn=ghaflat		
?? ?? ?? ???? ??????	Ameer-e-Ahl-e-Sunnat	32	https://data2.dawateislami.net/Data/Books/Read/ur/2007/35/bt35.jpg	https://data2.dawateislami.net/Data/Books/Download/ur/pdf/2007/35-1.pdf?fn=tv-ki-tabah-kariyan		
63 ??? ?????	Al Madina-tul-Ilmiyah	25	https://data2.dawateislami.net/Data/Books/Read/ur/2006/30/bt30.jpg	https://data2.dawateislami.net/Data/Books/Download/ur/pdf/2006/30-1.pdf?fn=63-naik-amaal		
72 ??? ?????	Al Madina-tul-Ilmiyah	26	https://data2.dawateislami.net/Data/Books/Read/ur/2006/29/bt29.jpg	https://data2.dawateislami.net/Data/Books/Download/ur/pdf/2006/29-1.pdf?fn=72-naik-amal		
??? ?? ????	Ameer-e-Ahl-e-Sunnat	36	https://data2.dawateislami.net/Data/Books/Read/ur/2007/28/bt28.jpg	https://data2.dawateislami.net/Data/Books/Download/ur/pdf/2007/28-1.pdf?fn=ghussay-ka-ilaj		
?????? ????? ??? ??????	Ameer-e-Ahl-e-Sunnat	26	https://data2.dawateislami.net/Data/Books/Read/ur/2006/27/bt27.jpg	https://data2.dawateislami.net/Data/Books/Download/ur/pdf/2006/27-1.pdf?fn=masjidain-khushboodar-rakhain		
???? ????? 	Ameer-e-Ahl-e-Sunnat	2	https://data2.dawateislami.net/Data/Books/Read/ur/2015/26/bt26.jpg	https://data2.dawateislami.net/Data/Books/Download/ur/pdf/2015/26-1.pdf?fn=kabab-samosay	https://data2.dawateislami.net/download/islam/ur/mp3/2018/55153.mp3	https://data2.dawateislami.net/download/islam/ur/mp3/2018/55153.mp3?fn=%DA%A9%D8%A8%D8%A7%D8%A8%20%D8%B3%D9%85%D9%88%D8%B3%DB%92%20.mp3
??? ???? ??? ?????	Ameer-e-Ahl-e-Sunnat	24	https://data2.dawateislami.net/Data/Books/Read/ur/2006/25/bt25.jpg	https://data2.dawateislami.net/Data/Books/Download/ur/pdf/2006/25-1.pdf?fn=zikr-wali-naat-khwani		
???? ????? ?? ????? ?? 50 ???? ????	Ameer-e-Ahl-e-Sunnat	24	https://data2.dawateislami.net/Data/Books/Read/ur/2006/24/bt24.jpg	https://data2.dawateislami.net/Data/Books/Download/ur/pdf/2006/24-1.pdf?fn=halal-tariqay-say-kamanay		
??? ?? ?????	Ameer-e-Ahl-e-Sunnat	26	https://data2.dawateislami.net/Data/Books/Read/ur/2002/23/bt23.jpg	https://data2.dawateislami.net/Data/Books/Download/ur/pdf/2002/23-1.pdf?fn=kafan-ki-wapsi		
???? ?? ?????	Ameer-e-Ahl-e-Sunnat	522	https://data2.dawateislami.net/Data/Books/Read/ur/2006/20/bt20.jpg	https://data2.dawateislami.net/Data/Books/Download/ur/pdf/2006/20-1.pdf?fn=namaz-kay-ahkam		
???? ????? ????	Ameer-e-Ahl-e-Sunnat	16	https://data2.dawateislami.net/Data/Books/Read/ur/2006/18/bt18.jpg	https://data2.dawateislami.net/Data/Books/Download/ur/pdf/2006/18-1.pdf?fn=ablaq-ghorey-suwar	https://data2.dawateislami.net/download/islam/ur/mp3/2019/68651.mp3	https://data2.dawateislami.net/download/islam/ur/mp3/2019/68651.mp3?fn=%D8%A7%D8%A8%D9%84%D9%82%20%DA%AF%DA%BE%D9%88%DA%91%DB%92%20%D8%B3%D9%88%D8%A7%D8%B1.mp3
???? ?? ???	Ameer-e-Ahl-e-Sunnat	20	https://data2.dawateislami.net/Data/Books/Read/ur/2012/17/bt17.jpg	https://data2.dawateislami.net/Data/Books/Download/ur/pdf/2012/17-1.pdf?fn=munnay-ki-lash		
???? ?? ????	Ameer-e-Ahl-e-Sunnat	37	https://data2.dawateislami.net/Data/Books/Read/ur/2005/16/bt16.jpg	https://data2.dawateislami.net/Data/Books/Download/ur/pdf/2005/16-1.pdf?fn=murday-kay-sadmay		
?????? ???? ???? ??? ??? ???? ???? ?????? ????	Ameer-e-Ahl-e-Sunnat	8	https://data2.dawateislami.net/Data/Books/Read/ur/2002/14/bt14.jpg	https://data2.dawateislami.net/Data/Books/Download/ur/pdf/2002/14-1.pdf?fn=tazkira-e-imam-ahmad-raza	https://data2.dawateislami.net/download/islam/ur/mp3/2017/50764.mp3	https://data2.dawateislami.net/download/islam/ur/mp3/2017/50764.mp3?fn=%D8%AA%D8%B0%DA%A9%D8%B1%DB%81%D9%94%20%D8%A7%D9%85%D8%A7%D9%85%20%D8%A7%D8%AD%D9%85%D8%AF%20%D8%B1%D8%B6%D8%A7%20%D8%AE%D8%A7%D9%86%20%D8%B1%D8%AD%D9%85%DB%83%20%D8%A7%D9%84%D9%84%DB%81%20%D8%AA%D8%B9%D8%A7%D9%84%DB%8C%D9%B0%20%D8%B9%D9%84%DB%8C%DB%81.mp3
??? ??? ?? ???	Ameer-e-Ahl-e-Sunnat	26	https://data2.dawateislami.net/Data/Books/Read/ur/2002/11/bt11.jpg	https://data2.dawateislami.net/Data/Books/Download/ur/pdf/2002/11-1.pdf?fn=abu-jahal-ki-maut		
40 ?????? ???? ?? ??? ????	Ameer-e-Ahl-e-Sunnat	18	https://data2.dawateislami.net/Data/Books/Read/ur/2004/9/bt9.jpg	https://data2.dawateislami.net/Data/Books/Download/ur/pdf/2004/9-1.pdf?fn=40-rohani-ilaj		
??? ??????	Ameer-e-Ahl-e-Sunnat	37	https://data2.dawateislami.net/Data/Books/Read/ur/2004/7/bt7.jpg	https://data2.dawateislami.net/Data/Books/Download/ur/pdf/2004/7-1.pdf?fn=subh-e-baharan		
???? ?????? ?? ?????	Markazi Majlis-e-Shoora	89	https://data2.dawateislami.net/Data/Books/Read/ur/2004/6/bt6.jpg	https://data2.dawateislami.net/Data/Books/Download/ur/pdf/2004/6-1.pdf?fn=dawateislami-ka-taruf		
????? ???	Ameer-e-Ahl-e-Sunnat	25	https://data2.dawateislami.net/Data/Books/Read/ur/2004/5/bt5.jpg	https://data2.dawateislami.net/Data/Books/Download/ur/pdf/2004/5-1.pdf?fn=weeran-mehel		
???? ???? ????	Ameer-e-Ahl-e-Sunnat	18	https://data2.dawateislami.net/Data/Books/Read/ur/2004/4/bt4.jpg	https://data2.dawateislami.net/Data/Books/Download/ur/pdf/2004/4-1.pdf?fn=madani-wasiyat-nama		
???? ??? ??	Ameer-e-Ahl-e-Sunnat	28	https://data2.dawateislami.net/Data/Books/Read/ur/2004/3/bt3.jpg	https://data2.dawateislami.net/Data/Books/Download/ur/pdf/2004/3-1.pdf?fn=sanp-numa-jin		
??? ?? ??????	Ameer-e-Ahl-e-Sunnat	4	https://data2.dawateislami.net/Data/Books/Read/ur/2004/2/bt2.jpg	https://data2.dawateislami.net/Data/Books/Download/ur/pdf/2004/2-1.pdf?fn=nehar-ki-sadain	https://data2.dawateislami.net/download/islam/ur/mp3/2019/65628.mp3	https://data2.dawateislami.net/download/islam/ur/mp3/2019/65628.mp3?fn=%D9%86%DB%81%D8%B1%20%DA%A9%DB%8C%20%D8%B5%D8%AF%D8%A7%D8%A6%DB%8C%DA%BA.mp3
?????? ?? ???? ??? ???? ????	Ameer-e-Ahl-e-Sunnat	19	https://data2.dawateislami.net/Data/Books/Read/ur/2019/1893/bt1893.jpg	https://data2.dawateislami.net/Data/Books/Download/ur/pdf/2019/1893-1.pdf?fn=dawaton-kay-baray-mein-sawal-jawab		
???? ?? ?? ???? ?? ???? ??? ????? 	Al Madina-tul-Ilmiyah	26	https://data2.dawateislami.net/Data/Books/Read/ur/2019/1892/bt1892.jpg	https://data2.dawateislami.net/Data/Books/Download/ur/pdf/2019/1892-1.pdf?fn=barish-kay-har-katray-kay-sath-aik-firishta		
??? ????? ?? ???? ??? ???????	Al Madina-tul-Ilmiyah	37	https://data2.dawateislami.net/Data/Books/Read/ur/2019/1891/bt1891.jpg	https://data2.dawateislami.net/Data/Books/Download/ur/pdf/2019/1891-1.pdf?fn=kia-barish-kay-pani-mein-shifa-hay		
???????? ??????? ??? ???? ??????? ????? ????	Al Madina-tul-Ilmiyah	58	https://data2.dawateislami.net/Data/Books/Read/ur/2019/1889/bt1889.jpg	https://data2.dawateislami.net/Data/Books/Download/ur/pdf/2019/1889-1.pdf?fn=sahabiyat-o-salihat-aur-rah-e-khuda		
???????? ??????? ??? ?????	Al Madina-tul-Ilmiyah	110	https://data2.dawateislami.net/Data/Books/Read/ur/2019/1888/bt1888.jpg	https://data2.dawateislami.net/Data/Books/Download/ur/pdf/2019/1888-1.pdf?fn=sahabiyat-o-salihat-aur-sabar		
??????? ????? ????? ?????- ????? 2019 - ???? ??????-1441	Al Madina-tul-Ilmiyah	68	https://data2.dawateislami.net/Data/Books/Read/ur/2019/1887/bt1887.jpg	https://data2.dawateislami.net/Data/Books/Download/ur/pdf/2019/1887-1.pdf?fn=mahnama-nov-2019-rabi-ul-awwal-1441		
(?????? ????? ?? ??????? (??????2019 - ??? ??????-1441	Al Madina-tul-Ilmiyah	27	https://data2.dawateislami.net/Data/Books/Read/ur/2019/1886/bt1886.jpg	https://data2.dawateislami.net/Data/Books/Download/ur/pdf/2019/1886-1.pdf?fn=mahnama-oct-2019-safar-1441-islami-behnon		
????? ????	Ameer-e-Ahl-e-Sunnat	609	https://data2.dawateislami.net/Data/Books/Read/ur/2019/1885/bt1885.jpg	https://data2.dawateislami.net/Data/Books/Download/ur/pdf/2019/1885-1.pdf?fn=faizan-namaz		
???????????? ???????? ????	Al Madina-tul-Ilmiyah	34	https://data2.dawateislami.net/Data/Books/Read/ur/2019/1884/bt1884.jpg	https://data2.dawateislami.net/Data/Books/Download/ur/pdf/2019/1884-1.pdf?fn=gharelo-jhagron-ka-rohani-ilaj		
???? ??? ????? ?? ??????	Al Madina-tul-Ilmiyah	25	https://data2.dawateislami.net/Data/Books/Read/ur/2019/1883/bt1883.jpg	https://data2.dawateislami.net/Data/Books/Download/ur/pdf/2019/1883-1.pdf?fn=rozi-mein-barkat-ka-wazifa		
???? ????????????????	Al Madina-tul-Ilmiyah	47	https://data2.dawateislami.net/Data/Books/Read/ur/2019/1881/bt1881.jpg	https://data2.dawateislami.net/Data/Books/Download/ur/pdf/2019/1881-1.pdf?fn=biwi-ko-kasia-hona-chahiye		
(??????????? ?? ????? (????	Others	8	https://data2.dawateislami.net/Data/Books/Read/ur/2019/1879/bt1879.jpg	https://data2.dawateislami.net/Data/Books/Download/ur/pdf/2019/1879-1.pdf?fn=tajheez-o-takfeen-ka-tariqa-card		
??????? ????? ?????-??? ??????1441? ?????- ?????? 2019?	Al Madina-tul-Ilmiyah	68	https://data2.dawateislami.net/Data/Books/Read/ur/2019/1877/bt1877.jpg	https://data2.dawateislami.net/Data/Books/Download/ur/pdf/2019/1877-1.pdf?fn=mahnama-sep-2019-safar-ul-muzafar-1441		
????? ???? ????? ???? ???? ????? ????	Al Madina-tul-Ilmiyah	106	https://data2.dawateislami.net/Data/Books/Read/ur/2019/1873/bt1873.jpg	https://data2.dawateislami.net/Data/Books/Download/ur/pdf/2019/1873-1.pdf?fn=faizan-imam-gazali		
??????????? ???? ?????	Al Madina-tul-Ilmiyah	30	https://data2.dawateislami.net/Data/Books/Read/ur/2019/1872/bt1872.jpg	https://data2.dawateislami.net/Data/Books/Download/ur/pdf/2019/1872-1.pdf?fn=samnay-say-kaali-billi-guzarna		
(?????? ????? ?? ??????? (?????2019 /???? ? ????? 1441	Al Madina-tul-Ilmiyah	33	https://data2.dawateislami.net/Data/Books/Read/ur/2019/1871/bt1871.jpg	https://data2.dawateislami.net/Data/Books/Download/ur/pdf/2019/1871-1.pdf?fn=mahnama-sep-2019-muharram-1441-islami-behno		
????????? ?????????? ????? (???:?)	Al Madina-tul-Ilmiyah	543	https://data2.dawateislami.net/Data/Books/Read/ur/2019/1870/bt1870.jpg	https://data2.dawateislami.net/Data/Books/Download/ur/pdf/2019/1870-1.pdf?fn=malfuzat-ameer-e-ahlesunnat-jild-01		
?????? ???????????? ??????	Al Madina-tul-Ilmiyah	26	https://data2.dawateislami.net/Data/Books/Read/ur/2019/1869/bt1869.jpg	https://data2.dawateislami.net/Data/Books/Download/ur/pdf/2019/1869-1.pdf?fn=islaah-karnay-ka-drust-andaaz		
??????? ????? ??????????????	Al Madina-tul-Ilmiyah	28	https://data2.dawateislami.net/Data/Books/Read/ur/2019/1867/bt1867.jpg	https://data2.dawateislami.net/Data/Books/Download/ur/pdf/2019/1867-1.pdf?fn=kia-imam-mehdi-peda-ho-chukay-hain		
???? ????? ???? ????	Mufti Ali Asghar	78	https://data2.dawateislami.net/Data/Books/Read/ur/2019/1868/bt1868.jpg	https://data2.dawateislami.net/Data/Books/Download/ur/pdf/2019/1868-1.pdf?fn=nikah-ke-liye-haram-rishtay		
??????? ????? ?? ?????? ??????	Al Madina-tul-Ilmiyah	221	https://data2.dawateislami.net/Data/Books/Read/ur/2019/1855/bt1855.jpg	https://data2.dawateislami.net/Data/Books/Download/ur/pdf/2019/1855-1.pdf?fn=arakeen-e-shura-ki-madani-baharain		
?????????????? ???? ???????????	Al Madina-tul-Ilmiyah	24	https://data2.dawateislami.net/Data/Books/Read/ur/2019/1866/bt1866.jpg	https://data2.dawateislami.net/Data/Books/Download/ur/pdf/2019/1866-1.pdf?fn=apna-badla-waldain-ko-hajj-krwana-kasia		
?????? ??? ??? ??????????? ??????????	Al Madina-tul-Ilmiyah	31	https://data2.dawateislami.net/Data/Books/Read/ur/2019/1865/bt1865.jpg	https://data2.dawateislami.net/Data/Books/Download/ur/pdf/2019/1865-1.pdf?fn=jahannam-mein-kon-say-pathar-jayengay-aur-kyun		
????? ????? ???? ???? ??? ?????	Al Madina-tul-Ilmiyah	27	https://data2.dawateislami.net/Data/Books/Read/ur/2019/1864/bt1864.jpg	https://data2.dawateislami.net/Data/Books/Download/ur/pdf/2019/1864-1.pdf?fn=machli-ko-zibah-kyun-nahi-kia-jata		
(?????? ?????? (???:?	Al Madina-tul-Ilmiyah	433	https://data2.dawateislami.net/Data/Books/Read/ur/2019/1863/bt1863.jpg	https://data2.dawateislami.net/Data/Books/Download/ur/pdf/2019/1863-1.pdf?fn=islami-bayanaat-jild-1		
(?????? ????? ?? ??????? (????2019 /????? 1440	Al Madina-tul-Ilmiyah	22	https://data2.dawateislami.net/Data/Books/Read/ur/2019/1862/bt1862.jpg	https://data2.dawateislami.net/Data/Books/Download/ur/pdf/2019/1862-1.pdf?fn=mahnama-august-2019-zil-hajj-1440-islami-behno		
??????? ????? ?????- ???? ? ?????1441? ???? - ?????2019?	Al Madina-tul-Ilmiyah	68	https://data2.dawateislami.net/Data/Books/Read/ur/2019/1861/bt1861.jpg	https://data2.dawateislami.net/Data/Books/Download/ur/pdf/2019/1861-1.pdf?fn=mahnama-august-2019-muhrram-ul-haram-1441		
??? ??????? ??? ????? ????	Al Madina-tul-Ilmiyah	26	https://data2.dawateislami.net/Data/Books/Read/ur/2019/1858/bt1858.jpg	https://data2.dawateislami.net/Data/Books/Download/ur/pdf/2019/1858-1.pdf?fn=kia-jinnaat-ghaib-jantay-hain		
?? ?????? ?? ?? ?? ???? ??? ??? ??	Al Madina-tul-Ilmiyah	24	https://data2.dawateislami.net/Data/Books/Read/ur/2019/1857/bt1857.jpg	https://data2.dawateislami.net/Data/Books/Download/ur/pdf/2019/1857-1.pdf?fn=yeh-masla-to-hum-nay-pehli-baar-suna-hai		
??? ????? ???? ?? ????? ??? ???	Al Madina-tul-Ilmiyah	17	https://data2.dawateislami.net/Data/Books/Read/ur/2019/1856/bt1856.jpg	https://data2.dawateislami.net/Data/Books/Download/ur/pdf/2019/1856-1.pdf?fn=kia-kawwa-bolay-to-musibat-aati-hai		
????? ??	Mufti Ali Asghar	59	https://data2.dawateislami.net/Data/Books/Read/ur/2019/1854/bt1854.jpg	https://data2.dawateislami.net/Data/Books/Download/ur/pdf/2019/1854-1.pdf?fn=aasan-hajj		
????? ?????? ???? ???? (???:?)	Al Madina-tul-Ilmiyah	246	https://data2.dawateislami.net/Data/Books/Read/ur/2019/1853/bt1853.jpg	https://data2.dawateislami.net/Data/Books/Download/ur/pdf/2019/1853-1.pdf?fn=mukhtasar-fatawa-ahlesunnat		
(?????? ????? ?? ??????? (??????2019 /???????? 1440	Al Madina-tul-Ilmiyah	21	https://data2.dawateislami.net/Data/Books/Read/ur/2019/1852/bt1852.jpg	https://data2.dawateislami.net/Data/Books/Download/ur/pdf/2019/1852-1.pdf?fn=mahnama-july-2019-zil-qadh-1440-islami-behno		
??????? ????? ????? ??????-????-2019?- ????? 1440?	Al Madina-tul-Ilmiyah	68	https://data2.dawateislami.net/Data/Books/Read/ur/2019/1851/bt1851.jpg	https://data2.dawateislami.net/Data/Books/Download/ur/pdf/2019/1851-1.pdf?fn=mahnama-july-2019-zil-hajj-1440		
????? ?????? ?? ??? ?? ??? ?? ???? ??????	Al Madina-tul-Ilmiyah	23	https://data2.dawateislami.net/Data/Books/Read/ur/2019/1849/bt1849.jpg	https://data2.dawateislami.net/Data/Books/Download/ur/pdf/2019/1849-1.pdf?fn=namaz-e-jumma-na-milay-to-kon-si-namaz-parheen		
(?????? ????? ?? ??????? (???2019 / ???? ?????? 1440	Al Madina-tul-Ilmiyah	22	https://data2.dawateislami.net/Data/Books/Read/ur/2019/1850/bt1850.jpg	https://data2.dawateislami.net/Data/Books/Download/ur/pdf/2019/1850-1.pdf?fn=mahnama-june-2019-shawwal-1440-islami-behno		
??????? ????? ????? ???-??????-2019?- ???????? 1440?	Al Madina-tul-Ilmiyah	68	https://data2.dawateislami.net/Data/Books/Read/ur/2019/1848/bt1848.jpg	https://data2.dawateislami.net/Data/Books/Download/ur/pdf/2019/1848-1.pdf?fn=mahnama-june-2019-zil-qadh-1440		
??????? ???????????????? ????????	Al Madina-tul-Ilmiyah	18	https://data2.dawateislami.net/Data/Books/Read/ur/2019/1846/bt1846.jpg	https://data2.dawateislami.net/Data/Books/Download/ur/pdf/2019/1846-1.pdf?fn=kia-bachon-ko-itar-laganay-say-jinn-chimattay-hain		
???? ???? ????????? ??? ?????? ????????	Al Madina-tul-Ilmiyah	17	https://data2.dawateislami.net/Data/Books/Read/ur/2019/1845/bt1845.jpg	https://data2.dawateislami.net/Data/Books/Download/ur/pdf/2019/1845-1.pdf?fn=munkar-nakeer-kay-suwalat-main-asani-ka-wazifa		
??????? ?????????? ???? ?????	Al Madina-tul-Ilmiyah	26	https://data2.dawateislami.net/Data/Books/Read/ur/2019/1844/bt1844.jpg	https://data2.dawateislami.net/Data/Books/Download/ur/pdf/2019/1844-1.pdf?fn=jinnaat-ko-bura-bhala-kehna-kaisa		
????? ????? ??????? ???? ????	Al Madina-tul-Ilmiyah	26	https://data2.dawateislami.net/Data/Books/Read/ur/2019/1843/bt1843.jpg	https://data2.dawateislami.net/Data/Books/Download/ur/pdf/2019/1843-1.pdf?fn=kia-ab-sharafat-ka-zamana-nahi-raha		
(?????? ????? ?? ??????? (???2019 - ????? ??????? 1440 	Al Madina-tul-Ilmiyah	28	https://data2.dawateislami.net/Data/Books/Read/ur/2019/1842/bt1842.jpg	https://data2.dawateislami.net/Data/Books/Download/ur/pdf/2019/1842-1.pdf?fn=mahnama-may-2019-ramzan-1440-islami-bheno		
??? ?????? ??? ?? ???????	Al Madina-tul-Ilmiyah	43	https://data2.dawateislami.net/Data/Books/Read/ur/2019/1841/bt1841.jpg	https://data2.dawateislami.net/Data/Books/Download/ur/pdf/2019/1841-1.pdf?fn=kia-moseeqi-rooh-ki-ghiza-hai		
??????? ????? ????? ???-?????? 2019- ???? ?????? 1440	Al Madina-tul-Ilmiyah	68	https://data2.dawateislami.net/Data/Books/Read/ur/2019/1840/bt1840.jpg	https://data2.dawateislami.net/Data/Books/Download/ur/pdf/2019/1840-1.pdf?fn=mahnama-june-2019-shawal-ul-mukaram-1440		
?????? ?????? ???????	Al Madina-tul-Ilmiyah	340	https://data2.dawateislami.net/Data/Books/Read/ur/2019/1839/bt1839.jpg	https://data2.dawateislami.net/Data/Books/Download/ur/pdf/2019/1839-1.pdf?fn=islami-mahino-kay-fazail		
????? ?? ??? ???? ?????????????	Al Madina-tul-Ilmiyah	33	https://data2.dawateislami.net/Data/Books/Read/ur/2019/1838/bt1838.jpg	https://data2.dawateislami.net/Data/Books/Download/ur/pdf/2019/1838-1.pdf?fn=ramazan-kay-subh-o-sham-guzarnay-ka-tariqa		
?????? ????? ???????? ??? ????	Al Madina-tul-Ilmiyah	752	https://data2.dawateislami.net/Data/Books/Read/ur/2019/1836/bt1836.jpg	https://data2.dawateislami.net/Data/Books/Download/ur/pdf/2019/1836-1.pdf?fn=faizan-e-riaz-us-saliheen-jild-5		
????? ???????	Al Madina-tul-Ilmiyah	338	https://data2.dawateislami.net/Data/Books/Read/ur/2019/1835/bt1835.jpg	https://data2.dawateislami.net/Data/Books/Download/ur/pdf/2019/1835-1.pdf?fn=dalail-ul-kherait		
??? ??? ??????? ????? ?? ????? ?? ?????? ????? ????	Al Madina-tul-Ilmiyah	19	https://data2.dawateislami.net/Data/Books/Read/ur/2019/1833/bt1833.jpg	https://data2.dawateislami.net/Data/Books/Download/ur/pdf/2019/1833-1.pdf?fn=kia-qabar-par-phool-dalnay-say-murday		
???? ?? ?????? ???????	Ameer-e-Ahl-e-Sunnat	22	https://data2.dawateislami.net/Data/Books/Read/ur/2019/1832/bt1832.jpg	https://data2.dawateislami.net/Data/Books/Download/ur/pdf/2019/1832-1.pdf?fn=rozay-ka-zarori-masail		
